"Category","Brand Name","Brand Slug","Model Name","Model Slug","Variant Storage","Variant RAM","Base Buyout Price (INR)","Popular","Active","Image Link"
"LAPTOP","Acer","acer","Acer Chromebook Series","acer-chromebook-series","Standard","","3899","NO","YES","https://www.cashall.in/api/v1/catalog/image/acer-chromebook-series"
"LAPTOP","Acer","acer","Aspire 3 Series","aspire-3-series","Standard","","8403","NO","YES","https://www.cashall.in/api/v1/catalog/image/aspire-3-series"
"LAPTOP","Acer","acer","Aspire 5 Series","aspire-5-series","Standard","","13877","NO","YES","https://www.cashall.in/api/v1/catalog/image/aspire-5-series"
"LAPTOP","Acer","acer","Aspire 7 Series","aspire-7-series","Standard","","17311","NO","YES","https://www.cashall.in/api/v1/catalog/image/aspire-7-series"
"LAPTOP","Acer","acer","Aspire E Series","aspire-e-series","Standard","","9332","NO","YES","https://www.cashall.in/api/v1/catalog/image/aspire-e-series"
"LAPTOP","Acer","acer","Aspire One Series","aspire-one-series","Standard","","3606","NO","YES","https://www.cashall.in/api/v1/catalog/image/aspire-one-series"
"LAPTOP","Acer","acer","Aspire Series","aspire-series","Standard","","7747","NO","YES","https://www.cashall.in/api/v1/catalog/image/aspire-series"
"LAPTOP","Acer","acer","ConceptD 3 Series","conceptd-3-series","Standard","","26997","NO","YES","https://www.cashall.in/api/v1/catalog/image/conceptd-3-series"
"LAPTOP","Acer","acer","ConceptD 5 Series","conceptd-5-series","Standard","","28573","NO","YES","https://www.cashall.in/api/v1/catalog/image/conceptd-5-series"
"LAPTOP","Acer","acer","ConceptD 7 Series","conceptd-7-series","Standard","","30977","NO","YES","https://www.cashall.in/api/v1/catalog/image/conceptd-7-series"
"LAPTOP","Acer","acer","ConceptD 9 Series","conceptd-9-series","Standard","","32098","NO","YES","https://www.cashall.in/api/v1/catalog/image/conceptd-9-series"
"LAPTOP","Acer","acer","Extensa Series","extensa-series","Standard","","0","NO","YES","https://www.cashall.in/api/v1/catalog/image/extensa-series"
"LAPTOP","Acer","acer","Nitro 5 Series","nitro-5-series","Standard","","15544","NO","YES","https://www.cashall.in/api/v1/catalog/image/nitro-5-series"
"LAPTOP","Acer","acer","Nitro 5 Spin Series","nitro-5-spin-series","Standard","","15251","NO","YES","https://www.cashall.in/api/v1/catalog/image/nitro-5-spin-series"
"LAPTOP","Acer","acer","Nitro 7 Series","nitro-7-series","Standard","","16069","NO","YES","https://www.cashall.in/api/v1/catalog/image/nitro-7-series"
"LAPTOP","Acer","acer","Nitro Spin Series","nitro-spin-series","Standard","","13453","NO","YES","https://www.cashall.in/api/v1/catalog/image/nitro-spin-series"
"LAPTOP","Acer","acer","Other Acer Series","other-acer-series","Standard","","4282","NO","YES","https://www.cashall.in/api/v1/catalog/image/other-acer-series"
"LAPTOP","Acer","acer","Predator 15 Series","predator-15-series","Standard","","17029","NO","YES","https://www.cashall.in/api/v1/catalog/image/predator-15-series"
"LAPTOP","Acer","acer","Predator 17 Series","predator-17-series","Standard","","17887","NO","YES","https://www.cashall.in/api/v1/catalog/image/predator-17-series"
"LAPTOP","Acer","acer","Predator 21x Series","predator-21x-series","Standard","","18847","NO","YES","https://www.cashall.in/api/v1/catalog/image/predator-21x-series"
"LAPTOP","Acer","acer","Predator Helios 300 Series","predator-helios-300-series","Standard","","21139","NO","YES","https://www.cashall.in/api/v1/catalog/image/predator-helios-300-series"
"LAPTOP","Acer","acer","Predator Helios 500 Series","predator-helios-500-series","Standard","","23967","NO","YES","https://www.cashall.in/api/v1/catalog/image/predator-helios-500-series"
"LAPTOP","Acer","acer","Predator Helios 700 Series","predator-helios-700-series","Standard","","28381","NO","YES","https://www.cashall.in/api/v1/catalog/image/predator-helios-700-series"
"LAPTOP","Acer","acer","Predator Series","predator-series","Standard","","14120","NO","YES","https://www.cashall.in/api/v1/catalog/image/predator-series"
"LAPTOP","Acer","acer","Predator Triton 300 Series","predator-triton-300-series","Standard","","18948","NO","YES","https://www.cashall.in/api/v1/catalog/image/predator-triton-300-series"
"LAPTOP","Acer","acer","Predator Triton 500 Series","predator-triton-500-series","Standard","","21341","NO","YES","https://www.cashall.in/api/v1/catalog/image/predator-triton-500-series"
"LAPTOP","Acer","acer","Predator Triton 700 Series","predator-triton-700-series","Standard","","21715","NO","YES","https://www.cashall.in/api/v1/catalog/image/predator-triton-700-series"
"LAPTOP","Acer","acer","Predator Triton 900 Series","predator-triton-900-series","Standard","","24472","NO","YES","https://www.cashall.in/api/v1/catalog/image/predator-triton-900-series"
"LAPTOP","Acer","acer","Spin 1 Series","spin-1-series","Standard","","4282","NO","YES","https://www.cashall.in/api/v1/catalog/image/spin-1-series"
"LAPTOP","Acer","acer","Spin 3 Series","spin-3-series","Standard","","8403","NO","YES","https://www.cashall.in/api/v1/catalog/image/spin-3-series"
"LAPTOP","Acer","acer","Spin 5 Series","spin-5-series","Standard","","9938","NO","YES","https://www.cashall.in/api/v1/catalog/image/spin-5-series"
"LAPTOP","Acer","acer","Spin 7 Series","spin-7-series","Standard","","17412","NO","YES","https://www.cashall.in/api/v1/catalog/image/spin-7-series"
"LAPTOP","Acer","acer","Spin Series","spin-series","Standard","","11181","NO","YES","https://www.cashall.in/api/v1/catalog/image/spin-series"
"LAPTOP","Acer","acer","Swift 3 Series","swift-3-series","Standard","","9262","NO","YES","https://www.cashall.in/api/v1/catalog/image/swift-3-series"
"LAPTOP","Acer","acer","Swift 3x Series","swift-3x-series","Standard","","21725","NO","YES","https://www.cashall.in/api/v1/catalog/image/swift-3x-series"
"LAPTOP","Acer","acer","Swift 5 Series","swift-5-series","Standard","","19806","NO","YES","https://www.cashall.in/api/v1/catalog/image/swift-5-series"
"LAPTOP","Acer","acer","Swift 7 Series","swift-7-series","Standard","","19109","NO","YES","https://www.cashall.in/api/v1/catalog/image/swift-7-series"
"LAPTOP","Acer","acer","Swift Series","swift-series","Standard","","11756","NO","YES","https://www.cashall.in/api/v1/catalog/image/swift-series"
"LAPTOP","Acer","acer","Swift X Series","swift-x-series","Standard","","18372","NO","YES","https://www.cashall.in/api/v1/catalog/image/swift-x-series"
"LAPTOP","Acer","acer","Switch 5 Series","switch-5-series","Standard","","11736","NO","YES","https://www.cashall.in/api/v1/catalog/image/switch-5-series"
"LAPTOP","Acer","acer","Switch Series","switch-series","Standard","","11181","NO","YES","https://www.cashall.in/api/v1/catalog/image/switch-series"
"LAPTOP","Acer","acer","TravelMate P2 Series","travelmate-p2-series","Standard","","15150","NO","YES","https://www.cashall.in/api/v1/catalog/image/travelmate-p2-series"
"LAPTOP","Acer","acer","TravelMate P4 Series","travelmate-p4-series","Standard","","17170","NO","YES","https://www.cashall.in/api/v1/catalog/image/travelmate-p4-series"
"LAPTOP","Acer","acer","TravelMate P6 Series","travelmate-p6-series","Standard","","19190","NO","YES","https://www.cashall.in/api/v1/catalog/image/travelmate-p6-series"
"LAPTOP","Apple","apple","MacBook Air 2018","macbook-air-2018","Standard","","23260","YES","YES","https://www.cashall.in/api/v1/catalog/image/macbook-air-2018"
"LAPTOP","Apple","apple","MacBook Air 2019","macbook-air-2019","Standard","","27018","YES","YES","https://www.cashall.in/api/v1/catalog/image/macbook-air-2019"
"LAPTOP","Apple","apple","MacBook Air 2020","macbook-air-2020","Standard","","36006","YES","YES","https://www.cashall.in/api/v1/catalog/image/macbook-air-2020"
"LAPTOP","Apple","apple","MacBook Air 2022","macbook-air-2022","Standard","","49005","YES","YES","https://www.cashall.in/api/v1/catalog/image/macbook-air-2022"
"LAPTOP","Apple","apple","MacBook Air 2023","macbook-air-2023","Standard","","54894","YES","YES","https://www.cashall.in/api/v1/catalog/image/macbook-air-2023"
"LAPTOP","Apple","apple","MacBook Air 2024","macbook-air-2024","Standard","","60600","YES","YES","https://www.cashall.in/api/v1/catalog/image/macbook-air-2024"
"LAPTOP","Apple","apple","Macbook Air 2025","macbook-air-2025","Standard","","70700","YES","YES","https://www.cashall.in/api/v1/catalog/image/macbook-air-2025"
"LAPTOP","Apple","apple","Macbook Air 2026","macbook-air-2026","Standard","","70700","YES","YES","https://www.cashall.in/api/v1/catalog/image/macbook-air-2026"
"LAPTOP","Apple","apple","MacBook Air Early 2014","macbook-air-early-2014","Standard","","11514","YES","YES","https://www.cashall.in/api/v1/catalog/image/macbook-air-early-2014"
"LAPTOP","Apple","apple","MacBook Air Early 2015","macbook-air-early-2015","Standard","","14655","YES","YES","https://www.cashall.in/api/v1/catalog/image/macbook-air-early-2015"
"LAPTOP","Apple","apple","MacBook Air Mid 2013","macbook-air-mid-2013","Standard","","11514","YES","YES","https://www.cashall.in/api/v1/catalog/image/macbook-air-mid-2013"
"LAPTOP","Apple","apple","MacBook Air Mid 2017","macbook-air-mid-2017","Standard","","17897","YES","YES","https://www.cashall.in/api/v1/catalog/image/macbook-air-mid-2017"
"LAPTOP","Apple","apple","Macbook Neo Series","macbook-neo-series","Standard","","36360","NO","YES","https://www.cashall.in/api/v1/catalog/image/macbook-neo-series"
"LAPTOP","Apple","apple","MacBook Pro (Late 2016, Touch Bar, Four Thunderbolt 3 Ports)","macbook-pro-late-2016-touch-bar-four-thunderbolt-3-ports","Standard","","28139","NO","YES","https://www.cashall.in/api/v1/catalog/image/macbook-pro-late-2016-touch-bar-four-thunderbolt-3-ports"
"LAPTOP","Apple","apple","MacBook Pro (Late 2016, Two Thunderbolt 3 Ports)","macbook-pro-late-2016-two-thunderbolt-3-ports","Standard","","25573","NO","YES","https://www.cashall.in/api/v1/catalog/image/macbook-pro-late-2016-two-thunderbolt-3-ports"
"LAPTOP","Apple","apple","MacBook Pro (Mid-2017, Touch Bar, Four Thunderbolt 3 Ports)","macbook-pro-mid-2017-touch-bar-four-thunderbolt-3-ports","Standard","","28139","NO","YES","https://www.cashall.in/api/v1/catalog/image/macbook-pro-mid-2017-touch-bar-four-thunderbolt-3-ports"
"LAPTOP","Apple","apple","MacBook Pro (Mid-2017, Two Thunderbolt 3 Ports)","macbook-pro-mid-2017-two-thunderbolt-3-ports","Standard","","26432","NO","YES","https://www.cashall.in/api/v1/catalog/image/macbook-pro-mid-2017-two-thunderbolt-3-ports"
"LAPTOP","Apple","apple","MacBook Pro (Mid-2018, Touch Bar, Four Thunderbolt 3 Ports)","macbook-pro-mid-2018-touch-bar-four-thunderbolt-3-ports","Standard","","33249","NO","YES","https://www.cashall.in/api/v1/catalog/image/macbook-pro-mid-2018-touch-bar-four-thunderbolt-3-ports"
"LAPTOP","Apple","apple","MacBook Pro 2019","macbook-pro-2019","Standard","","36431","NO","YES","https://www.cashall.in/api/v1/catalog/image/macbook-pro-2019"
"LAPTOP","Apple","apple","MacBook Pro 2019 (Touch Bar, Four Thunderbolt 3 ports)","macbook-pro-2019-touch-bar-four-thunderbolt-3-ports","Standard","","35804","NO","YES","https://www.cashall.in/api/v1/catalog/image/macbook-pro-2019-touch-bar-four-thunderbolt-3-ports"
"LAPTOP","Apple","apple","MacBook Pro 2019 (Touch Bar, Two Thunderbolt 3 ports)","macbook-pro-2019-touch-bar-two-thunderbolt-3-ports","Standard","","33643","NO","YES","https://www.cashall.in/api/v1/catalog/image/macbook-pro-2019-touch-bar-two-thunderbolt-3-ports"
"LAPTOP","Apple","apple","MacBook Pro 2019 (Touch Bar)","macbook-pro-2019-touch-bar","Standard","","36522","NO","YES","https://www.cashall.in/api/v1/catalog/image/macbook-pro-2019-touch-bar"
"LAPTOP","Apple","apple","MacBook Pro 2020","macbook-pro-2020","Standard","","42420","NO","YES","https://www.cashall.in/api/v1/catalog/image/macbook-pro-2020"
"LAPTOP","Apple","apple","MacBook Pro 2020 (Touch Bar, Four Thunderbolt 3 ports)","macbook-pro-2020-touch-bar-four-thunderbolt-3-ports","Standard","","44076","NO","YES","https://www.cashall.in/api/v1/catalog/image/macbook-pro-2020-touch-bar-four-thunderbolt-3-ports"
"LAPTOP","Apple","apple","MacBook Pro 2020 (Touch Bar, Two Thunderbolt 3 ports)","macbook-pro-2020-touch-bar-two-thunderbolt-3-ports","Standard","","35804","NO","YES","https://www.cashall.in/api/v1/catalog/image/macbook-pro-2020-touch-bar-two-thunderbolt-3-ports"
"LAPTOP","Apple","apple","MacBook Pro 2021","macbook-pro-2021","Standard","","60600","NO","YES","https://www.cashall.in/api/v1/catalog/image/macbook-pro-2021"
"LAPTOP","Apple","apple","MacBook Pro 2022","macbook-pro-2022","Standard","","62620","NO","YES","https://www.cashall.in/api/v1/catalog/image/macbook-pro-2022"
"LAPTOP","Apple","apple","MacBook Pro 2023","macbook-pro-2023","Standard","","70700","NO","YES","https://www.cashall.in/api/v1/catalog/image/macbook-pro-2023"
"LAPTOP","Apple","apple","MacBook Pro 2024","macbook-pro-2024","Standard","","65650","NO","YES","https://www.cashall.in/api/v1/catalog/image/macbook-pro-2024"
"LAPTOP","Apple","apple","MacBook Pro 2025","macbook-pro-2025","Standard","","95950","NO","YES","https://www.cashall.in/api/v1/catalog/image/macbook-pro-2025"
"LAPTOP","Apple","apple","MacBook Pro Retina Early 2013","macbook-pro-retina-early-2013","Standard","","14069","NO","YES","https://www.cashall.in/api/v1/catalog/image/macbook-pro-retina-early-2013"
"LAPTOP","Apple","apple","MacBook Pro Retina Early 2015","macbook-pro-retina-early-2015","Standard","","15150","YES","YES","https://www.cashall.in/api/v1/catalog/image/macbook-pro-retina-early-2015"
"LAPTOP","Apple","apple","MacBook Pro Retina Late 2013","macbook-pro-retina-late-2013","Standard","","14655","NO","YES","https://www.cashall.in/api/v1/catalog/image/macbook-pro-retina-late-2013"
"LAPTOP","Apple","apple","MacBook Pro Retina Mid 2014","macbook-pro-retina-mid-2014","Standard","","18624","NO","YES","https://www.cashall.in/api/v1/catalog/image/macbook-pro-retina-mid-2014"
"LAPTOP","Apple","apple","MacBook Pro Retina Mid 2015","macbook-pro-retina-mid-2015","Standard","","25139","YES","YES","https://www.cashall.in/api/v1/catalog/image/macbook-pro-retina-mid-2015"
"LAPTOP","Apple","apple","MacBook Retina Early 2015","macbook-retina-early-2015","Standard","","13948","NO","YES","https://www.cashall.in/api/v1/catalog/image/macbook-retina-early-2015"
"LAPTOP","Apple","apple","MacBook Retina Early 2016","macbook-retina-early-2016","Standard","","15695","NO","YES","https://www.cashall.in/api/v1/catalog/image/macbook-retina-early-2016"
"LAPTOP","Apple","apple","MacBook Retina Mid 2017","macbook-retina-mid-2017","Standard","","18604","NO","YES","https://www.cashall.in/api/v1/catalog/image/macbook-retina-mid-2017"
"LAPTOP","Asus","asus","Asus A Series","asus-a-series","Standard","","7848","NO","YES","https://www.cashall.in/api/v1/catalog/image/asus-a-series"
"LAPTOP","Asus","asus","Asus B Series","asus-b-series","Standard","","7626","NO","YES","https://www.cashall.in/api/v1/catalog/image/asus-b-series"
"LAPTOP","Asus","asus","Asus Chromebook Flip Series","asus-chromebook-flip-series","Standard","","17544","NO","YES","https://www.cashall.in/api/v1/catalog/image/asus-chromebook-flip-series"
"LAPTOP","Asus","asus","Asus Chromebook Series","asus-chromebook-series","Standard","","2161","NO","YES","https://www.cashall.in/api/v1/catalog/image/asus-chromebook-series"
"LAPTOP","Asus","asus","Asus E Series","asus-e-series","Standard","","4333","NO","YES","https://www.cashall.in/api/v1/catalog/image/asus-e-series"
"LAPTOP","Asus","asus","Asus F Series","asus-f-series","Standard","","10342","NO","YES","https://www.cashall.in/api/v1/catalog/image/asus-f-series"
"LAPTOP","Asus","asus","Asus FX Series","asus-fx-series","Standard","","5646","NO","YES","https://www.cashall.in/api/v1/catalog/image/asus-fx-series"
"LAPTOP","Asus","asus","Asus FZ Series","asus-fz-series","Standard","","8302","NO","YES","https://www.cashall.in/api/v1/catalog/image/asus-fz-series"
"LAPTOP","Asus","asus","Asus K Series","asus-k-series","Standard","","10241","NO","YES","https://www.cashall.in/api/v1/catalog/image/asus-k-series"
"LAPTOP","Asus","asus","Asus N Series","asus-n-series","Standard","","6272","NO","YES","https://www.cashall.in/api/v1/catalog/image/asus-n-series"
"LAPTOP","Asus","asus","Asus NX Series","asus-nx-series","Standard","","8302","NO","YES","https://www.cashall.in/api/v1/catalog/image/asus-nx-series"
"LAPTOP","Asus","asus","Asus P series","asus-p-series","Standard","","5595","NO","YES","https://www.cashall.in/api/v1/catalog/image/asus-p-series"
"LAPTOP","Asus","asus","Asus Q Series","asus-q-series","Standard","","5595","NO","YES","https://www.cashall.in/api/v1/catalog/image/asus-q-series"
"LAPTOP","Asus","asus","Asus R Series","asus-r-series","Standard","","5595","NO","YES","https://www.cashall.in/api/v1/catalog/image/asus-r-series"
"LAPTOP","Asus","asus","Asus V Series","asus-v-series","Standard","","4333","NO","YES","https://www.cashall.in/api/v1/catalog/image/asus-v-series"
"LAPTOP","Asus","asus","Asus X Series","asus-x-series","Standard","","5747","NO","YES","https://www.cashall.in/api/v1/catalog/image/asus-x-series"
"LAPTOP","Asus","asus","AsusPro B Series","asuspro-b-series","Standard","","13049","NO","YES","https://www.cashall.in/api/v1/catalog/image/asuspro-b-series"
"LAPTOP","Asus","asus","AsusPro P Series","asuspro-p-series","Standard","","13049","NO","YES","https://www.cashall.in/api/v1/catalog/image/asuspro-p-series"
"LAPTOP","Asus","asus","EeeBook Series","eeebook-series","Standard","","3121","NO","YES","https://www.cashall.in/api/v1/catalog/image/eeebook-series"
"LAPTOP","Asus","asus","Gaming Series","gaming-series","Standard","","7908","NO","YES","https://www.cashall.in/api/v1/catalog/image/gaming-series"
"LAPTOP","Asus","asus","Other Asus Series","other-asus-series","Standard","","4333","NO","YES","https://www.cashall.in/api/v1/catalog/image/other-asus-series"
"LAPTOP","Asus","asus","ProArt StudioBook Series","proart-studiobook-series","Standard","","27098","NO","YES","https://www.cashall.in/api/v1/catalog/image/proart-studiobook-series"
"LAPTOP","Asus","asus","ROG Series","rog-series","Standard","","18746","NO","YES","https://www.cashall.in/api/v1/catalog/image/rog-series"
"LAPTOP","Asus","asus","ROG Strix Series","rog-strix-series","Standard","","28684","NO","YES","https://www.cashall.in/api/v1/catalog/image/rog-strix-series"
"LAPTOP","Asus","asus","ROG Zephyrus Series","rog-zephyrus-series","Standard","","33249","NO","YES","https://www.cashall.in/api/v1/catalog/image/rog-zephyrus-series"
"LAPTOP","Asus","asus","TUF Gaming Series","tuf-gaming-series","Standard","","25250","NO","YES","https://www.cashall.in/api/v1/catalog/image/tuf-gaming-series"
"LAPTOP","Asus","asus","VivoBook Flip Series","vivobook-flip-series","Standard","","11029","NO","YES","https://www.cashall.in/api/v1/catalog/image/vivobook-flip-series"
"LAPTOP","Asus","asus","VivoBook Pro Series","vivobook-pro-series","Standard","","9171","NO","YES","https://www.cashall.in/api/v1/catalog/image/vivobook-pro-series"
"LAPTOP","Asus","asus","VivoBook S Series","vivobook-s-series","Standard","","7110","NO","YES","https://www.cashall.in/api/v1/catalog/image/vivobook-s-series"
"LAPTOP","Asus","asus","VivoBook Series","vivobook-series","Standard","","9342","NO","YES","https://www.cashall.in/api/v1/catalog/image/vivobook-series"
"LAPTOP","Asus","asus","ZenBook Flip Series","zenbook-flip-series","Standard","","15958","NO","YES","https://www.cashall.in/api/v1/catalog/image/zenbook-flip-series"
"LAPTOP","Asus","asus","ZenBook Pro Series","zenbook-pro-series","Standard","","26310","NO","YES","https://www.cashall.in/api/v1/catalog/image/zenbook-pro-series"
"LAPTOP","Asus","asus","ZenBook S Series","zenbook-s-series","Standard","","5595","NO","YES","https://www.cashall.in/api/v1/catalog/image/zenbook-s-series"
"LAPTOP","Asus","asus","ZenBook Series","zenbook-series","Standard","","9171","NO","YES","https://www.cashall.in/api/v1/catalog/image/zenbook-series"
"LAPTOP","Asus","asus","ZenBook U Series","zenbook-u-series","Standard","","4333","NO","YES","https://www.cashall.in/api/v1/catalog/image/zenbook-u-series"
"LAPTOP","AVITA","avita","Admiror Series","admiror-series","Standard","","10918","NO","YES","https://www.cashall.in/api/v1/catalog/image/admiror-series"
"LAPTOP","AVITA","avita","Cosmos Series","cosmos-series","Standard","","8474","NO","YES","https://www.cashall.in/api/v1/catalog/image/cosmos-series"
"LAPTOP","AVITA","avita","Essential Series","essential-series","Standard","","3555","NO","YES","https://www.cashall.in/api/v1/catalog/image/essential-series"
"LAPTOP","AVITA","avita","Liber Series","liber-series","Standard","","8211","NO","YES","https://www.cashall.in/api/v1/catalog/image/liber-series"
"LAPTOP","AVITA","avita","Magus Lite","magus-lite","Standard","","1889","NO","YES","https://www.cashall.in/api/v1/catalog/image/magus-lite"
"LAPTOP","AVITA","avita","Pura Series","pura-series","Standard","","7434","NO","YES","https://www.cashall.in/api/v1/catalog/image/pura-series"
"LAPTOP","Dell","dell","Alienware Series","alienware-series","Standard","","17877","NO","YES","https://www.cashall.in/api/v1/catalog/image/alienware-series"
"LAPTOP","Dell","dell","Dell 13 R2 Series","dell-13-r2-series","Standard","","40400","NO","YES","https://www.cashall.in/api/v1/catalog/image/dell-13-r2-series"
"LAPTOP","Dell","dell","Dell 14 Plus 2 in 1 Series","dell-14-plus-2-in-1-series","Standard","","30300","NO","YES","https://www.cashall.in/api/v1/catalog/image/dell-14-plus-2-in-1-series"
"LAPTOP","Dell","dell","Dell 15 R2 Series","dell-15-r2-series","Standard","","30300","NO","YES","https://www.cashall.in/api/v1/catalog/image/dell-15-r2-series"
"LAPTOP","Dell","dell","Dell 15 R4 Series","dell-15-r4-series","Standard","","30300","NO","YES","https://www.cashall.in/api/v1/catalog/image/dell-15-r4-series"
"LAPTOP","Dell","dell","Dell 15 Series","dell-15-series","Standard","","17170","NO","YES","https://www.cashall.in/api/v1/catalog/image/dell-15-series"
"LAPTOP","Dell","dell","Dell 16 Plus Series","dell-16-plus-series","Standard","","40400","NO","YES","https://www.cashall.in/api/v1/catalog/image/dell-16-plus-series"
"LAPTOP","Dell","dell","Dell 17 R2 Series","dell-17-r2-series","Standard","","40400","NO","YES","https://www.cashall.in/api/v1/catalog/image/dell-17-r2-series"
"LAPTOP","Dell","dell","Dell 17 R3 Series","dell-17-r3-series","Standard","","40400","NO","YES","https://www.cashall.in/api/v1/catalog/image/dell-17-r3-series"
"LAPTOP","Dell","dell","Dell 17 R5 Series","dell-17-r5-series","Standard","","40400","NO","YES","https://www.cashall.in/api/v1/catalog/image/dell-17-r5-series"
"LAPTOP","Dell","dell","Dell Alienware 15 Series","dell-alienware-15-series","Standard","","40400","NO","YES","https://www.cashall.in/api/v1/catalog/image/dell-alienware-15-series"
"LAPTOP","Dell","dell","Dell Alienware 16x Aurora Series","dell-alienware-16x-aurora-series","Standard","","40400","NO","YES","https://www.cashall.in/api/v1/catalog/image/dell-alienware-16x-aurora-series"
"LAPTOP","Dell","dell","Dell Area 51m R2 Series","dell-area-51m-r2-series","Standard","","40400","NO","YES","https://www.cashall.in/api/v1/catalog/image/dell-area-51m-r2-series"
"LAPTOP","Dell","dell","Dell Area 51m Series","dell-area-51m-series","Standard","","40400","NO","YES","https://www.cashall.in/api/v1/catalog/image/dell-area-51m-series"
"LAPTOP","Dell","dell","Dell Chromebook Series","dell-chromebook-series","Standard","","3101","NO","YES","https://www.cashall.in/api/v1/catalog/image/dell-chromebook-series"
"LAPTOP","Dell","dell","Dell G15 5520 Series","dell-g15-5520-series","Standard","","40400","NO","YES","https://www.cashall.in/api/v1/catalog/image/dell-g15-5520-series"
"LAPTOP","Dell","dell","Dell G5 Series","dell-g5-series","Standard","","25250","NO","YES","https://www.cashall.in/api/v1/catalog/image/dell-g5-series"
"LAPTOP","Dell","dell","Dell G7 Series","dell-g7-series","Standard","","50500","NO","YES","https://www.cashall.in/api/v1/catalog/image/dell-g7-series"
"LAPTOP","Dell","dell","Dell Gaming G15 5000 Series","dell-gaming-g15-5000-series","Standard","","40400","NO","YES","https://www.cashall.in/api/v1/catalog/image/dell-gaming-g15-5000-series"
"LAPTOP","Dell","dell","Dell Inspiro 5440 Series","dell-inspiro-5440-series","Standard","","40400","NO","YES","https://www.cashall.in/api/v1/catalog/image/dell-inspiro-5440-series"
"LAPTOP","Dell","dell","Dell Inspiron 13 7000 Series","dell-inspiron-13-7000-series","Standard","","30300","NO","YES","https://www.cashall.in/api/v1/catalog/image/dell-inspiron-13-7000-series"
"LAPTOP","Dell","dell","Dell Inspiron 14 5440 Series","dell-inspiron-14-5440-series","Standard","","30300","NO","YES","https://www.cashall.in/api/v1/catalog/image/dell-inspiron-14-5440-series"
"LAPTOP","Dell","dell","Dell Inspiron 14 7000 Series","dell-inspiron-14-7000-series","Standard","","29290","NO","YES","https://www.cashall.in/api/v1/catalog/image/dell-inspiron-14-7000-series"
"LAPTOP","Dell","dell","Dell Inspiron 14 Plus Series","dell-inspiron-14-plus-series","Standard","","25250","NO","YES","https://www.cashall.in/api/v1/catalog/image/dell-inspiron-14-plus-series"
"LAPTOP","Dell","dell","Dell Inspiron 15 7000 Series","dell-inspiron-15-7000-series","Standard","","30300","NO","YES","https://www.cashall.in/api/v1/catalog/image/dell-inspiron-15-7000-series"
"LAPTOP","Dell","dell","Dell Inspiron 15 7500 Series","dell-inspiron-15-7500-series","Standard","","30300","NO","YES","https://www.cashall.in/api/v1/catalog/image/dell-inspiron-15-7500-series"
"LAPTOP","Dell","dell","Dell Inspiron 16 Plus Series","dell-inspiron-16-plus-series","Standard","","25250","NO","YES","https://www.cashall.in/api/v1/catalog/image/dell-inspiron-16-plus-series"
"LAPTOP","Dell","dell","Dell Inspiron 17 7000 Series","dell-inspiron-17-7000-series","Standard","","30300","NO","YES","https://www.cashall.in/api/v1/catalog/image/dell-inspiron-17-7000-series"
"LAPTOP","Dell","dell","Dell Inspiron 3500 Series","dell-inspiron-3500-series","Standard","","25250","NO","YES","https://www.cashall.in/api/v1/catalog/image/dell-inspiron-3500-series"
"LAPTOP","Dell","dell","Dell Inspiron 7500 Series","dell-inspiron-7500-series","Standard","","20200","NO","YES","https://www.cashall.in/api/v1/catalog/image/dell-inspiron-7500-series"
"LAPTOP","Dell","dell","Dell Latitude 15 2026 Series","dell-latitude-15-2026-series","Standard","","40400","NO","YES","https://www.cashall.in/api/v1/catalog/image/dell-latitude-15-2026-series"
"LAPTOP","Dell","dell","Dell Latitude 5300 series","dell-latitude-5300-series","Standard","","20200","NO","YES","https://www.cashall.in/api/v1/catalog/image/dell-latitude-5300-series"
"LAPTOP","Dell","dell","Dell Latitude 5400 series","dell-latitude-5400-series","Standard","","20200","NO","YES","https://www.cashall.in/api/v1/catalog/image/dell-latitude-5400-series"
"LAPTOP","Dell","dell","Dell Latitude 5500 series","dell-latitude-5500-series","Standard","","20200","NO","YES","https://www.cashall.in/api/v1/catalog/image/dell-latitude-5500-series"
"LAPTOP","Dell","dell","Dell Latitude 7200 series","dell-latitude-7200-series","Standard","","30300","NO","YES","https://www.cashall.in/api/v1/catalog/image/dell-latitude-7200-series"
"LAPTOP","Dell","dell","Dell Latitude 7300 series","dell-latitude-7300-series","Standard","","20200","NO","YES","https://www.cashall.in/api/v1/catalog/image/dell-latitude-7300-series"
"LAPTOP","Dell","dell","Dell Latitude 7400 series","dell-latitude-7400-series","Standard","","25250","NO","YES","https://www.cashall.in/api/v1/catalog/image/dell-latitude-7400-series"
"LAPTOP","Dell","dell","Dell Latitude 7500 Series","dell-latitude-7500-series","Standard","","25250","NO","YES","https://www.cashall.in/api/v1/catalog/image/dell-latitude-7500-series"
"LAPTOP","Dell","dell","Dell Latitude 9300 Series","dell-latitude-9300-series","Standard","","30300","NO","YES","https://www.cashall.in/api/v1/catalog/image/dell-latitude-9300-series"
"LAPTOP","Dell","dell","Dell Latitude 9400 Series","dell-latitude-9400-series","Standard","","50500","NO","YES","https://www.cashall.in/api/v1/catalog/image/dell-latitude-9400-series"
"LAPTOP","Dell","dell","Dell Latitude 9500 Series","dell-latitude-9500-series","Standard","","20200","NO","YES","https://www.cashall.in/api/v1/catalog/image/dell-latitude-9500-series"
"LAPTOP","Dell","dell","Dell M11x R2 Series","dell-m11x-r2-series","Standard","","40400","NO","YES","https://www.cashall.in/api/v1/catalog/image/dell-m11x-r2-series"
"LAPTOP","Dell","dell","Dell M11x R3 Series","dell-m11x-r3-series","Standard","","40400","NO","YES","https://www.cashall.in/api/v1/catalog/image/dell-m11x-r3-series"
"LAPTOP","Dell","dell","Dell M11X Series","dell-m11x-series","Standard","","30300","NO","YES","https://www.cashall.in/api/v1/catalog/image/dell-m11x-series"
"LAPTOP","Dell","dell","Dell M14x R2 Series","dell-m14x-r2-series","Standard","","40400","NO","YES","https://www.cashall.in/api/v1/catalog/image/dell-m14x-r2-series"
"LAPTOP","Dell","dell","Dell M14x Series","dell-m14x-series","Standard","","45450","NO","YES","https://www.cashall.in/api/v1/catalog/image/dell-m14x-series"
"LAPTOP","Dell","dell","Dell M15 R3 Series","dell-m15-r3-series","Standard","","46460","NO","YES","https://www.cashall.in/api/v1/catalog/image/dell-m15-r3-series"
"LAPTOP","Dell","dell","Dell M15 R4 Series","dell-m15-r4-series","Standard","","50500","NO","YES","https://www.cashall.in/api/v1/catalog/image/dell-m15-r4-series"
"LAPTOP","Dell","dell","Dell M15 R5 Series","dell-m15-r5-series","Standard","","51510","NO","YES","https://www.cashall.in/api/v1/catalog/image/dell-m15-r5-series"
"LAPTOP","Dell","dell","Dell M15 R7 Series","dell-m15-r7-series","Standard","","40400","NO","YES","https://www.cashall.in/api/v1/catalog/image/dell-m15-r7-series"
"LAPTOP","Dell","dell","Dell M15 Series","dell-m15-series","Standard","","45450","NO","YES","https://www.cashall.in/api/v1/catalog/image/dell-m15-series"
"LAPTOP","Dell","dell","Dell M15x Series","dell-m15x-series","Standard","","45450","NO","YES","https://www.cashall.in/api/v1/catalog/image/dell-m15x-series"
"LAPTOP","Dell","dell","Dell M17 R2 Series","dell-m17-r2-series","Standard","","40400","NO","YES","https://www.cashall.in/api/v1/catalog/image/dell-m17-r2-series"
"LAPTOP","Dell","dell","Dell M17 R3 Series","dell-m17-r3-series","Standard","","40400","NO","YES","https://www.cashall.in/api/v1/catalog/image/dell-m17-r3-series"
"LAPTOP","Dell","dell","Dell M17 R4 Series","dell-m17-r4-series","Standard","","45450","NO","YES","https://www.cashall.in/api/v1/catalog/image/dell-m17-r4-series"
"LAPTOP","Dell","dell","Dell M17 R5 Series","dell-m17-r5-series","Standard","","45450","NO","YES","https://www.cashall.in/api/v1/catalog/image/dell-m17-r5-series"
"LAPTOP","Dell","dell","Dell M17 Series","dell-m17-series","Standard","","40400","NO","YES","https://www.cashall.in/api/v1/catalog/image/dell-m17-series"
"LAPTOP","Dell","dell","Dell M17x R2 Series","dell-m17x-r2-series","Standard","","45450","NO","YES","https://www.cashall.in/api/v1/catalog/image/dell-m17x-r2-series"
"LAPTOP","Dell","dell","Dell M17x R3 Series","dell-m17x-r3-series","Standard","","60600","NO","YES","https://www.cashall.in/api/v1/catalog/image/dell-m17x-r3-series"
"LAPTOP","Dell","dell","Dell M17x R4 Series","dell-m17x-r4-series","Standard","","60600","NO","YES","https://www.cashall.in/api/v1/catalog/image/dell-m17x-r4-series"
"LAPTOP","Dell","dell","Dell M18x R2 Series","dell-m18x-r2-series","Standard","","60600","NO","YES","https://www.cashall.in/api/v1/catalog/image/dell-m18x-r2-series"
"LAPTOP","Dell","dell","Dell M18x Series","dell-m18x-series","Standard","","40400","NO","YES","https://www.cashall.in/api/v1/catalog/image/dell-m18x-series"
"LAPTOP","Dell","dell","Dell Studio XPS 13 Series","dell-studio-xps-13-series","Standard","","50500","NO","YES","https://www.cashall.in/api/v1/catalog/image/dell-studio-xps-13-series"
"LAPTOP","Dell","dell","Dell Studio XPS 16 Series","dell-studio-xps-16-series","Standard","","60600","NO","YES","https://www.cashall.in/api/v1/catalog/image/dell-studio-xps-16-series"
"LAPTOP","Dell","dell","Dell Vostro 13 Series","dell-vostro-13-series","Standard","","2525","NO","YES","https://www.cashall.in/api/v1/catalog/image/dell-vostro-13-series"
"LAPTOP","Dell","dell","Dell Vostro 14 Series","dell-vostro-14-series","Standard","","25250","NO","YES","https://www.cashall.in/api/v1/catalog/image/dell-vostro-14-series"
"LAPTOP","Dell","dell","Dell Vostro 15 Series","dell-vostro-15-series","Standard","","25250","NO","YES","https://www.cashall.in/api/v1/catalog/image/dell-vostro-15-series"
"LAPTOP","Dell","dell","Dell Vostro 3400 Series","dell-vostro-3400-series","Standard","","25250","NO","YES","https://www.cashall.in/api/v1/catalog/image/dell-vostro-3400-series"
"LAPTOP","Dell","dell","Dell Vostro 3440 Series","dell-vostro-3440-series","Standard","","30300","NO","YES","https://www.cashall.in/api/v1/catalog/image/dell-vostro-3440-series"
"LAPTOP","Dell","dell","Dell Vostro 3500 Series","dell-vostro-3500-series","Standard","","25250","NO","YES","https://www.cashall.in/api/v1/catalog/image/dell-vostro-3500-series"
"LAPTOP","Dell","dell","Dell Vostro 3530 Series","dell-vostro-3530-series","Standard","","25250","NO","YES","https://www.cashall.in/api/v1/catalog/image/dell-vostro-3530-series"
"LAPTOP","Dell","dell","Dell X14 Series","dell-x14-series","Standard","","30300","NO","YES","https://www.cashall.in/api/v1/catalog/image/dell-x14-series"
"LAPTOP","Dell","dell","Dell X15 R1 Series","dell-x15-r1-series","Standard","","40400","NO","YES","https://www.cashall.in/api/v1/catalog/image/dell-x15-r1-series"
"LAPTOP","Dell","dell","Dell X17 R1 Series","dell-x17-r1-series","Standard","","50500","NO","YES","https://www.cashall.in/api/v1/catalog/image/dell-x17-r1-series"
"LAPTOP","Dell","dell","Dell X17 R2 Series","dell-x17-r2-series","Standard","","50500","NO","YES","https://www.cashall.in/api/v1/catalog/image/dell-x17-r2-series"
"LAPTOP","Dell","dell","Dell XPS 13 2026 Series","dell-xps-13-2026-series","Standard","","40400","NO","YES","https://www.cashall.in/api/v1/catalog/image/dell-xps-13-2026-series"
"LAPTOP","Dell","dell","Dell XPS 14 Series","dell-xps-14-series","Standard","","40400","NO","YES","https://www.cashall.in/api/v1/catalog/image/dell-xps-14-series"
"LAPTOP","Dell","dell","Dell XPS 15 Series","dell-xps-15-series","Standard","","30300","NO","YES","https://www.cashall.in/api/v1/catalog/image/dell-xps-15-series"
"LAPTOP","Dell","dell","Dell XPS 15Z Series","dell-xps-15z-series","Standard","","25250","NO","YES","https://www.cashall.in/api/v1/catalog/image/dell-xps-15z-series"
"LAPTOP","Dell","dell","Dell XPS 17 Series","dell-xps-17-series","Standard","","50500","NO","YES","https://www.cashall.in/api/v1/catalog/image/dell-xps-17-series"
"LAPTOP","Dell","dell","G15 Gaming Series","g15-gaming-series","Standard","","22220","NO","YES","https://www.cashall.in/api/v1/catalog/image/g15-gaming-series"
"LAPTOP","Dell","dell","G15 Gaming Series","g15-series","Standard","","0","YES","YES","https://www.cashall.in/api/v1/catalog/image/g15-series"
"LAPTOP","Dell","dell","G16 Gaming Series","g16-gaming-series","Standard","","20200","NO","YES","https://www.cashall.in/api/v1/catalog/image/g16-gaming-series"
"LAPTOP","Dell","dell","G16 Gaming Series","g16-series","Standard","","0","YES","YES","https://www.cashall.in/api/v1/catalog/image/g16-series"
"LAPTOP","Dell","dell","G3 Gaming Series","g3-gaming-series","Standard","","16948","NO","YES","https://www.cashall.in/api/v1/catalog/image/g3-gaming-series"
"LAPTOP","Dell","dell","G5 Gaming Series","g5-gaming-series","Standard","","17089","NO","YES","https://www.cashall.in/api/v1/catalog/image/g5-gaming-series"
"LAPTOP","Dell","dell","G7 Gaming Series","g7-gaming-series","Standard","","25472","NO","YES","https://www.cashall.in/api/v1/catalog/image/g7-gaming-series"
"LAPTOP","Dell","dell","Inspiron 3000 2-in-1 Series","inspiron-3000-2-in-1-series","Standard","","8585","NO","YES","https://www.cashall.in/api/v1/catalog/image/inspiron-3000-2-in-1-series"
"LAPTOP","Dell","dell","Inspiron 3000 Series","inspiron-3000-series","Standard","","10504","NO","YES","https://www.cashall.in/api/v1/catalog/image/inspiron-3000-series"
"LAPTOP","Dell","dell","Inspiron 5000 2-in-1 Series","inspiron-5000-2-in-1-series","Standard","","10908","NO","YES","https://www.cashall.in/api/v1/catalog/image/inspiron-5000-2-in-1-series"
"LAPTOP","Dell","dell","Inspiron 5000 Series","inspiron-5000-series","Standard","","10706","NO","YES","https://www.cashall.in/api/v1/catalog/image/inspiron-5000-series"
"LAPTOP","Dell","dell","Inspiron 7000 2-in-1 Series","inspiron-7000-2-in-1-series","Standard","","14140","NO","YES","https://www.cashall.in/api/v1/catalog/image/inspiron-7000-2-in-1-series"
"LAPTOP","Dell","dell","Inspiron 7000 Series","inspiron-7000-series","Standard","","13332","NO","YES","https://www.cashall.in/api/v1/catalog/image/inspiron-7000-series"
"LAPTOP","Dell","dell","Inspiron Gaming Series","inspiron-gaming-series","Standard","","9898","NO","YES","https://www.cashall.in/api/v1/catalog/image/inspiron-gaming-series"
"LAPTOP","Dell","dell","Inspiron N5000 Series","inspiron-n5000-series","Standard","","6565","NO","YES","https://www.cashall.in/api/v1/catalog/image/inspiron-n5000-series"
"LAPTOP","Dell","dell","Inspiron Series","inspiron-series","Standard","","12817","NO","YES","https://www.cashall.in/api/v1/catalog/image/inspiron-series"
"LAPTOP","Dell","dell","Latitude 3000 2-in-1 Series","latitude-3000-2-in-1-series","Standard","","9090","NO","YES","https://www.cashall.in/api/v1/catalog/image/latitude-3000-2-in-1-series"
"LAPTOP","Dell","dell","Latitude 3000 Series","latitude-3000-series","Standard","","9595","NO","YES","https://www.cashall.in/api/v1/catalog/image/latitude-3000-series"
"LAPTOP","Dell","dell","Latitude 5000 2-in-1 Series","latitude-5000-2-in-1-series","Standard","","10605","NO","YES","https://www.cashall.in/api/v1/catalog/image/latitude-5000-2-in-1-series"
"LAPTOP","Dell","dell","Latitude 5000 Series","latitude-5000-series","Standard","","11211","NO","YES","https://www.cashall.in/api/v1/catalog/image/latitude-5000-series"
"LAPTOP","Dell","dell","Latitude 6000 Series","latitude-6000-series","Standard","","8080","NO","YES","https://www.cashall.in/api/v1/catalog/image/latitude-6000-series"
"LAPTOP","Dell","dell","Latitude 7000 2-in-1 Series","latitude-7000-2-in-1-series","Standard","","30300","NO","YES","https://www.cashall.in/api/v1/catalog/image/latitude-7000-2-in-1-series"
"LAPTOP","Dell","dell","Latitude 7000 Series","latitude-7000-series","Standard","","30300","NO","YES","https://www.cashall.in/api/v1/catalog/image/latitude-7000-series"
"LAPTOP","Dell","dell","Latitude 9000 2-in-1 Series","latitude-9000-2-in-1-series","Standard","","18685","NO","YES","https://www.cashall.in/api/v1/catalog/image/latitude-9000-2-in-1-series"
"LAPTOP","Dell","dell","Latitude 9000 Series","latitude-9000-series","Standard","","19190","NO","YES","https://www.cashall.in/api/v1/catalog/image/latitude-9000-series"
"LAPTOP","Dell","dell","Latitude E3000 Series","latitude-e3000-series","Standard","","9090","NO","YES","https://www.cashall.in/api/v1/catalog/image/latitude-e3000-series"
"LAPTOP","Dell","dell","Latitude E4000 Series","latitude-e4000-series","Standard","","7070","NO","YES","https://www.cashall.in/api/v1/catalog/image/latitude-e4000-series"
"LAPTOP","Dell","dell","Latitude E5000 Series","latitude-e5000-series","Standard","","12120","NO","YES","https://www.cashall.in/api/v1/catalog/image/latitude-e5000-series"
"LAPTOP","Dell","dell","Latitude E6000 Series","latitude-e6000-series","Standard","","11110","NO","YES","https://www.cashall.in/api/v1/catalog/image/latitude-e6000-series"
"LAPTOP","Dell","dell","Latitude E7000 Series","latitude-e7000-series","Standard","","12625","NO","YES","https://www.cashall.in/api/v1/catalog/image/latitude-e7000-series"
"LAPTOP","Dell","dell","Latitude Series","latitude-series","Standard","","30300","NO","YES","https://www.cashall.in/api/v1/catalog/image/latitude-series"
"LAPTOP","Dell","dell","M17x Series","m17x-series","Standard","","50500","NO","YES","https://www.cashall.in/api/v1/catalog/image/m17x-series"
"LAPTOP","Dell","dell","Other Dell Series","other-dell-series","Standard","","1283","NO","YES","https://www.cashall.in/api/v1/catalog/image/other-dell-series"
"LAPTOP","Dell","dell","Precision Series","precision-series","Standard","","22846","NO","YES","https://www.cashall.in/api/v1/catalog/image/precision-series"
"LAPTOP","Dell","dell","Studio Series","studio-series","Standard","","5818","NO","YES","https://www.cashall.in/api/v1/catalog/image/studio-series"
"LAPTOP","Dell","dell","Vostro 3000 Series","vostro-3000-series","Standard","","12625","NO","YES","https://www.cashall.in/api/v1/catalog/image/vostro-3000-series"
"LAPTOP","Dell","dell","Vostro 5000 Series","vostro-5000-series","Standard","","13635","NO","YES","https://www.cashall.in/api/v1/catalog/image/vostro-5000-series"
"LAPTOP","Dell","dell","Vostro 7000 Series","vostro-7000-series","Standard","","30300","NO","YES","https://www.cashall.in/api/v1/catalog/image/vostro-7000-series"
"LAPTOP","Dell","dell","Vostro Series","vostro-series","Standard","","11706","NO","YES","https://www.cashall.in/api/v1/catalog/image/vostro-series"
"LAPTOP","Dell","dell","XPS Series","xps-series","Standard","","11958","NO","YES","https://www.cashall.in/api/v1/catalog/image/xps-series"
"LAPTOP","HP","hp","200 Series","200-series","Standard","","45450","NO","YES","https://www.cashall.in/api/v1/catalog/image/200-series"
"LAPTOP","HP","hp","Elitebook Series","elitebook-series","Standard","","30300","NO","YES","https://www.cashall.in/api/v1/catalog/image/elitebook-series"
"LAPTOP","HP","hp","Envy Series","envy-series","Standard","","45450","NO","YES","https://www.cashall.in/api/v1/catalog/image/envy-series"
"LAPTOP","HP","hp","G Series","g-series","Standard","","30300","NO","YES","https://www.cashall.in/api/v1/catalog/image/g-series"
"LAPTOP","HP","hp","HP 14 Series","hp-14-series","Standard","","45450","NO","YES","https://www.cashall.in/api/v1/catalog/image/hp-14-series"
"LAPTOP","HP","hp","HP 14s Series","hp-14s-series","Standard","","25250","NO","YES","https://www.cashall.in/api/v1/catalog/image/hp-14s-series"
"LAPTOP","HP","hp","HP 15 Series","hp-15-series","Standard","","45450","NO","YES","https://www.cashall.in/api/v1/catalog/image/hp-15-series"
"LAPTOP","HP","hp","HP 15s Series","hp-15s-series","Standard","","30300","NO","YES","https://www.cashall.in/api/v1/catalog/image/hp-15s-series"
"LAPTOP","HP","hp","HP 17 Series","hp-17-series","Standard","","45450","NO","YES","https://www.cashall.in/api/v1/catalog/image/hp-17-series"
"LAPTOP","HP","hp","HP 245 G8 Series","hp-245-g8-series","Standard","","30300","NO","YES","https://www.cashall.in/api/v1/catalog/image/hp-245-g8-series"
"LAPTOP","HP","hp","HP 247 G8 Series","hp-247-g8-series","Standard","","25250","NO","YES","https://www.cashall.in/api/v1/catalog/image/hp-247-g8-series"
"LAPTOP","HP","hp","HP 255 G8 Series","hp-255-g8-series","Standard","","30300","NO","YES","https://www.cashall.in/api/v1/catalog/image/hp-255-g8-series"
"LAPTOP","HP","hp","HP 300 Series","hp-300-series","Standard","","45450","NO","YES","https://www.cashall.in/api/v1/catalog/image/hp-300-series"
"LAPTOP","HP","hp","HP 340s G7 Series","hp-340s-g7-series","Standard","","25250","NO","YES","https://www.cashall.in/api/v1/catalog/image/hp-340s-g7-series"
"LAPTOP","HP","hp","HP 348 G7 Series","hp-348-g7-series","Standard","","30300","NO","YES","https://www.cashall.in/api/v1/catalog/image/hp-348-g7-series"
"LAPTOP","HP","hp","HP Chromebook 14A G5 Series","hp-chromebook-14a-g5-series","Standard","","30300","NO","YES","https://www.cashall.in/api/v1/catalog/image/hp-chromebook-14a-g5-series"
"LAPTOP","HP","hp","HP Chromebook Series","hp-chromebook-series","Standard","","30300","NO","YES","https://www.cashall.in/api/v1/catalog/image/hp-chromebook-series"
"LAPTOP","HP","hp","HP Chromebook X2 Series","hp-chromebook-x2-series","Standard","","30300","NO","YES","https://www.cashall.in/api/v1/catalog/image/hp-chromebook-x2-series"
"LAPTOP","HP","hp","HP Chromebook X360 14 Series","hp-chromebook-x360-14-series","Standard","","30300","NO","YES","https://www.cashall.in/api/v1/catalog/image/hp-chromebook-x360-14-series"
"LAPTOP","HP","hp","HP EliteBook 1050 G1 Series","hp-elitebook-1050-g1-series","Standard","","30300","NO","YES","https://www.cashall.in/api/v1/catalog/image/hp-elitebook-1050-g1-series"
"LAPTOP","HP","hp","HP EliteBook 645 G10 Notebook Series","hp-elitebook-645-g10-notebook-series","Standard","","30300","NO","YES","https://www.cashall.in/api/v1/catalog/image/hp-elitebook-645-g10-notebook-series"
"LAPTOP","HP","hp","HP EliteBook 645 G11 Notebook Series","hp-elitebook-645-g11-notebook-series","Standard","","30300","NO","YES","https://www.cashall.in/api/v1/catalog/image/hp-elitebook-645-g11-notebook-series"
"LAPTOP","HP","hp","HP EliteBook 645 G9 Notebook Series","hp-elitebook-645-g9-notebook-series","Standard","","30300","NO","YES","https://www.cashall.in/api/v1/catalog/image/hp-elitebook-645-g9-notebook-series"
"LAPTOP","HP","hp","HP EliteBook 735 G5 Series","hp-elitebook-735-g5-series","Standard","","30300","NO","YES","https://www.cashall.in/api/v1/catalog/image/hp-elitebook-735-g5-series"
"LAPTOP","HP","hp","HP EliteBook 735 G6 Series","hp-elitebook-735-g6-series","Standard","","30300","NO","YES","https://www.cashall.in/api/v1/catalog/image/hp-elitebook-735-g6-series"
"LAPTOP","HP","hp","HP EliteBook 745 G5 Series","hp-elitebook-745-g5-series","Standard","","30300","NO","YES","https://www.cashall.in/api/v1/catalog/image/hp-elitebook-745-g5-series"
"LAPTOP","HP","hp","HP EliteBook 745 G6 Series","hp-elitebook-745-g6-series","Standard","","25250","NO","YES","https://www.cashall.in/api/v1/catalog/image/hp-elitebook-745-g6-series"
"LAPTOP","HP","hp","HP EliteBook 755 G5 Series","hp-elitebook-755-g5-series","Standard","","30300","NO","YES","https://www.cashall.in/api/v1/catalog/image/hp-elitebook-755-g5-series"
"LAPTOP","HP","hp","HP EliteBook 830 G5 Series","hp-elitebook-830-g5-series","Standard","","30300","NO","YES","https://www.cashall.in/api/v1/catalog/image/hp-elitebook-830-g5-series"
"LAPTOP","HP","hp","HP EliteBook 830 G6 Series","hp-elitebook-830-g6-series","Standard","","25250","NO","YES","https://www.cashall.in/api/v1/catalog/image/hp-elitebook-830-g6-series"
"LAPTOP","HP","hp","HP EliteBook 830 G7 Series","hp-elitebook-830-g7-series","Standard","","30300","NO","YES","https://www.cashall.in/api/v1/catalog/image/hp-elitebook-830-g7-series"
"LAPTOP","HP","hp","HP EliteBook 830 G8 Series","hp-elitebook-830-g8-series","Standard","","40400","NO","YES","https://www.cashall.in/api/v1/catalog/image/hp-elitebook-830-g8-series"
"LAPTOP","HP","hp","HP EliteBook 835 G7 Series","hp-elitebook-835-g7-series","Standard","","25250","NO","YES","https://www.cashall.in/api/v1/catalog/image/hp-elitebook-835-g7-series"
"LAPTOP","HP","hp","HP EliteBook 835 G8 Series","hp-elitebook-835-g8-series","Standard","","30300","NO","YES","https://www.cashall.in/api/v1/catalog/image/hp-elitebook-835-g8-series"
"LAPTOP","HP","hp","HP EliteBook 840 Aero G8 Series","hp-elitebook-840-aero-g8-series","Standard","","30300","NO","YES","https://www.cashall.in/api/v1/catalog/image/hp-elitebook-840-aero-g8-series"
"LAPTOP","HP","hp","HP EliteBook 840 G6 Series","hp-elitebook-840-g6-series","Standard","","25250","NO","YES","https://www.cashall.in/api/v1/catalog/image/hp-elitebook-840-g6-series"
"LAPTOP","HP","hp","HP EliteBook 840 G7 Series","hp-elitebook-840-g7-series","Standard","","30300","NO","YES","https://www.cashall.in/api/v1/catalog/image/hp-elitebook-840-g7-series"
"LAPTOP","HP","hp","HP EliteBook 840 G8 Series","hp-elitebook-840-g8-series","Standard","","30300","NO","YES","https://www.cashall.in/api/v1/catalog/image/hp-elitebook-840-g8-series"
"LAPTOP","HP","hp","HP EliteBook 845 G7 Series","hp-elitebook-845-g7-series","Standard","","40400","NO","YES","https://www.cashall.in/api/v1/catalog/image/hp-elitebook-845-g7-series"
"LAPTOP","HP","hp","HP EliteBook 845 G8 Series","hp-elitebook-845-g8-series","Standard","","30300","NO","YES","https://www.cashall.in/api/v1/catalog/image/hp-elitebook-845-g8-series"
"LAPTOP","HP","hp","HP EliteBook 850 G5 Series","hp-elitebook-850-g5-series","Standard","","30300","NO","YES","https://www.cashall.in/api/v1/catalog/image/hp-elitebook-850-g5-series"
"LAPTOP","HP","hp","HP EliteBook 850 G6 Series","hp-elitebook-850-g6-series","Standard","","25250","NO","YES","https://www.cashall.in/api/v1/catalog/image/hp-elitebook-850-g6-series"
"LAPTOP","HP","hp","HP EliteBook 850 G7 Series","hp-elitebook-850-g7-series","Standard","","25250","NO","YES","https://www.cashall.in/api/v1/catalog/image/hp-elitebook-850-g7-series"
"LAPTOP","HP","hp","HP EliteBook 850 G8 Series","hp-elitebook-850-g8-series","Standard","","30300","NO","YES","https://www.cashall.in/api/v1/catalog/image/hp-elitebook-850-g8-series"
"LAPTOP","HP","hp","HP EliteBook 855 G7 Series","hp-elitebook-855-g7-series","Standard","","30300","NO","YES","https://www.cashall.in/api/v1/catalog/image/hp-elitebook-855-g7-series"
"LAPTOP","HP","hp","HP EliteBook 855 G8 Series","hp-elitebook-855-g8-series","Standard","","30300","NO","YES","https://www.cashall.in/api/v1/catalog/image/hp-elitebook-855-g8-series"
"LAPTOP","HP","hp","HP EliteBook X360 1030 G3 Series","hp-elitebook-x360-1030-g3-series","Standard","","30300","NO","YES","https://www.cashall.in/api/v1/catalog/image/hp-elitebook-x360-1030-g3-series"
"LAPTOP","HP","hp","HP EliteBook X360 1030 G4 Series","hp-elitebook-x360-1030-g4-series","Standard","","25250","NO","YES","https://www.cashall.in/api/v1/catalog/image/hp-elitebook-x360-1030-g4-series"
"LAPTOP","HP","hp","HP EliteBook X360 1030 G7 Series","hp-elitebook-x360-1030-g7-series","Standard","","25250","NO","YES","https://www.cashall.in/api/v1/catalog/image/hp-elitebook-x360-1030-g7-series"
"LAPTOP","HP","hp","HP EliteBook X360 1030 G8 Series","hp-elitebook-x360-1030-g8-series","Standard","","30300","NO","YES","https://www.cashall.in/api/v1/catalog/image/hp-elitebook-x360-1030-g8-series"
"LAPTOP","HP","hp","HP EliteBook X360 1040 G5 Series","hp-elitebook-x360-1040-g5-series","Standard","","30300","NO","YES","https://www.cashall.in/api/v1/catalog/image/hp-elitebook-x360-1040-g5-series"
"LAPTOP","HP","hp","HP EliteBook X360 1040 G6 Series","hp-elitebook-x360-1040-g6-series","Standard","","25250","NO","YES","https://www.cashall.in/api/v1/catalog/image/hp-elitebook-x360-1040-g6-series"
"LAPTOP","HP","hp","HP EliteBook X360 1040 G7 Series","hp-elitebook-x360-1040-g7-series","Standard","","30300","NO","YES","https://www.cashall.in/api/v1/catalog/image/hp-elitebook-x360-1040-g7-series"
"LAPTOP","HP","hp","HP EliteBook X360 1040 G8 Series","hp-elitebook-x360-1040-g8-series","Standard","","30300","NO","YES","https://www.cashall.in/api/v1/catalog/image/hp-elitebook-x360-1040-g8-series"
"LAPTOP","HP","hp","HP EliteBook X360 830 G5 Series","hp-elitebook-x360-830-g5-series","Standard","","30300","NO","YES","https://www.cashall.in/api/v1/catalog/image/hp-elitebook-x360-830-g5-series"
"LAPTOP","HP","hp","HP EliteBook X360 830 G6 Series","hp-elitebook-x360-830-g6-series","Standard","","30300","NO","YES","https://www.cashall.in/api/v1/catalog/image/hp-elitebook-x360-830-g6-series"
"LAPTOP","HP","hp","HP EliteBook X360 830 G7 Series","hp-elitebook-x360-830-g7-series","Standard","","25250","NO","YES","https://www.cashall.in/api/v1/catalog/image/hp-elitebook-x360-830-g7-series"
"LAPTOP","HP","hp","HP EliteBook X360 830 G8 Series","hp-elitebook-x360-830-g8-series","Standard","","30300","NO","YES","https://www.cashall.in/api/v1/catalog/image/hp-elitebook-x360-830-g8-series"
"LAPTOP","HP","hp","HP Envy 13 Series","hp-envy-13-series","Standard","","30300","NO","YES","https://www.cashall.in/api/v1/catalog/image/hp-envy-13-series"
"LAPTOP","HP","hp","HP Envy 14 Series","hp-envy-14-series","Standard","","3030","NO","YES","https://www.cashall.in/api/v1/catalog/image/hp-envy-14-series"
"LAPTOP","HP","hp","HP Envy 15 Series","hp-envy-15-series","Standard","","25250","NO","YES","https://www.cashall.in/api/v1/catalog/image/hp-envy-15-series"
"LAPTOP","HP","hp","HP Envy 16 Series","hp-envy-16-series","Standard","","30300","NO","YES","https://www.cashall.in/api/v1/catalog/image/hp-envy-16-series"
"LAPTOP","HP","hp","HP Envy 17 Series","hp-envy-17-series","Standard","","30300","NO","YES","https://www.cashall.in/api/v1/catalog/image/hp-envy-17-series"
"LAPTOP","HP","hp","HP Envy X360 Series","hp-envy-x360-series","Standard","","30300","NO","YES","https://www.cashall.in/api/v1/catalog/image/hp-envy-x360-series"
"LAPTOP","HP","hp","Hp HyperX Omen 2026 Series","hp-hyperx-omen-2026-series","Standard","","40400","NO","YES","https://www.cashall.in/api/v1/catalog/image/hp-hyperx-omen-2026-series"
"LAPTOP","HP","hp","HP Notebook Series","hp-notebook-series","Standard","","45450","NO","YES","https://www.cashall.in/api/v1/catalog/image/hp-notebook-series"
"LAPTOP","HP","hp","HP Omen 15 Series","hp-omen-15-series","Standard","","45450","NO","YES","https://www.cashall.in/api/v1/catalog/image/hp-omen-15-series"
"LAPTOP","HP","hp","HP Omen 16 Max Series","hp-omen-16-max-series","Standard","","60600","NO","YES","https://www.cashall.in/api/v1/catalog/image/hp-omen-16-max-series"
"LAPTOP","HP","hp","HP Omen 16 Series","hp-omen-16-series","Standard","","50500","NO","YES","https://www.cashall.in/api/v1/catalog/image/hp-omen-16-series"
"LAPTOP","HP","hp","HP Omen 17 Series","hp-omen-17-series","Standard","","60600","NO","YES","https://www.cashall.in/api/v1/catalog/image/hp-omen-17-series"
"LAPTOP","HP","hp","HP Omnibook Ultra Flip Series","hp-omnibook-ultra-flip-series","Standard","","40400","NO","YES","https://www.cashall.in/api/v1/catalog/image/hp-omnibook-ultra-flip-series"
"LAPTOP","HP","hp","HP OmniBook X Flip Series","hp-omnibook-x-flip-series","Standard","","30300","NO","YES","https://www.cashall.in/api/v1/catalog/image/hp-omnibook-x-flip-series"
"LAPTOP","HP","hp","HP Pavilion 13 Series","hp-pavilion-13-series","Standard","","25250","NO","YES","https://www.cashall.in/api/v1/catalog/image/hp-pavilion-13-series"
"LAPTOP","HP","hp","HP Pavilion 14 Series","hp-pavilion-14-series","Standard","","30300","NO","YES","https://www.cashall.in/api/v1/catalog/image/hp-pavilion-14-series"
"LAPTOP","HP","hp","HP Pavilion 15 Series","hp-pavilion-15-series","Standard","","30300","NO","YES","https://www.cashall.in/api/v1/catalog/image/hp-pavilion-15-series"
"LAPTOP","HP","hp","HP Pavilion Gaming 15 Series","hp-pavilion-gaming-15-series","Standard","","40400","NO","YES","https://www.cashall.in/api/v1/catalog/image/hp-pavilion-gaming-15-series"
"LAPTOP","HP","hp","HP Pavilion Plus 14 Series","hp-pavilion-plus-14-series","Standard","","30300","NO","YES","https://www.cashall.in/api/v1/catalog/image/hp-pavilion-plus-14-series"
"LAPTOP","HP","hp","HP Pavilion x360 Series","hp-pavilion-x360-series","Standard","","30300","NO","YES","https://www.cashall.in/api/v1/catalog/image/hp-pavilion-x360-series"
"LAPTOP","HP","hp","HP ProBook 430 G8 Series","hp-probook-430-g8-series","Standard","","30300","NO","YES","https://www.cashall.in/api/v1/catalog/image/hp-probook-430-g8-series"
"LAPTOP","HP","hp","HP ProBook 440 G7 Series","hp-probook-440-g7-series","Standard","","30300","NO","YES","https://www.cashall.in/api/v1/catalog/image/hp-probook-440-g7-series"
"LAPTOP","HP","hp","HP ProBook 440 G8 Series","hp-probook-440-g8-series","Standard","","32320","NO","YES","https://www.cashall.in/api/v1/catalog/image/hp-probook-440-g8-series"
"LAPTOP","HP","hp","HP ProBook 440 G9 Series","hp-probook-440-g9-series","Standard","","30300","NO","YES","https://www.cashall.in/api/v1/catalog/image/hp-probook-440-g9-series"
"LAPTOP","HP","hp","HP ProBook 445 G7 Series","hp-probook-445-g7-series","Standard","","25250","NO","YES","https://www.cashall.in/api/v1/catalog/image/hp-probook-445-g7-series"
"LAPTOP","HP","hp","HP ProBook 445 G8 Series","hp-probook-445-g8-series","Standard","","30300","NO","YES","https://www.cashall.in/api/v1/catalog/image/hp-probook-445-g8-series"
"LAPTOP","HP","hp","HP ProBook 450 G7 Series","hp-probook-450-g7-series","Standard","","25250","NO","YES","https://www.cashall.in/api/v1/catalog/image/hp-probook-450-g7-series"
"LAPTOP","HP","hp","HP ProBook 450 G8 Series","hp-probook-450-g8-series","Standard","","35350","NO","YES","https://www.cashall.in/api/v1/catalog/image/hp-probook-450-g8-series"
"LAPTOP","HP","hp","HP ProBook 455 G7 Series","hp-probook-455-g7-series","Standard","","25250","NO","YES","https://www.cashall.in/api/v1/catalog/image/hp-probook-455-g7-series"
"LAPTOP","HP","hp","HP ProBook 455 G8 Series","hp-probook-455-g8-series","Standard","","30300","NO","YES","https://www.cashall.in/api/v1/catalog/image/hp-probook-455-g8-series"
"LAPTOP","HP","hp","HP ProBook 630 G8 Series","hp-probook-630-g8-series","Standard","","30300","NO","YES","https://www.cashall.in/api/v1/catalog/image/hp-probook-630-g8-series"
"LAPTOP","HP","hp","HP ProBook 635 Aero G8 Series","hp-probook-635-aero-g8-series","Standard","","30300","NO","YES","https://www.cashall.in/api/v1/catalog/image/hp-probook-635-aero-g8-series"
"LAPTOP","HP","hp","HP ProBook 640 G8 Series","hp-probook-640-g8-series","Standard","","30300","NO","YES","https://www.cashall.in/api/v1/catalog/image/hp-probook-640-g8-series"
"LAPTOP","HP","hp","HP ProBook 650 G8 Series","hp-probook-650-g8-series","Standard","","30300","NO","YES","https://www.cashall.in/api/v1/catalog/image/hp-probook-650-g8-series"
"LAPTOP","HP","hp","HP ProBook X360 435 G8 Series","hp-probook-x360-435-g8-series","Standard","","30300","NO","YES","https://www.cashall.in/api/v1/catalog/image/hp-probook-x360-435-g8-series"
"LAPTOP","HP","hp","HP ProBook X360 440 G1 Series","hp-probook-x360-440-g1-series","Standard","","20200","NO","YES","https://www.cashall.in/api/v1/catalog/image/hp-probook-x360-440-g1-series"
"LAPTOP","HP","hp","HP Spectre X360 13 Series","hp-spectre-x360-13-series","Standard","","30300","NO","YES","https://www.cashall.in/api/v1/catalog/image/hp-spectre-x360-13-series"
"LAPTOP","HP","hp","HP Spectre X360 14 Series","hp-spectre-x360-14-series","Standard","","30300","NO","YES","https://www.cashall.in/api/v1/catalog/image/hp-spectre-x360-14-series"
"LAPTOP","HP","hp","HP Spectre X360 16 Series","hp-spectre-x360-16-series","Standard","","30300","NO","YES","https://www.cashall.in/api/v1/catalog/image/hp-spectre-x360-16-series"
"LAPTOP","HP","hp","HP Victus 15 Series","hp-victus-15-series","Standard","","40400","NO","YES","https://www.cashall.in/api/v1/catalog/image/hp-victus-15-series"
"LAPTOP","HP","hp","HP Victus 16 Series","hp-victus-16-series","Standard","","40400","NO","YES","https://www.cashall.in/api/v1/catalog/image/hp-victus-16-series"
"LAPTOP","HP","hp","HP ZBook 14 Series","hp-zbook-14-series","Standard","","30300","NO","YES","https://www.cashall.in/api/v1/catalog/image/hp-zbook-14-series"
"LAPTOP","HP","hp","HP ZBook 14u G5 Series","hp-zbook-14u-g5-series","Standard","","30300","NO","YES","https://www.cashall.in/api/v1/catalog/image/hp-zbook-14u-g5-series"
"LAPTOP","HP","hp","HP ZBook 14u G6 Series","hp-zbook-14u-g6-series","Standard","","30300","NO","YES","https://www.cashall.in/api/v1/catalog/image/hp-zbook-14u-g6-series"
"LAPTOP","HP","hp","HP ZBook 14u Series","hp-zbook-14u-series","Standard","","30300","NO","YES","https://www.cashall.in/api/v1/catalog/image/hp-zbook-14u-series"
"LAPTOP","HP","hp","HP ZBook 15 G5 Series","hp-zbook-15-g5-series","Standard","","30300","NO","YES","https://www.cashall.in/api/v1/catalog/image/hp-zbook-15-g5-series"
"LAPTOP","HP","hp","HP ZBook 15 G6 Series","hp-zbook-15-g6-series","Standard","","30300","NO","YES","https://www.cashall.in/api/v1/catalog/image/hp-zbook-15-g6-series"
"LAPTOP","HP","hp","HP ZBook 15u G5 Series","hp-zbook-15u-g5-series","Standard","","30300","NO","YES","https://www.cashall.in/api/v1/catalog/image/hp-zbook-15u-g5-series"
"LAPTOP","HP","hp","HP ZBook 15u G6 Series","hp-zbook-15u-g6-series","Standard","","30300","NO","YES","https://www.cashall.in/api/v1/catalog/image/hp-zbook-15u-g6-series"
"LAPTOP","HP","hp","HP ZBook 15u Series","hp-zbook-15u-series","Standard","","25250","NO","YES","https://www.cashall.in/api/v1/catalog/image/hp-zbook-15u-series"
"LAPTOP","HP","hp","HP ZBook 17 G5 Series","hp-zbook-17-g5-series","Standard","","30300","NO","YES","https://www.cashall.in/api/v1/catalog/image/hp-zbook-17-g5-series"
"LAPTOP","HP","hp","HP ZBook 17 G6 Series","hp-zbook-17-g6-series","Standard","","30300","NO","YES","https://www.cashall.in/api/v1/catalog/image/hp-zbook-17-g6-series"
"LAPTOP","HP","hp","HP ZBook Create G7 Series","hp-zbook-create-g7-series","Standard","","30300","NO","YES","https://www.cashall.in/api/v1/catalog/image/hp-zbook-create-g7-series"
"LAPTOP","HP","hp","HP ZBook Firefly 14 G7 Series","hp-zbook-firefly-14-g7-series","Standard","","30300","NO","YES","https://www.cashall.in/api/v1/catalog/image/hp-zbook-firefly-14-g7-series"
"LAPTOP","HP","hp","HP ZBook Firefly 14 G8 Series","hp-zbook-firefly-14-g8-series","Standard","","30300","NO","YES","https://www.cashall.in/api/v1/catalog/image/hp-zbook-firefly-14-g8-series"
"LAPTOP","HP","hp","HP ZBook Firefly 14 G9 Series","hp-zbook-firefly-14-g9-series","Standard","","36259","NO","YES","https://www.cashall.in/api/v1/catalog/image/hp-zbook-firefly-14-g9-series"
"LAPTOP","HP","hp","HP ZBook Firefly 15 G7 Series","hp-zbook-firefly-15-g7-series","Standard","","30300","NO","YES","https://www.cashall.in/api/v1/catalog/image/hp-zbook-firefly-15-g7-series"
"LAPTOP","HP","hp","HP ZBook Firefly 15 G8 Series","hp-zbook-firefly-15-g8-series","Standard","","30300","NO","YES","https://www.cashall.in/api/v1/catalog/image/hp-zbook-firefly-15-g8-series"
"LAPTOP","HP","hp","HP ZBook Fury 15 G7 Series","hp-zbook-fury-15-g7-series","Standard","","30300","NO","YES","https://www.cashall.in/api/v1/catalog/image/hp-zbook-fury-15-g7-series"
"LAPTOP","HP","hp","HP ZBook Fury 16 G9 Series","hp-zbook-fury-16-g9-series","Standard","","30300","NO","YES","https://www.cashall.in/api/v1/catalog/image/hp-zbook-fury-16-g9-series"
"LAPTOP","HP","hp","HP ZBook Fury 17 G7 Series","hp-zbook-fury-17-g7-series","Standard","","30300","NO","YES","https://www.cashall.in/api/v1/catalog/image/hp-zbook-fury-17-g7-series"
"LAPTOP","HP","hp","HP ZBook Power 15 G7 Series","hp-zbook-power-15-g7-series","Standard","","30300","NO","YES","https://www.cashall.in/api/v1/catalog/image/hp-zbook-power-15-g7-series"
"LAPTOP","HP","hp","HP ZBook Power 15 G9 Series","hp-zbook-power-15-g9-series","Standard","","30300","NO","YES","https://www.cashall.in/api/v1/catalog/image/hp-zbook-power-15-g9-series"
"LAPTOP","HP","hp","HP ZBook Power 17 G7 Series","hp-zbook-power-17-g7-series","Standard","","30300","NO","YES","https://www.cashall.in/api/v1/catalog/image/hp-zbook-power-17-g7-series"
"LAPTOP","HP","hp","HP ZBook Studio 16 G9 Series","hp-zbook-studio-16-g9-series","Standard","","30300","NO","YES","https://www.cashall.in/api/v1/catalog/image/hp-zbook-studio-16-g9-series"
"LAPTOP","HP","hp","HP ZBook Studio G5 Series","hp-zbook-studio-g5-series","Standard","","30300","NO","YES","https://www.cashall.in/api/v1/catalog/image/hp-zbook-studio-g5-series"
"LAPTOP","HP","hp","HP ZBook Studio G7 Series","hp-zbook-studio-g7-series","Standard","","30300","NO","YES","https://www.cashall.in/api/v1/catalog/image/hp-zbook-studio-g7-series"
"LAPTOP","HP","hp","HP ZBook Studio x360 G5 Series","hp-zbook-studio-x360-g5-series","Standard","","30300","NO","YES","https://www.cashall.in/api/v1/catalog/image/hp-zbook-studio-x360-g5-series"
"LAPTOP","HP","hp","HP ZBook Studio X360 Series","hp-zbook-studio-x360-series","Standard","","30300","NO","YES","https://www.cashall.in/api/v1/catalog/image/hp-zbook-studio-x360-series"
"LAPTOP","HP","hp","Omen Series","omen-series","Standard","","60600","NO","YES","https://www.cashall.in/api/v1/catalog/image/omen-series"
"LAPTOP","HP","hp","Other HP Series","other-hp-series","Standard","","45450","NO","YES","https://www.cashall.in/api/v1/catalog/image/other-hp-series"
"LAPTOP","HP","hp","Pavilion Gaming Series","pavilion-gaming-series","Standard","","45450","NO","YES","https://www.cashall.in/api/v1/catalog/image/pavilion-gaming-series"
"LAPTOP","HP","hp","Pavilion Power Series","pavilion-power-series","Standard","","45450","NO","YES","https://www.cashall.in/api/v1/catalog/image/pavilion-power-series"
"LAPTOP","HP","hp","Pavilion Series","pavilion-series","Standard","","45450","NO","YES","https://www.cashall.in/api/v1/catalog/image/pavilion-series"
"LAPTOP","HP","hp","Probook Series","probook-series","Standard","","30300","NO","YES","https://www.cashall.in/api/v1/catalog/image/probook-series"
"LAPTOP","HP","hp","SlateBook Series","slatebook-series","Standard","","2676","NO","YES","https://www.cashall.in/api/v1/catalog/image/slatebook-series"
"LAPTOP","HP","hp","Spectre Series","spectre-series","Standard","","45450","NO","YES","https://www.cashall.in/api/v1/catalog/image/spectre-series"
"LAPTOP","HP","hp","Split Series","split-series","Standard","","30300","NO","YES","https://www.cashall.in/api/v1/catalog/image/split-series"
"LAPTOP","HP","hp","Stream Series","stream-series","Standard","","2636","NO","YES","https://www.cashall.in/api/v1/catalog/image/stream-series"
"LAPTOP","HP","hp","Victus Series","victus-series","Standard","","40400","NO","YES","https://www.cashall.in/api/v1/catalog/image/victus-series"
"LAPTOP","HP","hp","ZBook 8 Series","zbook-8-series","Standard","","35350","NO","YES","https://www.cashall.in/api/v1/catalog/image/zbook-8-series"
"LAPTOP","HP","hp","ZBook Firefly 16 G9 Series","zbook-firefly-16-g9-series","Standard","","30300","NO","YES","https://www.cashall.in/api/v1/catalog/image/zbook-firefly-16-g9-series"
"LAPTOP","HP","hp","ZBook Firefly Series","zbook-firefly-series","Standard","","40400","NO","YES","https://www.cashall.in/api/v1/catalog/image/zbook-firefly-series"
"LAPTOP","HP","hp","ZBook Fury Series","zbook-fury-series","Standard","","45450","NO","YES","https://www.cashall.in/api/v1/catalog/image/zbook-fury-series"
"LAPTOP","HP","hp","ZBook Power Series","zbook-power-series","Standard","","45450","NO","YES","https://www.cashall.in/api/v1/catalog/image/zbook-power-series"
"LAPTOP","HP","hp","ZBook Series","zbook-series","Standard","","30300","NO","YES","https://www.cashall.in/api/v1/catalog/image/zbook-series"
"LAPTOP","HP","hp","ZBook Studio Series","zbook-studio-series","Standard","","45450","NO","YES","https://www.cashall.in/api/v1/catalog/image/zbook-studio-series"
"LAPTOP","HP","hp","ZBook X Series","zbook-x-series","Standard","","40400","NO","YES","https://www.cashall.in/api/v1/catalog/image/zbook-x-series"
"LAPTOP","Lenovo","lenovo","IdeaPad 100 Series","ideapad-100-series","Standard","","5020","NO","YES","https://www.cashall.in/api/v1/catalog/image/ideapad-100-series"
"LAPTOP","Lenovo","lenovo","IdeaPad 300 Series","ideapad-300-series","Standard","","11595","NO","YES","https://www.cashall.in/api/v1/catalog/image/ideapad-300-series"
"LAPTOP","Lenovo","lenovo","IdeaPad 5 Series","ideapad-5-series","Standard","","12625","NO","YES","https://www.cashall.in/api/v1/catalog/image/ideapad-5-series"
"LAPTOP","Lenovo","lenovo","IdeaPad 500 Series","ideapad-500-series","Standard","","6373","NO","YES","https://www.cashall.in/api/v1/catalog/image/ideapad-500-series"
"LAPTOP","Lenovo","lenovo","IdeaPad 700 Series","ideapad-700-series","Standard","","45450","NO","YES","https://www.cashall.in/api/v1/catalog/image/ideapad-700-series"
"LAPTOP","Lenovo","lenovo","IdeaPad 900 Series","ideapad-900-series","Standard","","45450","NO","YES","https://www.cashall.in/api/v1/catalog/image/ideapad-900-series"
"LAPTOP","Lenovo","lenovo","IdeaPad D Series","ideapad-d-series","Standard","","6010","NO","YES","https://www.cashall.in/api/v1/catalog/image/ideapad-d-series"
"LAPTOP","Lenovo","lenovo","IdeaPad Flex Series","ideapad-flex-series","Standard","","6767","NO","YES","https://www.cashall.in/api/v1/catalog/image/ideapad-flex-series"
"LAPTOP","Lenovo","lenovo","IdeaPad Gaming 3 15ACH6","ideapad-gaming-3-15ach6","Standard","","0","YES","YES","https://www.cashall.in/api/v1/catalog/image/ideapad-gaming-3-15ach6"
"LAPTOP","Lenovo","lenovo","IdeaPad Gaming Series","ideapad-gaming-series","Standard","","20311","NO","YES","https://www.cashall.in/api/v1/catalog/image/ideapad-gaming-series"
"LAPTOP","Lenovo","lenovo","IdeaPad S Series","ideapad-s-series","Standard","","5595","NO","YES","https://www.cashall.in/api/v1/catalog/image/ideapad-s-series"
"LAPTOP","Lenovo","lenovo","IdeaPad Slim 3 15IAH8","ideapad-slim-3-15iah8","Standard","","0","YES","YES","https://www.cashall.in/api/v1/catalog/image/ideapad-slim-3-15iah8"
"LAPTOP","Lenovo","lenovo","IdeaPad Slim 3i Series","ideapad-slim-3i-series","Standard","","17503","NO","YES","https://www.cashall.in/api/v1/catalog/image/ideapad-slim-3i-series"
"LAPTOP","Lenovo","lenovo","IdeaPad Slim 5 14IRL8","ideapad-slim-5-14irl8","Standard","","0","YES","YES","https://www.cashall.in/api/v1/catalog/image/ideapad-slim-5-14irl8"
"LAPTOP","Lenovo","lenovo","IdeaPad Slim 5i Series","ideapad-slim-5i-series","Standard","","22472","NO","YES","https://www.cashall.in/api/v1/catalog/image/ideapad-slim-5i-series"
"LAPTOP","Lenovo","lenovo","Legion 5 Series","legion-5-series","Standard","","22079","NO","YES","https://www.cashall.in/api/v1/catalog/image/legion-5-series"
"LAPTOP","Lenovo","lenovo","Legion 5i Pro Series","legion-5i-pro-series","Standard","","43430","NO","YES","https://www.cashall.in/api/v1/catalog/image/legion-5i-pro-series"
"LAPTOP","Lenovo","lenovo","Legion 5i Series","legion-5i-series","Standard","","35350","NO","YES","https://www.cashall.in/api/v1/catalog/image/legion-5i-series"
"LAPTOP","Lenovo","lenovo","Legion 7 16IRX9","legion-7-16irx9","Standard","","0","YES","YES","https://www.cashall.in/api/v1/catalog/image/legion-7-16irx9"
"LAPTOP","Lenovo","lenovo","Legion 7 Series","legion-7-series","Standard","","33178","NO","YES","https://www.cashall.in/api/v1/catalog/image/legion-7-series"
"LAPTOP","Lenovo","lenovo","Legion 9i Series","legion-9i-series","Standard","","60600","NO","YES","https://www.cashall.in/api/v1/catalog/image/legion-9i-series"
"LAPTOP","Lenovo","lenovo","Legion Pro 5 Series","legion-pro-5-series","Standard","","40400","NO","YES","https://www.cashall.in/api/v1/catalog/image/legion-pro-5-series"
"LAPTOP","Lenovo","lenovo","Legion Pro 5i Series","legion-pro-5i-series","Standard","","39390","NO","YES","https://www.cashall.in/api/v1/catalog/image/legion-pro-5i-series"
"LAPTOP","Lenovo","lenovo","Legion Pro 7i Series","legion-pro-7i-series","Standard","","50500","NO","YES","https://www.cashall.in/api/v1/catalog/image/legion-pro-7i-series"
"LAPTOP","Lenovo","lenovo","Legion Series","legion-series","Standard","","45450","NO","YES","https://www.cashall.in/api/v1/catalog/image/legion-series"
"LAPTOP","Lenovo","lenovo","Legion Series","legion-y-series","Standard","","0","YES","YES","https://www.cashall.in/api/v1/catalog/image/legion-y-series"
"LAPTOP","Lenovo","lenovo","Legion Slim 5 Series","legion-slim-5-series","Standard","","30300","NO","YES","https://www.cashall.in/api/v1/catalog/image/legion-slim-5-series"
"LAPTOP","Lenovo","lenovo","Legion Slim 5i Series","legion-slim-5i-series","Standard","","38380","NO","YES","https://www.cashall.in/api/v1/catalog/image/legion-slim-5i-series"
"LAPTOP","Lenovo","lenovo","Legion Y530 Series","legion-y530-series","Standard","","40400","NO","YES","https://www.cashall.in/api/v1/catalog/image/legion-y530-series"
"LAPTOP","Lenovo","lenovo","Lenovo 100e Series","lenovo-100e-series","Standard","","30300","NO","YES","https://www.cashall.in/api/v1/catalog/image/lenovo-100e-series"
"LAPTOP","Lenovo","lenovo","Lenovo 11e Series","lenovo-11e-series","Standard","","2909","NO","YES","https://www.cashall.in/api/v1/catalog/image/lenovo-11e-series"
"LAPTOP","Lenovo","lenovo","Lenovo 300e Series","lenovo-300e-series","Standard","","30300","NO","YES","https://www.cashall.in/api/v1/catalog/image/lenovo-300e-series"
"LAPTOP","Lenovo","lenovo","Lenovo 500e Series","lenovo-500e-series","Standard","","30300","NO","YES","https://www.cashall.in/api/v1/catalog/image/lenovo-500e-series"
"LAPTOP","Lenovo","lenovo","Lenovo IdeaPad Gaming 3 Series","lenovo-ideapad-gaming-3-series","Standard","","40400","NO","YES","https://www.cashall.in/api/v1/catalog/image/lenovo-ideapad-gaming-3-series"
"LAPTOP","Lenovo","lenovo","Lenovo IdeaPad Gaming 3i Series","lenovo-ideapad-gaming-3i-series","Standard","","40400","NO","YES","https://www.cashall.in/api/v1/catalog/image/lenovo-ideapad-gaming-3i-series"
"LAPTOP","Lenovo","lenovo","Lenovo IdeaPad Slim 1 Gen Series","lenovo-ideapad-slim-1-gen-series","Standard","","30300","NO","YES","https://www.cashall.in/api/v1/catalog/image/lenovo-ideapad-slim-1-gen-series"
"LAPTOP","Lenovo","lenovo","Lenovo IdeaPad Slim 1i Gen Series","lenovo-ideapad-slim-1i-gen-series","Standard","","30300","NO","YES","https://www.cashall.in/api/v1/catalog/image/lenovo-ideapad-slim-1i-gen-series"
"LAPTOP","Lenovo","lenovo","Lenovo IdeaPad Slim 3 Gen Series","lenovo-ideapad-slim-3-gen-series","Standard","","30300","NO","YES","https://www.cashall.in/api/v1/catalog/image/lenovo-ideapad-slim-3-gen-series"
"LAPTOP","Lenovo","lenovo","Lenovo IdeaPad Slim 5 Gen Series","lenovo-ideapad-slim-5-gen-series","Standard","","30300","NO","YES","https://www.cashall.in/api/v1/catalog/image/lenovo-ideapad-slim-5-gen-series"
"LAPTOP","Lenovo","lenovo","Lenovo Legion 5 15 Series","lenovo-legion-5-15-series","Standard","","30300","NO","YES","https://www.cashall.in/api/v1/catalog/image/lenovo-legion-5-15-series"
"LAPTOP","Lenovo","lenovo","Lenovo Legion 5 17 Series","lenovo-legion-5-17-series","Standard","","30300","NO","YES","https://www.cashall.in/api/v1/catalog/image/lenovo-legion-5-17-series"
"LAPTOP","Lenovo","lenovo","Lenovo Legion 5i 17 Series","lenovo-legion-5i-17-series","Standard","","30300","NO","YES","https://www.cashall.in/api/v1/catalog/image/lenovo-legion-5i-17-series"
"LAPTOP","Lenovo","lenovo","Lenovo Legion 7i Series","lenovo-legion-7i-series","Standard","","40400","NO","YES","https://www.cashall.in/api/v1/catalog/image/lenovo-legion-7i-series"
"LAPTOP","Lenovo","lenovo","Lenovo Legion Slim 7 Series","lenovo-legion-slim-7-series","Standard","","30300","NO","YES","https://www.cashall.in/api/v1/catalog/image/lenovo-legion-slim-7-series"
"LAPTOP","Lenovo","lenovo","Lenovo Legion Slim 7i Series","lenovo-legion-slim-7i-series","Standard","","20200","NO","YES","https://www.cashall.in/api/v1/catalog/image/lenovo-legion-slim-7i-series"
"LAPTOP","Lenovo","lenovo","Lenovo Legion Y520 Series","lenovo-legion-y520-series","Standard","","30300","NO","YES","https://www.cashall.in/api/v1/catalog/image/lenovo-legion-y520-series"
"LAPTOP","Lenovo","lenovo","Lenovo Legion Y540 Series","lenovo-legion-y540-series","Standard","","30300","NO","YES","https://www.cashall.in/api/v1/catalog/image/lenovo-legion-y540-series"
"LAPTOP","Lenovo","lenovo","Lenovo Legion Y7000 Series","lenovo-legion-y7000-series","Standard","","40400","NO","YES","https://www.cashall.in/api/v1/catalog/image/lenovo-legion-y7000-series"
"LAPTOP","Lenovo","lenovo","Lenovo Legion Y720 Series","lenovo-legion-y720-series","Standard","","30300","NO","YES","https://www.cashall.in/api/v1/catalog/image/lenovo-legion-y720-series"
"LAPTOP","Lenovo","lenovo","Lenovo Legion Y730 Series","lenovo-legion-y730-series","Standard","","8080","NO","YES","https://www.cashall.in/api/v1/catalog/image/lenovo-legion-y730-series"
"LAPTOP","Lenovo","lenovo","Lenovo LOQ Series","lenovo-loq-series","Standard","","40400","NO","YES","https://www.cashall.in/api/v1/catalog/image/lenovo-loq-series"
"LAPTOP","Lenovo","lenovo","Lenovo N Series","lenovo-n-series","Standard","","30300","NO","YES","https://www.cashall.in/api/v1/catalog/image/lenovo-n-series"
"LAPTOP","Lenovo","lenovo","Lenovo ThinkBook 13s","lenovo-thinkbook-13s","Standard","","30300","NO","YES","https://www.cashall.in/api/v1/catalog/image/lenovo-thinkbook-13s"
"LAPTOP","Lenovo","lenovo","Lenovo ThinkBook 13s Series","lenovo-thinkbook-13s-series","Standard","","30300","NO","YES","https://www.cashall.in/api/v1/catalog/image/lenovo-thinkbook-13s-series"
"LAPTOP","Lenovo","lenovo","Lenovo ThinkBook 13x Series","lenovo-thinkbook-13x-series","Standard","","30300","NO","YES","https://www.cashall.in/api/v1/catalog/image/lenovo-thinkbook-13x-series"
"LAPTOP","Lenovo","lenovo","Lenovo ThinkBook 14 Series","lenovo-thinkbook-14-series","Standard","","30300","NO","YES","https://www.cashall.in/api/v1/catalog/image/lenovo-thinkbook-14-series"
"LAPTOP","Lenovo","lenovo","Lenovo ThinkBook 14P Series","lenovo-thinkbook-14p-series","Standard","","30300","NO","YES","https://www.cashall.in/api/v1/catalog/image/lenovo-thinkbook-14p-series"
"LAPTOP","Lenovo","lenovo","Lenovo ThinkBook 14S Series","lenovo-thinkbook-14s-series","Standard","","30300","NO","YES","https://www.cashall.in/api/v1/catalog/image/lenovo-thinkbook-14s-series"
"LAPTOP","Lenovo","lenovo","Lenovo ThinkBook 14s Yoga Series","lenovo-thinkbook-14s-yoga-series","Standard","","30300","NO","YES","https://www.cashall.in/api/v1/catalog/image/lenovo-thinkbook-14s-yoga-series"
"LAPTOP","Lenovo","lenovo","Lenovo ThinkBook 15 Series","lenovo-thinkbook-15-series","Standard","","30300","NO","YES","https://www.cashall.in/api/v1/catalog/image/lenovo-thinkbook-15-series"
"LAPTOP","Lenovo","lenovo","Lenovo ThinkBook 15P Series","lenovo-thinkbook-15p-series","Standard","","30300","NO","YES","https://www.cashall.in/api/v1/catalog/image/lenovo-thinkbook-15p-series"
"LAPTOP","Lenovo","lenovo","Lenovo ThinkBook 16P Series","lenovo-thinkbook-16p-series","Standard","","30300","NO","YES","https://www.cashall.in/api/v1/catalog/image/lenovo-thinkbook-16p-series"
"LAPTOP","Lenovo","lenovo","Lenovo ThinkPad E14 Series","lenovo-thinkpad-e14-series","Standard","","30300","NO","YES","https://www.cashall.in/api/v1/catalog/image/lenovo-thinkpad-e14-series"
"LAPTOP","Lenovo","lenovo","Lenovo ThinkPad Z13 Series","lenovo-thinkpad-z13-series","Standard","","30300","NO","YES","https://www.cashall.in/api/v1/catalog/image/lenovo-thinkpad-z13-series"
"LAPTOP","Lenovo","lenovo","Lenovo ThinkPad Z16 Series","lenovo-thinkpad-z16-series","Standard","","30300","NO","YES","https://www.cashall.in/api/v1/catalog/image/lenovo-thinkpad-z16-series"
"LAPTOP","Lenovo","lenovo","Lenovo V Series","lenovo-v-series","Standard","","6444","NO","YES","https://www.cashall.in/api/v1/catalog/image/lenovo-v-series"
"LAPTOP","Lenovo","lenovo","Lenovo V15 Gen 4 Series","lenovo-v15-gen-4-series","Standard","","40400","NO","YES","https://www.cashall.in/api/v1/catalog/image/lenovo-v15-gen-4-series"
"LAPTOP","Lenovo","lenovo","Lenovo Y Series","lenovo-y-series","Standard","","18968","NO","YES","https://www.cashall.in/api/v1/catalog/image/lenovo-y-series"
"LAPTOP","Lenovo","lenovo","Lenovo Yoga 9 Series","lenovo-yoga-9-series","Standard","","30300","NO","YES","https://www.cashall.in/api/v1/catalog/image/lenovo-yoga-9-series"
"LAPTOP","Lenovo","lenovo","Lenovo Yoga Duet 7i Series","lenovo-yoga-duet-7i-series","Standard","","30300","NO","YES","https://www.cashall.in/api/v1/catalog/image/lenovo-yoga-duet-7i-series"
"LAPTOP","Lenovo","lenovo","Lenovo Yoga Slim 7i Aura Edition Series","lenovo-yoga-slim-7i-aura-edition-series","Standard","","40400","NO","YES","https://www.cashall.in/api/v1/catalog/image/lenovo-yoga-slim-7i-aura-edition-series"
"LAPTOP","Lenovo","lenovo","Other Lenovo Series","other-lenovo-series","Standard","","4454","NO","YES","https://www.cashall.in/api/v1/catalog/image/other-lenovo-series"
"LAPTOP","Lenovo","lenovo","Student Chromebooks","student-chromebooks","Standard","","1333","NO","YES","https://www.cashall.in/api/v1/catalog/image/student-chromebooks"
"LAPTOP","Lenovo","lenovo","ThinkBook 15 Gen 5","thinkbook-15-gen-5","Standard","","0","YES","YES","https://www.cashall.in/api/v1/catalog/image/thinkbook-15-gen-5"
"LAPTOP","Lenovo","lenovo","ThinkBook Series","thinkbook-series","Standard","","5908","NO","YES","https://www.cashall.in/api/v1/catalog/image/thinkbook-series"
"LAPTOP","Lenovo","lenovo","Thinkpad 11e Series","thinkpad-11e-series","Standard","","45450","NO","YES","https://www.cashall.in/api/v1/catalog/image/thinkpad-11e-series"
"LAPTOP","Lenovo","lenovo","Thinkpad A Series","thinkpad-a-series","Standard","","45450","NO","YES","https://www.cashall.in/api/v1/catalog/image/thinkpad-a-series"
"LAPTOP","Lenovo","lenovo","Thinkpad E Series","thinkpad-e-series","Standard","","11999","NO","YES","https://www.cashall.in/api/v1/catalog/image/thinkpad-e-series"
"LAPTOP","Lenovo","lenovo","ThinkPad E16 Gen 1","thinkpad-e16-gen-1","Standard","","0","YES","YES","https://www.cashall.in/api/v1/catalog/image/thinkpad-e16-gen-1"
"LAPTOP","Lenovo","lenovo","Thinkpad Edge Series","thinkpad-edge-series","Standard","","5161","NO","YES","https://www.cashall.in/api/v1/catalog/image/thinkpad-edge-series"
"LAPTOP","Lenovo","lenovo","Thinkpad Helix Series","thinkpad-helix-series","Standard","","6141","NO","YES","https://www.cashall.in/api/v1/catalog/image/thinkpad-helix-series"
"LAPTOP","Lenovo","lenovo","Thinkpad L Series","thinkpad-l-series","Standard","","8777","NO","YES","https://www.cashall.in/api/v1/catalog/image/thinkpad-l-series"
"LAPTOP","Lenovo","lenovo","Thinkpad P Series","thinkpad-p-series","Standard","","7696","NO","YES","https://www.cashall.in/api/v1/catalog/image/thinkpad-p-series"
"LAPTOP","Lenovo","lenovo","Thinkpad T Series","thinkpad-t-series","Standard","","6110","NO","YES","https://www.cashall.in/api/v1/catalog/image/thinkpad-t-series"
"LAPTOP","Lenovo","lenovo","ThinkPad T14s Gen 4","thinkpad-t14s-gen-4","Standard","","0","YES","YES","https://www.cashall.in/api/v1/catalog/image/thinkpad-t14s-gen-4"
"LAPTOP","Lenovo","lenovo","Thinkpad Twist Series","thinkpad-twist-series","Standard","","45450","NO","YES","https://www.cashall.in/api/v1/catalog/image/thinkpad-twist-series"
"LAPTOP","Lenovo","lenovo","Thinkpad X Series","thinkpad-x-series","Standard","","7403","NO","YES","https://www.cashall.in/api/v1/catalog/image/thinkpad-x-series"
"LAPTOP","Lenovo","lenovo","ThinkPad X1 Carbon Gen 11","thinkpad-x1-carbon-gen-11","Standard","","0","YES","YES","https://www.cashall.in/api/v1/catalog/image/thinkpad-x1-carbon-gen-11"
"LAPTOP","Lenovo","lenovo","Thinkpad X1 Series","thinkpad-x1-series","Standard","","30300","NO","YES","https://www.cashall.in/api/v1/catalog/image/thinkpad-x1-series"
"LAPTOP","Lenovo","lenovo","Yoga 500 Series","yoga-500-series","Standard","","10120","NO","YES","https://www.cashall.in/api/v1/catalog/image/yoga-500-series"
"LAPTOP","Lenovo","lenovo","Yoga 6 Series","yoga-6-series","Standard","","30300","NO","YES","https://www.cashall.in/api/v1/catalog/image/yoga-6-series"
"LAPTOP","Lenovo","lenovo","Yoga 7 Series","yoga-7-series","Standard","","30300","NO","YES","https://www.cashall.in/api/v1/catalog/image/yoga-7-series"
"LAPTOP","Lenovo","lenovo","Yoga 700 Series","yoga-700-series","Standard","","10443","NO","YES","https://www.cashall.in/api/v1/catalog/image/yoga-700-series"
"LAPTOP","Lenovo","lenovo","Yoga 7i Series","yoga-7i-series","Standard","","35350","NO","YES","https://www.cashall.in/api/v1/catalog/image/yoga-7i-series"
"LAPTOP","Lenovo","lenovo","Yoga 900 Series","yoga-900-series","Standard","","45450","NO","YES","https://www.cashall.in/api/v1/catalog/image/yoga-900-series"
"LAPTOP","Lenovo","lenovo","Yoga 9i 14IRH8","yoga-9i-14irh8","Standard","","0","YES","YES","https://www.cashall.in/api/v1/catalog/image/yoga-9i-14irh8"
"LAPTOP","Lenovo","lenovo","Yoga 9i Series","yoga-9i-series","Standard","","50500","NO","YES","https://www.cashall.in/api/v1/catalog/image/yoga-9i-series"
"LAPTOP","Lenovo","lenovo","Yoga Book 9i Dual OLED","yoga-book-9i-dual-oled","Standard","","0","YES","YES","https://www.cashall.in/api/v1/catalog/image/yoga-book-9i-dual-oled"
"LAPTOP","Lenovo","lenovo","Yoga Book 9i Series","yoga-book-9i-series","Standard","","55550","NO","YES","https://www.cashall.in/api/v1/catalog/image/yoga-book-9i-series"
"LAPTOP","Lenovo","lenovo","Yoga C Series","yoga-c-series","Standard","","4727","NO","YES","https://www.cashall.in/api/v1/catalog/image/yoga-c-series"
"LAPTOP","Lenovo","lenovo","Yoga Pro 7i Series","yoga-pro-7i-series","Standard","","40400","NO","YES","https://www.cashall.in/api/v1/catalog/image/yoga-pro-7i-series"
"LAPTOP","Lenovo","lenovo","Yoga Slim 6i Series","yoga-slim-6i-series","Standard","","30300","NO","YES","https://www.cashall.in/api/v1/catalog/image/yoga-slim-6i-series"
"LAPTOP","Lenovo","lenovo","Yoga Slim 7 Series","yoga-slim-7-series","Standard","","30300","NO","YES","https://www.cashall.in/api/v1/catalog/image/yoga-slim-7-series"
"LAPTOP","Lenovo","lenovo","Yoga Slim 7i Series","yoga-slim-7i-series","Standard","","38380","NO","YES","https://www.cashall.in/api/v1/catalog/image/yoga-slim-7i-series"
"LAPTOP","LG","lg","LG Gram Series","lg-gram-series","Standard","","8585","NO","YES","https://www.cashall.in/api/v1/catalog/image/lg-gram-series"
"LAPTOP","LG","lg","Other LG Series","other-lg-series","Standard","","6171","NO","YES","https://www.cashall.in/api/v1/catalog/image/other-lg-series"
"LAPTOP","Microsoft","microsoft","Other Microsoft Series","other-microsoft-series","Standard","","10827","NO","YES","https://www.cashall.in/api/v1/catalog/image/other-microsoft-series"
"LAPTOP","Microsoft","microsoft","Surface 2 Series","surface-2-series","Standard","","4939","NO","YES","https://www.cashall.in/api/v1/catalog/image/surface-2-series"
"LAPTOP","Microsoft","microsoft","Surface 3 Series","surface-3-series","Standard","","5545","NO","YES","https://www.cashall.in/api/v1/catalog/image/surface-3-series"
"LAPTOP","Microsoft","microsoft","Surface Book 2 Series","surface-book-2-series","Standard","","14403","NO","YES","https://www.cashall.in/api/v1/catalog/image/surface-book-2-series"
"LAPTOP","Microsoft","microsoft","Surface Book 3 Series","surface-book-3-series","Standard","","17594","NO","YES","https://www.cashall.in/api/v1/catalog/image/surface-book-3-series"
"LAPTOP","Microsoft","microsoft","Surface Book Series","surface-book-series","Standard","","12474","NO","YES","https://www.cashall.in/api/v1/catalog/image/surface-book-series"
"LAPTOP","Microsoft","microsoft","Surface Go 2 Series","surface-go-2-series","Standard","","8969","NO","YES","https://www.cashall.in/api/v1/catalog/image/surface-go-2-series"
"LAPTOP","Microsoft","microsoft","Surface Go Series","surface-go-series","Standard","","3596","NO","YES","https://www.cashall.in/api/v1/catalog/image/surface-go-series"
"LAPTOP","Microsoft","microsoft","Surface Laptop 2 Series","surface-laptop-2-series","Standard","","14403","NO","YES","https://www.cashall.in/api/v1/catalog/image/surface-laptop-2-series"
"LAPTOP","Microsoft","microsoft","Surface Laptop 3 Series","surface-laptop-3-series","Standard","","17594","NO","YES","https://www.cashall.in/api/v1/catalog/image/surface-laptop-3-series"
"LAPTOP","Microsoft","microsoft","Surface Laptop 4 Series","surface-laptop-4-series","Standard","","19533","NO","YES","https://www.cashall.in/api/v1/catalog/image/surface-laptop-4-series"
"LAPTOP","Microsoft","microsoft","Surface Laptop Series","surface-laptop-series","Standard","","12474","NO","YES","https://www.cashall.in/api/v1/catalog/image/surface-laptop-series"
"LAPTOP","Microsoft","microsoft","Surface Pro 2 Series","surface-pro-2-series","Standard","","8484","NO","YES","https://www.cashall.in/api/v1/catalog/image/surface-pro-2-series"
"LAPTOP","Microsoft","microsoft","Surface Pro 3 Series","surface-pro-3-series","Standard","","10373","NO","YES","https://www.cashall.in/api/v1/catalog/image/surface-pro-3-series"
"LAPTOP","Microsoft","microsoft","Surface Pro 4 Series","surface-pro-4-series","Standard","","12938","NO","YES","https://www.cashall.in/api/v1/catalog/image/surface-pro-4-series"
"LAPTOP","Microsoft","microsoft","Surface Pro 5 Series","surface-pro-5-series","Standard","","14271","NO","YES","https://www.cashall.in/api/v1/catalog/image/surface-pro-5-series"
"LAPTOP","Microsoft","microsoft","Surface Pro 6 Series","surface-pro-6-series","Standard","","16493","NO","YES","https://www.cashall.in/api/v1/catalog/image/surface-pro-6-series"
"LAPTOP","Microsoft","microsoft","Surface Pro 7 Series","surface-pro-7-series","Standard","","20170","NO","YES","https://www.cashall.in/api/v1/catalog/image/surface-pro-7-series"
"LAPTOP","Microsoft","microsoft","Surface Pro Series","surface-pro-series","Standard","","7595","NO","YES","https://www.cashall.in/api/v1/catalog/image/surface-pro-series"
"LAPTOP","Microsoft","microsoft","Surface Pro X Series","surface-pro-x-series","Standard","","23402","NO","YES","https://www.cashall.in/api/v1/catalog/image/surface-pro-x-series"
"LAPTOP","Microsoft","microsoft","Surface Series","surface-series","Standard","","4848","NO","YES","https://www.cashall.in/api/v1/catalog/image/surface-series"
"LAPTOP","MSI","msi","Alpha Series","alpha-series","Standard","","17422","NO","YES","https://www.cashall.in/api/v1/catalog/image/alpha-series"
"LAPTOP","MSI","msi","Bravo Series","bravo-series","Standard","","18130","NO","YES","https://www.cashall.in/api/v1/catalog/image/bravo-series"
"LAPTOP","MSI","msi","Creator Series","creator-series","Standard","","20170","NO","YES","https://www.cashall.in/api/v1/catalog/image/creator-series"
"LAPTOP","MSI","msi","Delta Series","delta-series","Standard","","18130","NO","YES","https://www.cashall.in/api/v1/catalog/image/delta-series"
"LAPTOP","MSI","msi","GE Raider Series","ge-raider-series","Standard","","24907","NO","YES","https://www.cashall.in/api/v1/catalog/image/ge-raider-series"
"LAPTOP","MSI","msi","GF Series","gf-series","Standard","","21028","NO","YES","https://www.cashall.in/api/v1/catalog/image/gf-series"
"LAPTOP","MSI","msi","GL Series","gl-series","Standard","","23927","NO","YES","https://www.cashall.in/api/v1/catalog/image/gl-series"
"LAPTOP","MSI","msi","GP Leopard Series","gp-leopard-series","Standard","","23927","NO","YES","https://www.cashall.in/api/v1/catalog/image/gp-leopard-series"
"LAPTOP","MSI","msi","GS Steath Series","gs-steath-series","Standard","","21028","NO","YES","https://www.cashall.in/api/v1/catalog/image/gs-steath-series"
"LAPTOP","MSI","msi","GT Titan Series","gt-titan-series","Standard","","21028","NO","YES","https://www.cashall.in/api/v1/catalog/image/gt-titan-series"
"LAPTOP","MSI","msi","Modern Series","modern-series","Standard","","21947","NO","YES","https://www.cashall.in/api/v1/catalog/image/modern-series"
"LAPTOP","MSI","msi","MSI Crosshair Series","msi-crosshair-series","Standard","","0","NO","YES","https://www.cashall.in/api/v1/catalog/image/msi-crosshair-series"
"LAPTOP","MSI","msi","Prestige Series","prestige-series","Standard","","21947","NO","YES","https://www.cashall.in/api/v1/catalog/image/prestige-series"
"LAPTOP","MSI","msi","Summit Series","summit-series","Standard","","27401","NO","YES","https://www.cashall.in/api/v1/catalog/image/summit-series"
"LAPTOP","MSI","msi","WE Series","we-series","Standard","","9040","NO","YES","https://www.cashall.in/api/v1/catalog/image/we-series"
"LAPTOP","MSI","msi","WF Series","wf-series","Standard","","9040","NO","YES","https://www.cashall.in/api/v1/catalog/image/wf-series"
"LAPTOP","MSI","msi","WP Series","wp-series","Standard","","9040","NO","YES","https://www.cashall.in/api/v1/catalog/image/wp-series"
"LAPTOP","MSI","msi","WS Series","ws-series","Standard","","9040","NO","YES","https://www.cashall.in/api/v1/catalog/image/ws-series"
"LAPTOP","MSI","msi","WT Series","wt-series","Standard","","9040","NO","YES","https://www.cashall.in/api/v1/catalog/image/wt-series"
"LAPTOP","Nokia","nokia","Nokia PureBook Series","nokia-purebook-series","Standard","","17281","NO","YES","https://www.cashall.in/api/v1/catalog/image/nokia-purebook-series"
"LAPTOP","Other Laptop","other-laptop","Other Laptop Series","other-laptop-series","Standard","","3060","NO","YES","https://www.cashall.in/api/v1/catalog/image/other-laptop-series"
"LAPTOP","Realme","realme","Book Prime Series","book-prime-series","Standard","","25371","NO","YES","https://www.cashall.in/api/v1/catalog/image/book-prime-series"
"LAPTOP","Realme","realme","Book Slim Series","book-slim-series","Standard","","18422","NO","YES","https://www.cashall.in/api/v1/catalog/image/book-slim-series"
"LAPTOP","Samsung","samsung","Galaxy Book Go Series","galaxy-book-go-series","Standard","","10969","NO","YES","https://www.cashall.in/api/v1/catalog/image/galaxy-book-go-series"
"LAPTOP","Samsung","samsung","Galaxy Book2 360 Series","galaxy-book2-360-series","Standard","","27613","NO","YES","https://www.cashall.in/api/v1/catalog/image/galaxy-book2-360-series"
"LAPTOP","Samsung","samsung","Galaxy Book2 Pro 360 Series","galaxy-book2-pro-360-series","Standard","","29785","NO","YES","https://www.cashall.in/api/v1/catalog/image/galaxy-book2-pro-360-series"
"LAPTOP","Samsung","samsung","Galaxy Book2 Pro Series","galaxy-book2-pro-series","Standard","","29351","NO","YES","https://www.cashall.in/api/v1/catalog/image/galaxy-book2-pro-series"
"LAPTOP","Samsung","samsung","Galaxy Book2 Series","galaxy-book2-series","Standard","","22210","NO","YES","https://www.cashall.in/api/v1/catalog/image/galaxy-book2-series"
"LAPTOP","Samsung","samsung","Galaxy Book3 360 Series","galaxy-book3-360-series","Standard","","33330","NO","YES","https://www.cashall.in/api/v1/catalog/image/galaxy-book3-360-series"
"LAPTOP","Samsung","samsung","Galaxy Book3 Pro 360 Series","galaxy-book3-pro-360-series","Standard","","40400","NO","YES","https://www.cashall.in/api/v1/catalog/image/galaxy-book3-pro-360-series"
"LAPTOP","Samsung","samsung","Galaxy Book3 Series","galaxy-book3-series","Standard","","30300","NO","YES","https://www.cashall.in/api/v1/catalog/image/galaxy-book3-series"
"LAPTOP","Samsung","samsung","Galaxy Book3 Ultra Series","galaxy-book3-ultra-series","Standard","","55550","NO","YES","https://www.cashall.in/api/v1/catalog/image/galaxy-book3-ultra-series"
"LAPTOP","Samsung","samsung","Galaxy Book4 360 Series","galaxy-book4-360-series","Standard","","31785","NO","YES","https://www.cashall.in/api/v1/catalog/image/galaxy-book4-360-series"
"LAPTOP","Samsung","samsung","Galaxy Book4 Edge Series","galaxy-book4-edge-series","Standard","","30300","NO","YES","https://www.cashall.in/api/v1/catalog/image/galaxy-book4-edge-series"
"LAPTOP","Samsung","samsung","Galaxy Book4 Pro 360 Series","galaxy-book4-pro-360-series","Standard","","45450","NO","YES","https://www.cashall.in/api/v1/catalog/image/galaxy-book4-pro-360-series"
"LAPTOP","Samsung","samsung","Galaxy Book4 Pro Series","galaxy-book4-pro-series","Standard","","31179","NO","YES","https://www.cashall.in/api/v1/catalog/image/galaxy-book4-pro-series"
"LAPTOP","Samsung","samsung","Galaxy Book4 Series","galaxy-book4-series","Standard","","30128","NO","YES","https://www.cashall.in/api/v1/catalog/image/galaxy-book4-series"
"LAPTOP","Samsung","samsung","Galaxy Book4 Ultra Series","galaxy-book4-ultra-series","Standard","","50500","NO","YES","https://www.cashall.in/api/v1/catalog/image/galaxy-book4-ultra-series"
"LAPTOP","Samsung","samsung","Galaxy Book5 360 Series","galaxy-book5-360-series","Standard","","43895","NO","YES","https://www.cashall.in/api/v1/catalog/image/galaxy-book5-360-series"
"LAPTOP","Samsung","samsung","Galaxy Book5 Pro 360 Series","galaxy-book5-pro-360-series","Standard","","50399","NO","YES","https://www.cashall.in/api/v1/catalog/image/galaxy-book5-pro-360-series"
"LAPTOP","Samsung","samsung","Galaxy Book5 Pro Series","galaxy-book5-pro-series","Standard","","47147","NO","YES","https://www.cashall.in/api/v1/catalog/image/galaxy-book5-pro-series"
"LAPTOP","Samsung","samsung","Galaxy Book5 Series","galaxy-book5-series","Standard","","42521","NO","YES","https://www.cashall.in/api/v1/catalog/image/galaxy-book5-series"
"LAPTOP","Samsung","samsung","Others Samsung Series","others-samsung-series","Standard","","4070","NO","YES","https://www.cashall.in/api/v1/catalog/image/others-samsung-series"
"LAPTOP","Xiaomi","xiaomi","Mi Air Series","mi-air-series","Standard","","9191","NO","YES","https://www.cashall.in/api/v1/catalog/image/mi-air-series"
"LAPTOP","Xiaomi","xiaomi","Mi Notebook","mi-notebook","Standard","","16190","NO","YES","https://www.cashall.in/api/v1/catalog/image/mi-notebook"
"LAPTOP","Xiaomi","xiaomi","Mi Pro Series","mi-pro-series","Standard","","12595","NO","YES","https://www.cashall.in/api/v1/catalog/image/mi-pro-series"
"LAPTOP","Xiaomi","xiaomi","RedmiBook Series","redmibook-series","Standard","","13988","NO","YES","https://www.cashall.in/api/v1/catalog/image/redmibook-series"
"MOBILE","Apple","apple","Apple iPhone 11","apple-iphone-11","128 GB","","15708","NO","YES","https://www.cashall.in/api/v1/catalog/image/apple-iphone-11"
"MOBILE","Apple","apple","Apple iPhone 11","apple-iphone-11","256 GB","","16236","NO","YES","https://www.cashall.in/api/v1/catalog/image/apple-iphone-11"
"MOBILE","Apple","apple","Apple iPhone 11","apple-iphone-11","64 GB","","14663","NO","YES","https://www.cashall.in/api/v1/catalog/image/apple-iphone-11"
"MOBILE","Apple","apple","Apple iPhone 11 Pro","apple-iphone-11-pro","256 GB","","18962","NO","YES","https://www.cashall.in/api/v1/catalog/image/apple-iphone-11-pro"
"MOBILE","Apple","apple","Apple iPhone 11 Pro","apple-iphone-11-pro","512 GB","","20064","NO","YES","https://www.cashall.in/api/v1/catalog/image/apple-iphone-11-pro"
"MOBILE","Apple","apple","Apple iPhone 11 Pro","apple-iphone-11-pro","64 GB","","17532","NO","YES","https://www.cashall.in/api/v1/catalog/image/apple-iphone-11-pro"
"MOBILE","Apple","apple","Apple iPhone 11 Pro Max","apple-iphone-11-pro-max","256 GB","","20738","NO","YES","https://www.cashall.in/api/v1/catalog/image/apple-iphone-11-pro-max"
"MOBILE","Apple","apple","Apple iPhone 11 Pro Max","apple-iphone-11-pro-max","512 GB","","21518","NO","YES","https://www.cashall.in/api/v1/catalog/image/apple-iphone-11-pro-max"
"MOBILE","Apple","apple","Apple iPhone 11 Pro Max","apple-iphone-11-pro-max","64 GB","","19057","NO","YES","https://www.cashall.in/api/v1/catalog/image/apple-iphone-11-pro-max"
"MOBILE","Apple","apple","Apple iPhone 12","apple-iphone-12","128 GB","","19674","NO","YES","https://www.cashall.in/api/v1/catalog/image/apple-iphone-12"
"MOBILE","Apple","apple","Apple iPhone 12","apple-iphone-12","256 GB","","20919","NO","YES","https://www.cashall.in/api/v1/catalog/image/apple-iphone-12"
"MOBILE","Apple","apple","Apple iPhone 12","apple-iphone-12","64 GB","","18202","NO","YES","https://www.cashall.in/api/v1/catalog/image/apple-iphone-12"
"MOBILE","Apple","apple","Apple iPhone 12 Mini","apple-iphone-12-mini","128 GB","","16150","NO","YES","https://www.cashall.in/api/v1/catalog/image/apple-iphone-12-mini"
"MOBILE","Apple","apple","Apple iPhone 12 Mini","apple-iphone-12-mini","256 GB","","16682","NO","YES","https://www.cashall.in/api/v1/catalog/image/apple-iphone-12-mini"
"MOBILE","Apple","apple","Apple iPhone 12 Mini","apple-iphone-12-mini","64 GB","","14868","NO","YES","https://www.cashall.in/api/v1/catalog/image/apple-iphone-12-mini"
"MOBILE","Apple","apple","Apple iPhone 12 Pro","apple-iphone-12-pro","128 GB","","26016","NO","YES","https://www.cashall.in/api/v1/catalog/image/apple-iphone-12-pro"
"MOBILE","Apple","apple","Apple iPhone 12 Pro","apple-iphone-12-pro","256 GB","","27716","NO","YES","https://www.cashall.in/api/v1/catalog/image/apple-iphone-12-pro"
"MOBILE","Apple","apple","Apple iPhone 12 Pro","apple-iphone-12-pro","512 GB","","29170","NO","YES","https://www.cashall.in/api/v1/catalog/image/apple-iphone-12-pro"
"MOBILE","Apple","apple","Apple iPhone 12 Pro Max","apple-iphone-12-pro-max","128 GB","","28001","NO","YES","https://www.cashall.in/api/v1/catalog/image/apple-iphone-12-pro-max"
"MOBILE","Apple","apple","Apple iPhone 12 Pro Max","apple-iphone-12-pro-max","256 GB","","29402","NO","YES","https://www.cashall.in/api/v1/catalog/image/apple-iphone-12-pro-max"
"MOBILE","Apple","apple","Apple iPhone 12 Pro Max","apple-iphone-12-pro-max","512 GB","","30580","NO","YES","https://www.cashall.in/api/v1/catalog/image/apple-iphone-12-pro-max"
"MOBILE","Apple","apple","Apple iPhone 13","apple-iphone-13","128 GB","","25280","NO","YES","https://www.cashall.in/api/v1/catalog/image/apple-iphone-13"
"MOBILE","Apple","apple","Apple iPhone 13","apple-iphone-13","256 GB","","26610","NO","YES","https://www.cashall.in/api/v1/catalog/image/apple-iphone-13"
"MOBILE","Apple","apple","Apple iPhone 13","apple-iphone-13","512 GB","","27184","NO","YES","https://www.cashall.in/api/v1/catalog/image/apple-iphone-13"
"MOBILE","Apple","apple","Apple iPhone 13 Mini","apple-iphone-13-mini","128 GB","","22111","NO","YES","https://www.cashall.in/api/v1/catalog/image/apple-iphone-13-mini"
"MOBILE","Apple","apple","Apple iPhone 13 Mini","apple-iphone-13-mini","256 GB","","22643","NO","YES","https://www.cashall.in/api/v1/catalog/image/apple-iphone-13-mini"
"MOBILE","Apple","apple","Apple iPhone 13 Mini","apple-iphone-13-mini","512 GB","","23009","NO","YES","https://www.cashall.in/api/v1/catalog/image/apple-iphone-13-mini"
"MOBILE","Apple","apple","Apple iPhone 13 Pro","apple-iphone-13-pro","1 TB","","37724","NO","YES","https://www.cashall.in/api/v1/catalog/image/apple-iphone-13-pro"
"MOBILE","Apple","apple","Apple iPhone 13 Pro","apple-iphone-13-pro","128 GB","","33882","NO","YES","https://www.cashall.in/api/v1/catalog/image/apple-iphone-13-pro"
"MOBILE","Apple","apple","Apple iPhone 13 Pro","apple-iphone-13-pro","256 GB","","34993","NO","YES","https://www.cashall.in/api/v1/catalog/image/apple-iphone-13-pro"
"MOBILE","Apple","apple","Apple iPhone 13 Pro","apple-iphone-13-pro","512 GB","","36789","NO","YES","https://www.cashall.in/api/v1/catalog/image/apple-iphone-13-pro"
"MOBILE","Apple","apple","Apple iPhone 13 Pro Max","apple-iphone-13-pro-max","1 TB","","40399","NO","YES","https://www.cashall.in/api/v1/catalog/image/apple-iphone-13-pro-max"
"MOBILE","Apple","apple","Apple iPhone 13 Pro Max","apple-iphone-13-pro-max","128 GB","","35639","NO","YES","https://www.cashall.in/api/v1/catalog/image/apple-iphone-13-pro-max"
"MOBILE","Apple","apple","Apple iPhone 13 Pro Max","apple-iphone-13-pro-max","256 GB","","36651","NO","YES","https://www.cashall.in/api/v1/catalog/image/apple-iphone-13-pro-max"
"MOBILE","Apple","apple","Apple iPhone 13 Pro Max","apple-iphone-13-pro-max","512 GB","","38741","NO","YES","https://www.cashall.in/api/v1/catalog/image/apple-iphone-13-pro-max"
"MOBILE","Apple","apple","Apple iPhone 14","apple-iphone-14","128 GB","","28761","YES","YES","https://www.cashall.in/api/v1/catalog/image/apple-iphone-14"
"MOBILE","Apple","apple","Apple iPhone 14","apple-iphone-14","256 GB","","29744","YES","YES","https://www.cashall.in/api/v1/catalog/image/apple-iphone-14"
"MOBILE","Apple","apple","Apple iPhone 14","apple-iphone-14","512 GB","","30490","YES","YES","https://www.cashall.in/api/v1/catalog/image/apple-iphone-14"
"MOBILE","Apple","apple","Apple iPhone 14 Plus","apple-iphone-14-plus","128 GB","","30595","YES","YES","https://www.cashall.in/api/v1/catalog/image/apple-iphone-14-plus"
"MOBILE","Apple","apple","Apple iPhone 14 Plus","apple-iphone-14-plus","256 GB","","32390","YES","YES","https://www.cashall.in/api/v1/catalog/image/apple-iphone-14-plus"
"MOBILE","Apple","apple","Apple iPhone 14 Plus","apple-iphone-14-plus","512 GB","","32994","YES","YES","https://www.cashall.in/api/v1/catalog/image/apple-iphone-14-plus"
"MOBILE","Apple","apple","Apple iPhone 14 Pro","apple-iphone-14-pro","1 TB","","49177","YES","YES","https://www.cashall.in/api/v1/catalog/image/apple-iphone-14-pro"
"MOBILE","Apple","apple","Apple iPhone 14 Pro","apple-iphone-14-pro","128 GB","","44584","YES","YES","https://www.cashall.in/api/v1/catalog/image/apple-iphone-14-pro"
"MOBILE","Apple","apple","Apple iPhone 14 Pro","apple-iphone-14-pro","256 GB","","46274","YES","YES","https://www.cashall.in/api/v1/catalog/image/apple-iphone-14-pro"
"MOBILE","Apple","apple","Apple iPhone 14 Pro","apple-iphone-14-pro","512 GB","","48217","YES","YES","https://www.cashall.in/api/v1/catalog/image/apple-iphone-14-pro"
"MOBILE","Apple","apple","Apple iPhone 14 Pro Max","apple-iphone-14-pro-max","1 TB","","52283","YES","YES","https://www.cashall.in/api/v1/catalog/image/apple-iphone-14-pro-max"
"MOBILE","Apple","apple","Apple iPhone 14 Pro Max","apple-iphone-14-pro-max","128 GB","","46151","YES","YES","https://www.cashall.in/api/v1/catalog/image/apple-iphone-14-pro-max"
"MOBILE","Apple","apple","Apple iPhone 14 Pro Max","apple-iphone-14-pro-max","256 GB","","48654","YES","YES","https://www.cashall.in/api/v1/catalog/image/apple-iphone-14-pro-max"
"MOBILE","Apple","apple","Apple iPhone 14 Pro Max","apple-iphone-14-pro-max","512 GB","","51822","YES","YES","https://www.cashall.in/api/v1/catalog/image/apple-iphone-14-pro-max"
"MOBILE","Apple","apple","Apple iPhone 15","apple-iphone-15","128 GB","","39660","YES","YES","https://www.cashall.in/api/v1/catalog/image/apple-iphone-15"
"MOBILE","Apple","apple","Apple iPhone 15","apple-iphone-15","256 GB","","42790","YES","YES","https://www.cashall.in/api/v1/catalog/image/apple-iphone-15"
"MOBILE","Apple","apple","Apple iPhone 15","apple-iphone-15","512 GB","","45770","YES","YES","https://www.cashall.in/api/v1/catalog/image/apple-iphone-15"
"MOBILE","Apple","apple","Apple iPhone 15 Plus","apple-iphone-15-plus","128 GB","","43890","YES","YES","https://www.cashall.in/api/v1/catalog/image/apple-iphone-15-plus"
"MOBILE","Apple","apple","Apple iPhone 15 Plus","apple-iphone-15-plus","256 GB","","45170","YES","YES","https://www.cashall.in/api/v1/catalog/image/apple-iphone-15-plus"
"MOBILE","Apple","apple","Apple iPhone 15 Plus","apple-iphone-15-plus","512 GB","","48030","YES","YES","https://www.cashall.in/api/v1/catalog/image/apple-iphone-15-plus"
"MOBILE","Apple","apple","Apple iPhone 15 Pro","apple-iphone-15-pro","1 TB","","67980","YES","YES","https://www.cashall.in/api/v1/catalog/image/apple-iphone-15-pro"
"MOBILE","Apple","apple","Apple iPhone 15 Pro","apple-iphone-15-pro","128 GB","","59000","YES","YES","https://www.cashall.in/api/v1/catalog/image/apple-iphone-15-pro"
"MOBILE","Apple","apple","Apple iPhone 15 Pro","apple-iphone-15-pro","256 GB","","61000","YES","YES","https://www.cashall.in/api/v1/catalog/image/apple-iphone-15-pro"
"MOBILE","Apple","apple","Apple iPhone 15 Pro","apple-iphone-15-pro","512 GB","","64900","YES","YES","https://www.cashall.in/api/v1/catalog/image/apple-iphone-15-pro"
"MOBILE","Apple","apple","Apple iPhone 15 Pro Max","apple-iphone-15-pro-max","1 TB","","77090","YES","YES","https://www.cashall.in/api/v1/catalog/image/apple-iphone-15-pro-max"
"MOBILE","Apple","apple","Apple iPhone 15 Pro Max","apple-iphone-15-pro-max","256 GB","","68656","YES","YES","https://www.cashall.in/api/v1/catalog/image/apple-iphone-15-pro-max"
"MOBILE","Apple","apple","Apple iPhone 15 Pro Max","apple-iphone-15-pro-max","512 GB","","72366","YES","YES","https://www.cashall.in/api/v1/catalog/image/apple-iphone-15-pro-max"
"MOBILE","Apple","apple","Apple iPhone 16","apple-iphone-16","128 GB","","47520","YES","YES","https://www.cashall.in/api/v1/catalog/image/apple-iphone-16"
"MOBILE","Apple","apple","Apple iPhone 16","apple-iphone-16","256 GB","","51890","YES","YES","https://www.cashall.in/api/v1/catalog/image/apple-iphone-16"
"MOBILE","Apple","apple","Apple iPhone 16","apple-iphone-16","512 GB","","52320","YES","YES","https://www.cashall.in/api/v1/catalog/image/apple-iphone-16"
"MOBILE","Apple","apple","Apple iPhone 16 Plus","apple-iphone-16-plus","128 GB","","51170","YES","YES","https://www.cashall.in/api/v1/catalog/image/apple-iphone-16-plus"
"MOBILE","Apple","apple","Apple iPhone 16 Plus","apple-iphone-16-plus","256 GB","","51460","YES","YES","https://www.cashall.in/api/v1/catalog/image/apple-iphone-16-plus"
"MOBILE","Apple","apple","Apple iPhone 16 Plus","apple-iphone-16-plus","512 GB","","52420","YES","YES","https://www.cashall.in/api/v1/catalog/image/apple-iphone-16-plus"
"MOBILE","Apple","apple","Apple iPhone 16 Pro","apple-iphone-16-pro","1 TB","","79060","YES","YES","https://www.cashall.in/api/v1/catalog/image/apple-iphone-16-pro"
"MOBILE","Apple","apple","Apple iPhone 16 Pro","apple-iphone-16-pro","128 GB","","72650","YES","YES","https://www.cashall.in/api/v1/catalog/image/apple-iphone-16-pro"
"MOBILE","Apple","apple","Apple iPhone 16 Pro","apple-iphone-16-pro","256 GB","","76450","YES","YES","https://www.cashall.in/api/v1/catalog/image/apple-iphone-16-pro"
"MOBILE","Apple","apple","Apple iPhone 16 Pro","apple-iphone-16-pro","512 GB","","78090","YES","YES","https://www.cashall.in/api/v1/catalog/image/apple-iphone-16-pro"
"MOBILE","Apple","apple","Apple iPhone 16 Pro Max","apple-iphone-16-pro-max","1 TB","","90350","YES","YES","https://www.cashall.in/api/v1/catalog/image/apple-iphone-16-pro-max"
"MOBILE","Apple","apple","Apple iPhone 16 Pro Max","apple-iphone-16-pro-max","256 GB","","84680","YES","YES","https://www.cashall.in/api/v1/catalog/image/apple-iphone-16-pro-max"
"MOBILE","Apple","apple","Apple iPhone 16 Pro Max","apple-iphone-16-pro-max","512 GB","","86820","YES","YES","https://www.cashall.in/api/v1/catalog/image/apple-iphone-16-pro-max"
"MOBILE","Apple","apple","Apple iPhone 16e","apple-iphone-16e","128 GB","","35269","YES","YES","https://www.cashall.in/api/v1/catalog/image/apple-iphone-16e"
"MOBILE","Apple","apple","Apple iPhone 16e","apple-iphone-16e","128 GB","8 GB","35269","YES","YES","https://www.cashall.in/api/v1/catalog/image/apple-iphone-16e"
"MOBILE","Apple","apple","Apple iPhone 16e","apple-iphone-16e","256 GB","","36835","YES","YES","https://www.cashall.in/api/v1/catalog/image/apple-iphone-16e"
"MOBILE","Apple","apple","Apple iPhone 16e","apple-iphone-16e","256 GB","8 GB","36835","YES","YES","https://www.cashall.in/api/v1/catalog/image/apple-iphone-16e"
"MOBILE","Apple","apple","Apple iPhone 16e","apple-iphone-16e","512 GB","","39976","YES","YES","https://www.cashall.in/api/v1/catalog/image/apple-iphone-16e"
"MOBILE","Apple","apple","Apple iPhone 16e","apple-iphone-16e","512 GB","8 GB","39976","YES","YES","https://www.cashall.in/api/v1/catalog/image/apple-iphone-16e"
"MOBILE","Apple","apple","Apple iPhone 17","apple-iphone-17","256 GB","","58300","NO","YES","https://www.cashall.in/api/v1/catalog/image/apple-iphone-17"
"MOBILE","Apple","apple","Apple iPhone 17","apple-iphone-17","512 GB","","64500","NO","YES","https://www.cashall.in/api/v1/catalog/image/apple-iphone-17"
"MOBILE","Apple","apple","Apple iPhone 17 Pro","apple-iphone-17-pro","1 TB","","111100","NO","YES","https://www.cashall.in/api/v1/catalog/image/apple-iphone-17-pro"
"MOBILE","Apple","apple","Apple iPhone 17 Pro","apple-iphone-17-pro","1 TB","12 GB","111100","NO","YES","https://www.cashall.in/api/v1/catalog/image/apple-iphone-17-pro"
"MOBILE","Apple","apple","Apple iPhone 17 Pro","apple-iphone-17-pro","256 GB","","101000","NO","YES","https://www.cashall.in/api/v1/catalog/image/apple-iphone-17-pro"
"MOBILE","Apple","apple","Apple iPhone 17 Pro","apple-iphone-17-pro","256 GB","12 GB","101000","NO","YES","https://www.cashall.in/api/v1/catalog/image/apple-iphone-17-pro"
"MOBILE","Apple","apple","Apple iPhone 17 Pro","apple-iphone-17-pro","512 GB","","107060","NO","YES","https://www.cashall.in/api/v1/catalog/image/apple-iphone-17-pro"
"MOBILE","Apple","apple","Apple iPhone 17 Pro","apple-iphone-17-pro","512 GB","12 GB","107060","NO","YES","https://www.cashall.in/api/v1/catalog/image/apple-iphone-17-pro"
"MOBILE","Apple","apple","Apple iPhone 17 Pro Max","apple-iphone-17-pro-max","1 TB","","120695","NO","YES","https://www.cashall.in/api/v1/catalog/image/apple-iphone-17-pro-max"
"MOBILE","Apple","apple","Apple iPhone 17 Pro Max","apple-iphone-17-pro-max","1 TB","12 GB","120695","NO","YES","https://www.cashall.in/api/v1/catalog/image/apple-iphone-17-pro-max"
"MOBILE","Apple","apple","Apple iPhone 17 Pro Max","apple-iphone-17-pro-max","2 TB","","126250","NO","YES","https://www.cashall.in/api/v1/catalog/image/apple-iphone-17-pro-max"
"MOBILE","Apple","apple","Apple iPhone 17 Pro Max","apple-iphone-17-pro-max","2 TB","12 GB","126250","NO","YES","https://www.cashall.in/api/v1/catalog/image/apple-iphone-17-pro-max"
"MOBILE","Apple","apple","Apple iPhone 17 Pro Max","apple-iphone-17-pro-max","256 GB","","109080","NO","YES","https://www.cashall.in/api/v1/catalog/image/apple-iphone-17-pro-max"
"MOBILE","Apple","apple","Apple iPhone 17 Pro Max","apple-iphone-17-pro-max","256 GB","12 GB","109080","NO","YES","https://www.cashall.in/api/v1/catalog/image/apple-iphone-17-pro-max"
"MOBILE","Apple","apple","Apple iPhone 17 Pro Max","apple-iphone-17-pro-max","512 GB","","116655","NO","YES","https://www.cashall.in/api/v1/catalog/image/apple-iphone-17-pro-max"
"MOBILE","Apple","apple","Apple iPhone 17 Pro Max","apple-iphone-17-pro-max","512 GB","12 GB","116655","NO","YES","https://www.cashall.in/api/v1/catalog/image/apple-iphone-17-pro-max"
"MOBILE","Apple","apple","Apple iPhone 17e","apple-iphone-17e","256 GB","","43430","NO","YES","https://www.cashall.in/api/v1/catalog/image/apple-iphone-17e"
"MOBILE","Apple","apple","Apple iPhone 17e","apple-iphone-17e","256 GB","8 GB","43430","NO","YES","https://www.cashall.in/api/v1/catalog/image/apple-iphone-17e"
"MOBILE","Apple","apple","Apple iPhone 17e","apple-iphone-17e","512 GB","","52722","NO","YES","https://www.cashall.in/api/v1/catalog/image/apple-iphone-17e"
"MOBILE","Apple","apple","Apple iPhone 17e","apple-iphone-17e","512 GB","8 GB","52722","NO","YES","https://www.cashall.in/api/v1/catalog/image/apple-iphone-17e"
"MOBILE","Apple","apple","Apple iPhone 6","apple-iphone-6","128 GB","","2262","NO","YES","https://www.cashall.in/api/v1/catalog/image/apple-iphone-6"
"MOBILE","Apple","apple","Apple iPhone 6","apple-iphone-6","16 GB","","1606","NO","YES","https://www.cashall.in/api/v1/catalog/image/apple-iphone-6"
"MOBILE","Apple","apple","Apple iPhone 6","apple-iphone-6","32 GB","","1838","NO","YES","https://www.cashall.in/api/v1/catalog/image/apple-iphone-6"
"MOBILE","Apple","apple","Apple iPhone 6","apple-iphone-6","64 GB","","2060","NO","YES","https://www.cashall.in/api/v1/catalog/image/apple-iphone-6"
"MOBILE","Apple","apple","Apple iPhone 6 Plus","apple-iphone-6-plus","128 GB","","2717","NO","YES","https://www.cashall.in/api/v1/catalog/image/apple-iphone-6-plus"
"MOBILE","Apple","apple","Apple iPhone 6 Plus","apple-iphone-6-plus","16 GB","","2141","NO","YES","https://www.cashall.in/api/v1/catalog/image/apple-iphone-6-plus"
"MOBILE","Apple","apple","Apple iPhone 6 Plus","apple-iphone-6-plus","64 GB","","2444","NO","YES","https://www.cashall.in/api/v1/catalog/image/apple-iphone-6-plus"
"MOBILE","Apple","apple","Apple iPhone 6S","apple-iphone-6s","128 GB","","2788","NO","YES","https://www.cashall.in/api/v1/catalog/image/apple-iphone-6s"
"MOBILE","Apple","apple","Apple iPhone 6S","apple-iphone-6s","16 GB","","2060","NO","YES","https://www.cashall.in/api/v1/catalog/image/apple-iphone-6s"
"MOBILE","Apple","apple","Apple iPhone 6S","apple-iphone-6s","32 GB","","2333","NO","YES","https://www.cashall.in/api/v1/catalog/image/apple-iphone-6s"
"MOBILE","Apple","apple","Apple iPhone 6S","apple-iphone-6s","64 GB","","2636","NO","YES","https://www.cashall.in/api/v1/catalog/image/apple-iphone-6s"
"MOBILE","Apple","apple","Apple iPhone 6S Plus","apple-iphone-6s-plus","128 GB","","3747","NO","YES","https://www.cashall.in/api/v1/catalog/image/apple-iphone-6s-plus"
"MOBILE","Apple","apple","Apple iPhone 6S Plus","apple-iphone-6s-plus","16 GB","","2333","NO","YES","https://www.cashall.in/api/v1/catalog/image/apple-iphone-6s-plus"
"MOBILE","Apple","apple","Apple iPhone 6S Plus","apple-iphone-6s-plus","32 GB","","2909","NO","YES","https://www.cashall.in/api/v1/catalog/image/apple-iphone-6s-plus"
"MOBILE","Apple","apple","Apple iPhone 6S Plus","apple-iphone-6s-plus","64 GB","","3323","NO","YES","https://www.cashall.in/api/v1/catalog/image/apple-iphone-6s-plus"
"MOBILE","Apple","apple","Apple iPhone 7","apple-iphone-7","128 GB","","4736","NO","YES","https://www.cashall.in/api/v1/catalog/image/apple-iphone-7"
"MOBILE","Apple","apple","Apple iPhone 7","apple-iphone-7","256 GB","","5239","NO","YES","https://www.cashall.in/api/v1/catalog/image/apple-iphone-7"
"MOBILE","Apple","apple","Apple iPhone 7","apple-iphone-7","32 GB","","4432","NO","YES","https://www.cashall.in/api/v1/catalog/image/apple-iphone-7"
"MOBILE","Apple","apple","Apple iPhone 7 Plus","apple-iphone-7-plus","128 GB","","5771","NO","YES","https://www.cashall.in/api/v1/catalog/image/apple-iphone-7-plus"
"MOBILE","Apple","apple","Apple iPhone 7 Plus","apple-iphone-7-plus","256 GB","","6180","NO","YES","https://www.cashall.in/api/v1/catalog/image/apple-iphone-7-plus"
"MOBILE","Apple","apple","Apple iPhone 7 Plus","apple-iphone-7-plus","32 GB","","5377","NO","YES","https://www.cashall.in/api/v1/catalog/image/apple-iphone-7-plus"
"MOBILE","Apple","apple","Apple iPhone 8","apple-iphone-8","128 GB","","6246","NO","YES","https://www.cashall.in/api/v1/catalog/image/apple-iphone-8"
"MOBILE","Apple","apple","Apple iPhone 8","apple-iphone-8","256 GB","","6531","NO","YES","https://www.cashall.in/api/v1/catalog/image/apple-iphone-8"
"MOBILE","Apple","apple","Apple iPhone 8","apple-iphone-8","64 GB","","5738","NO","YES","https://www.cashall.in/api/v1/catalog/image/apple-iphone-8"
"MOBILE","Apple","apple","Apple iPhone 8 Plus","apple-iphone-8-plus","128 GB","","7762","NO","YES","https://www.cashall.in/api/v1/catalog/image/apple-iphone-8-plus"
"MOBILE","Apple","apple","Apple iPhone 8 Plus","apple-iphone-8-plus","256 GB","","8218","NO","YES","https://www.cashall.in/api/v1/catalog/image/apple-iphone-8-plus"
"MOBILE","Apple","apple","Apple iPhone 8 Plus","apple-iphone-8-plus","64 GB","","7476","NO","YES","https://www.cashall.in/api/v1/catalog/image/apple-iphone-8-plus"
"MOBILE","Apple","apple","Apple iPhone Air","apple-iphone-air","1 TB","","86860","NO","YES","https://www.cashall.in/api/v1/catalog/image/apple-iphone-air"
"MOBILE","Apple","apple","Apple iPhone Air","apple-iphone-air","1 TB","12 GB","86860","NO","YES","https://www.cashall.in/api/v1/catalog/image/apple-iphone-air"
"MOBILE","Apple","apple","Apple iPhone Air","apple-iphone-air","256 GB","","67771","NO","YES","https://www.cashall.in/api/v1/catalog/image/apple-iphone-air"
"MOBILE","Apple","apple","Apple iPhone Air","apple-iphone-air","256 GB","12 GB","67771","NO","YES","https://www.cashall.in/api/v1/catalog/image/apple-iphone-air"
"MOBILE","Apple","apple","Apple iPhone Air","apple-iphone-air","512 GB","","76760","NO","YES","https://www.cashall.in/api/v1/catalog/image/apple-iphone-air"
"MOBILE","Apple","apple","Apple iPhone Air","apple-iphone-air","512 GB","12 GB","76760","NO","YES","https://www.cashall.in/api/v1/catalog/image/apple-iphone-air"
"MOBILE","Apple","apple","Apple iPhone SE 1st Generation","apple-iphone-se-1st-generation","128 GB","","2222","NO","YES","https://www.cashall.in/api/v1/catalog/image/apple-iphone-se-1st-generation"
"MOBILE","Apple","apple","Apple iPhone SE 1st Generation","apple-iphone-se-1st-generation","16 GB","","1717","NO","YES","https://www.cashall.in/api/v1/catalog/image/apple-iphone-se-1st-generation"
"MOBILE","Apple","apple","Apple iPhone SE 1st Generation","apple-iphone-se-1st-generation","32 GB","","1990","NO","YES","https://www.cashall.in/api/v1/catalog/image/apple-iphone-se-1st-generation"
"MOBILE","Apple","apple","Apple iPhone SE 1st Generation","apple-iphone-se-1st-generation","64 GB","","2141","NO","YES","https://www.cashall.in/api/v1/catalog/image/apple-iphone-se-1st-generation"
"MOBILE","Apple","apple","Apple iPhone SE 2020","apple-iphone-se-2020","128 GB","","9898","NO","YES","https://www.cashall.in/api/v1/catalog/image/apple-iphone-se-2020"
"MOBILE","Apple","apple","Apple iPhone SE 2020","apple-iphone-se-2020","256 GB","","10100","NO","YES","https://www.cashall.in/api/v1/catalog/image/apple-iphone-se-2020"
"MOBILE","Apple","apple","Apple iPhone SE 2020","apple-iphone-se-2020","64 GB","","9595","NO","YES","https://www.cashall.in/api/v1/catalog/image/apple-iphone-se-2020"
"MOBILE","Apple","apple","Apple iPhone SE 2022","apple-iphone-se-2022","128 GB","","15352","NO","YES","https://www.cashall.in/api/v1/catalog/image/apple-iphone-se-2022"
"MOBILE","Apple","apple","Apple iPhone SE 2022","apple-iphone-se-2022","256 GB","","16362","NO","YES","https://www.cashall.in/api/v1/catalog/image/apple-iphone-se-2022"
"MOBILE","Apple","apple","Apple iPhone SE 2022","apple-iphone-se-2022","64 GB","","14645","NO","YES","https://www.cashall.in/api/v1/catalog/image/apple-iphone-se-2022"
"MOBILE","Apple","apple","Apple iPhone X","apple-iphone-x","256 GB","","10402","NO","YES","https://www.cashall.in/api/v1/catalog/image/apple-iphone-x"
"MOBILE","Apple","apple","Apple iPhone X","apple-iphone-x","64 GB","","9837","NO","YES","https://www.cashall.in/api/v1/catalog/image/apple-iphone-x"
"MOBILE","Apple","apple","Apple iPhone XR","apple-iphone-xr","128 GB","","10790","NO","YES","https://www.cashall.in/api/v1/catalog/image/apple-iphone-xr"
"MOBILE","Apple","apple","Apple iPhone XR","apple-iphone-xr","256 GB","","11120","NO","YES","https://www.cashall.in/api/v1/catalog/image/apple-iphone-xr"
"MOBILE","Apple","apple","Apple iPhone XR","apple-iphone-xr","64 GB","","10022","NO","YES","https://www.cashall.in/api/v1/catalog/image/apple-iphone-xr"
"MOBILE","Apple","apple","Apple iPhone XS","apple-iphone-xs","256 GB","","12117","NO","YES","https://www.cashall.in/api/v1/catalog/image/apple-iphone-xs"
"MOBILE","Apple","apple","Apple iPhone XS","apple-iphone-xs","512 GB","","12274","NO","YES","https://www.cashall.in/api/v1/catalog/image/apple-iphone-xs"
"MOBILE","Apple","apple","Apple iPhone XS","apple-iphone-xs","64 GB","","10858","NO","YES","https://www.cashall.in/api/v1/catalog/image/apple-iphone-xs"
"MOBILE","Apple","apple","Apple iPhone XS Max","apple-iphone-xs-max","256 GB","","12970","NO","YES","https://www.cashall.in/api/v1/catalog/image/apple-iphone-xs-max"
"MOBILE","Apple","apple","Apple iPhone XS Max","apple-iphone-xs-max","512 GB","","13495","NO","YES","https://www.cashall.in/api/v1/catalog/image/apple-iphone-xs-max"
"MOBILE","Apple","apple","Apple iPhone XS Max","apple-iphone-xs-max","64 GB","","12383","NO","YES","https://www.cashall.in/api/v1/catalog/image/apple-iphone-xs-max"
"MOBILE","Asus","asus","Asus 6Z","asus-6z","128 GB","6 GB","5969","NO","YES","https://www.cashall.in/api/v1/catalog/image/asus-6z"
"MOBILE","Asus","asus","Asus 6Z","asus-6z","256 GB","8 GB","6252","NO","YES","https://www.cashall.in/api/v1/catalog/image/asus-6z"
"MOBILE","Asus","asus","Asus 6Z","asus-6z","64 GB","6 GB","5717","NO","YES","https://www.cashall.in/api/v1/catalog/image/asus-6z"
"MOBILE","Asus","asus","Asus 8z","asus-8z","128 GB","8 GB","7403","NO","YES","https://www.cashall.in/api/v1/catalog/image/asus-8z"
"MOBILE","Asus","asus","Asus ROG Phone 3","asus-rog-phone-3","128 GB","8 GB","8464","NO","YES","https://www.cashall.in/api/v1/catalog/image/asus-rog-phone-3"
"MOBILE","Asus","asus","Asus ROG Phone 3","asus-rog-phone-3","128 GB","12 GB","8908","NO","YES","https://www.cashall.in/api/v1/catalog/image/asus-rog-phone-3"
"MOBILE","Asus","asus","Asus ROG Phone 3","asus-rog-phone-3","256 GB","12 GB","9413","NO","YES","https://www.cashall.in/api/v1/catalog/image/asus-rog-phone-3"
"MOBILE","Asus","asus","Asus ROG Phone II ZS660KL","asus-rog-phone-ii-zs660kl","128 GB","8 GB","7090","NO","YES","https://www.cashall.in/api/v1/catalog/image/asus-rog-phone-ii-zs660kl"
"MOBILE","Asus","asus","Asus ROG Phone II ZS660KL","asus-rog-phone-ii-zs660kl","512 GB","12 GB","7524","NO","YES","https://www.cashall.in/api/v1/catalog/image/asus-rog-phone-ii-zs660kl"
"MOBILE","Asus","asus","Asus ROG Phone ZS600KL","asus-rog-phone-zs600kl","128 GB","8 GB","5515","NO","YES","https://www.cashall.in/api/v1/catalog/image/asus-rog-phone-zs600kl"
"MOBILE","Asus","asus","Asus ZenFone 5Z","asus-zenfone-5z","128 GB","6 GB","3979","NO","YES","https://www.cashall.in/api/v1/catalog/image/asus-zenfone-5z"
"MOBILE","Asus","asus","Asus ZenFone 5Z","asus-zenfone-5z","256 GB","8 GB","4141","NO","YES","https://www.cashall.in/api/v1/catalog/image/asus-zenfone-5z"
"MOBILE","Asus","asus","Asus ZenFone 5Z","asus-zenfone-5z","64 GB","6 GB","3707","NO","YES","https://www.cashall.in/api/v1/catalog/image/asus-zenfone-5z"
"MOBILE","Asus","asus","Asus Zenfone Max Pro M1","asus-zenfone-max-pro-m1","64 GB","4 GB","2030","NO","YES","https://www.cashall.in/api/v1/catalog/image/asus-zenfone-max-pro-m1"
"MOBILE","Asus","asus","Asus Zenfone Max Pro M1","asus-zenfone-max-pro-m1","64 GB","6 GB","2202","NO","YES","https://www.cashall.in/api/v1/catalog/image/asus-zenfone-max-pro-m1"
"MOBILE","Asus","asus","Asus ZenFone Max Pro M2","asus-zenfone-max-pro-m2","32 GB","3 GB","2111","NO","YES","https://www.cashall.in/api/v1/catalog/image/asus-zenfone-max-pro-m2"
"MOBILE","Asus","asus","Asus ZenFone Max Pro M2","asus-zenfone-max-pro-m2","64 GB","4 GB","2384","NO","YES","https://www.cashall.in/api/v1/catalog/image/asus-zenfone-max-pro-m2"
"MOBILE","Asus","asus","Asus ZenFone Max Pro M2","asus-zenfone-max-pro-m2","64 GB","6 GB","2565","NO","YES","https://www.cashall.in/api/v1/catalog/image/asus-zenfone-max-pro-m2"
"MOBILE","Google","google","Google Pixel 10","google-pixel-10","256 GB","12 GB","46531","NO","YES","https://www.cashall.in/api/v1/catalog/image/google-pixel-10"
"MOBILE","Google","google","Google Pixel 10 Pro","google-pixel-10-pro","256 GB","16 GB","65145","NO","YES","https://www.cashall.in/api/v1/catalog/image/google-pixel-10-pro"
"MOBILE","Google","google","Google Pixel 10 Pro Fold","google-pixel-10-pro-fold","256 GB","16 GB","96960","NO","YES","https://www.cashall.in/api/v1/catalog/image/google-pixel-10-pro-fold"
"MOBILE","Google","google","Google Pixel 10 Pro XL","google-pixel-10-pro-xl","256 GB","16 GB","71306","NO","YES","https://www.cashall.in/api/v1/catalog/image/google-pixel-10-pro-xl"
"MOBILE","Google","google","Google Pixel 10a","google-pixel-10a","256 GB","8 GB","33542","NO","YES","https://www.cashall.in/api/v1/catalog/image/google-pixel-10a"
"MOBILE","Google","google","Google Pixel 11","google-pixel-11","256 GB","12 GB","50500","NO","YES","https://www.cashall.in/api/v1/catalog/image/google-pixel-11"
"MOBILE","Google","google","Google Pixel 11","google-pixel-11","512 GB","12 GB","52520","NO","YES","https://www.cashall.in/api/v1/catalog/image/google-pixel-11"
"MOBILE","Google","google","Google Pixel 11 Pro","google-pixel-11-pro","256 GB","12 GB","70700","NO","YES","https://www.cashall.in/api/v1/catalog/image/google-pixel-11-pro"
"MOBILE","Google","google","Google Pixel 11 Pro","google-pixel-11-pro","512 GB","16 GB","75750","NO","YES","https://www.cashall.in/api/v1/catalog/image/google-pixel-11-pro"
"MOBILE","Google","google","Google Pixel 11 Pro Fold","google-pixel-11-pro-fold","512 GB","16 GB","101000","NO","YES","https://www.cashall.in/api/v1/catalog/image/google-pixel-11-pro-fold"
"MOBILE","Google","google","Google Pixel 11 Pro XL","google-pixel-11-pro-xl","256 GB","12 GB","90900","NO","YES","https://www.cashall.in/api/v1/catalog/image/google-pixel-11-pro-xl"
"MOBILE","Google","google","Google Pixel 11 Pro XL","google-pixel-11-pro-xl","512 GB","16 GB","95950","NO","YES","https://www.cashall.in/api/v1/catalog/image/google-pixel-11-pro-xl"
"MOBILE","Google","google","Google Pixel 3","google-pixel-3","128 GB","","4363","NO","YES","https://www.cashall.in/api/v1/catalog/image/google-pixel-3"
"MOBILE","Google","google","Google Pixel 3","google-pixel-3","128 GB","4 GB","4363","NO","YES","https://www.cashall.in/api/v1/catalog/image/google-pixel-3"
"MOBILE","Google","google","Google Pixel 3","google-pixel-3","64 GB","","3747","NO","YES","https://www.cashall.in/api/v1/catalog/image/google-pixel-3"
"MOBILE","Google","google","Google Pixel 3","google-pixel-3","64 GB","3 GB","3747","NO","YES","https://www.cashall.in/api/v1/catalog/image/google-pixel-3"
"MOBILE","Google","google","Google Pixel 3 XL","google-pixel-3-xl","128 GB","4 GB","5050","NO","YES","https://www.cashall.in/api/v1/catalog/image/google-pixel-3-xl"
"MOBILE","Google","google","Google Pixel 3 XL","google-pixel-3-xl","64 GB","4 GB","4545","NO","YES","https://www.cashall.in/api/v1/catalog/image/google-pixel-3-xl"
"MOBILE","Google","google","Google Pixel 3A","google-pixel-3a","64 GB","4 GB","3788","NO","YES","https://www.cashall.in/api/v1/catalog/image/google-pixel-3a"
"MOBILE","Google","google","Google Pixel 3A XL","google-pixel-3a-xl","64 GB","4 GB","6060","NO","YES","https://www.cashall.in/api/v1/catalog/image/google-pixel-3a-xl"
"MOBILE","Google","google","Google Pixel 4A","google-pixel-4a","128 GB","6 GB","4363","NO","YES","https://www.cashall.in/api/v1/catalog/image/google-pixel-4a"
"MOBILE","Google","google","Google Pixel 5","google-pixel-5","128 GB","8 GB","8585","NO","YES","https://www.cashall.in/api/v1/catalog/image/google-pixel-5"
"MOBILE","Google","google","Google Pixel 5A 5G","google-pixel-5a-5g","128 GB","6 GB","8080","NO","YES","https://www.cashall.in/api/v1/catalog/image/google-pixel-5a-5g"
"MOBILE","Google","google","Google Pixel 6","google-pixel-6","128 GB","8 GB","13130","NO","YES","https://www.cashall.in/api/v1/catalog/image/google-pixel-6"
"MOBILE","Google","google","Google Pixel 6","google-pixel-6","256 GB","8 GB","14140","NO","YES","https://www.cashall.in/api/v1/catalog/image/google-pixel-6"
"MOBILE","Google","google","Google Pixel 6 Pro","google-pixel-6-pro","128 GB","12 GB","15150","NO","YES","https://www.cashall.in/api/v1/catalog/image/google-pixel-6-pro"
"MOBILE","Google","google","Google Pixel 6 Pro","google-pixel-6-pro","256 GB","12 GB","16160","NO","YES","https://www.cashall.in/api/v1/catalog/image/google-pixel-6-pro"
"MOBILE","Google","google","Google Pixel 6 Pro","google-pixel-6-pro","512 GB","12 GB","18180","NO","YES","https://www.cashall.in/api/v1/catalog/image/google-pixel-6-pro"
"MOBILE","Google","google","Google Pixel 6a","google-pixel-6a","128 GB","6 GB","10666","NO","YES","https://www.cashall.in/api/v1/catalog/image/google-pixel-6a"
"MOBILE","Google","google","Google Pixel 7","google-pixel-7","128 GB","","15200","NO","YES","https://www.cashall.in/api/v1/catalog/image/google-pixel-7"
"MOBILE","Google","google","Google Pixel 7","google-pixel-7","128 GB","8 GB","15200","NO","YES","https://www.cashall.in/api/v1/catalog/image/google-pixel-7"
"MOBILE","Google","google","Google Pixel 7","google-pixel-7","256 GB","","15443","NO","YES","https://www.cashall.in/api/v1/catalog/image/google-pixel-7"
"MOBILE","Google","google","Google Pixel 7","google-pixel-7","256 GB","8 GB","15443","NO","YES","https://www.cashall.in/api/v1/catalog/image/google-pixel-7"
"MOBILE","Google","google","Google Pixel 7 Pro","google-pixel-7-pro","128 GB","","19392","NO","YES","https://www.cashall.in/api/v1/catalog/image/google-pixel-7-pro"
"MOBILE","Google","google","Google Pixel 7 Pro","google-pixel-7-pro","128 GB","12 GB","19392","NO","YES","https://www.cashall.in/api/v1/catalog/image/google-pixel-7-pro"
"MOBILE","Google","google","Google Pixel 7 Pro","google-pixel-7-pro","256 GB","","19715","NO","YES","https://www.cashall.in/api/v1/catalog/image/google-pixel-7-pro"
"MOBILE","Google","google","Google Pixel 7 Pro","google-pixel-7-pro","256 GB","12 GB","19715","NO","YES","https://www.cashall.in/api/v1/catalog/image/google-pixel-7-pro"
"MOBILE","Google","google","Google Pixel 7a","google-pixel-7a","128 GB","8 GB","18513","NO","YES","https://www.cashall.in/api/v1/catalog/image/google-pixel-7a"
"MOBILE","Google","google","Google Pixel 8","google-pixel-8","128 GB","","25644","NO","YES","https://www.cashall.in/api/v1/catalog/image/google-pixel-8"
"MOBILE","Google","google","Google Pixel 8","google-pixel-8","128 GB","8 GB","25644","NO","YES","https://www.cashall.in/api/v1/catalog/image/google-pixel-8"
"MOBILE","Google","google","Google Pixel 8","google-pixel-8","256 GB","","25937","NO","YES","https://www.cashall.in/api/v1/catalog/image/google-pixel-8"
"MOBILE","Google","google","Google Pixel 8 Pro","google-pixel-8-pro","128 GB","","31805","NO","YES","https://www.cashall.in/api/v1/catalog/image/google-pixel-8-pro"
"MOBILE","Google","google","Google Pixel 8 Pro","google-pixel-8-pro","128 GB","12 GB","31805","NO","YES","https://www.cashall.in/api/v1/catalog/image/google-pixel-8-pro"
"MOBILE","Google","google","Google Pixel 8 Pro","google-pixel-8-pro","256 GB","","33158","NO","YES","https://www.cashall.in/api/v1/catalog/image/google-pixel-8-pro"
"MOBILE","Google","google","Google Pixel 8 Pro","google-pixel-8-pro","256 GB","12 GB","33158","NO","YES","https://www.cashall.in/api/v1/catalog/image/google-pixel-8-pro"
"MOBILE","Google","google","Google Pixel 8 Pro","google-pixel-8-pro","512 GB","","33451","NO","YES","https://www.cashall.in/api/v1/catalog/image/google-pixel-8-pro"
"MOBILE","Google","google","Google Pixel 8 Pro","google-pixel-8-pro","512 GB","12 GB","33451","NO","YES","https://www.cashall.in/api/v1/catalog/image/google-pixel-8-pro"
"MOBILE","Google","google","Google Pixel 8A","google-pixel-8a","128 GB","","24452","NO","YES","https://www.cashall.in/api/v1/catalog/image/google-pixel-8a"
"MOBILE","Google","google","Google Pixel 8A","google-pixel-8a","128 GB","8 GB","24452","NO","YES","https://www.cashall.in/api/v1/catalog/image/google-pixel-8a"
"MOBILE","Google","google","Google Pixel 8A","google-pixel-8a","256 GB","","24745","NO","YES","https://www.cashall.in/api/v1/catalog/image/google-pixel-8a"
"MOBILE","Google","google","Google Pixel 8A","google-pixel-8a","256 GB","8 GB","24745","NO","YES","https://www.cashall.in/api/v1/catalog/image/google-pixel-8a"
"MOBILE","Google","google","Google Pixel 9","google-pixel-9","256 GB","12 GB","38299","NO","YES","https://www.cashall.in/api/v1/catalog/image/google-pixel-9"
"MOBILE","Google","google","Google Pixel 9 Pro","google-pixel-9-pro","256 GB","16 GB","50611","NO","YES","https://www.cashall.in/api/v1/catalog/image/google-pixel-9-pro"
"MOBILE","Google","google","Google Pixel 9 Pro Fold","google-pixel-9-pro-fold","256 GB","16 GB","68458","NO","YES","https://www.cashall.in/api/v1/catalog/image/google-pixel-9-pro-fold"
"MOBILE","Google","google","Google Pixel 9 Pro XL","google-pixel-9-pro-xl","256 GB","","54782","NO","YES","https://www.cashall.in/api/v1/catalog/image/google-pixel-9-pro-xl"
"MOBILE","Google","google","Google Pixel 9 Pro XL","google-pixel-9-pro-xl","256 GB","16 GB","54782","NO","YES","https://www.cashall.in/api/v1/catalog/image/google-pixel-9-pro-xl"
"MOBILE","Google","google","Google Pixel 9 Pro XL","google-pixel-9-pro-xl","512 GB","","56722","NO","YES","https://www.cashall.in/api/v1/catalog/image/google-pixel-9-pro-xl"
"MOBILE","Google","google","Google Pixel 9 Pro XL","google-pixel-9-pro-xl","512 GB","16 GB","56722","NO","YES","https://www.cashall.in/api/v1/catalog/image/google-pixel-9-pro-xl"
"MOBILE","Google","google","Google Pixel 9a","google-pixel-9a","256 GB","8 GB","27684","NO","YES","https://www.cashall.in/api/v1/catalog/image/google-pixel-9a"
"MOBILE","Honor","honor","Honor 10","honor-10","128 GB","6 GB","2545","NO","YES","https://www.cashall.in/api/v1/catalog/image/honor-10"
"MOBILE","Honor","honor","Honor 10 Lite","honor-10-lite","128 GB","6 GB","3000","NO","YES","https://www.cashall.in/api/v1/catalog/image/honor-10-lite"
"MOBILE","Honor","honor","Honor 10 Lite","honor-10-lite","32 GB","3 GB","1970","NO","YES","https://www.cashall.in/api/v1/catalog/image/honor-10-lite"
"MOBILE","Honor","honor","Honor 10 Lite","honor-10-lite","64 GB","6 GB","2778","NO","YES","https://www.cashall.in/api/v1/catalog/image/honor-10-lite"
"MOBILE","Honor","honor","Honor 10 Lite","honor-10-lite","64 GB","4 GB","2323","NO","YES","https://www.cashall.in/api/v1/catalog/image/honor-10-lite"
"MOBILE","Honor","honor","Honor 20","honor-20","128 GB","6 GB","2778","NO","YES","https://www.cashall.in/api/v1/catalog/image/honor-20"
"MOBILE","Honor","honor","Honor 200 5G","honor-200-5g","256 GB","8 GB","12170","NO","YES","https://www.cashall.in/api/v1/catalog/image/honor-200-5g"
"MOBILE","Honor","honor","Honor 200 5G","honor-200-5g","512 GB","12 GB","14554","NO","YES","https://www.cashall.in/api/v1/catalog/image/honor-200-5g"
"MOBILE","Honor","honor","Honor 200 Lite 5G","honor-200-lite-5g","256 GB","8 GB","8201","NO","YES","https://www.cashall.in/api/v1/catalog/image/honor-200-lite-5g"
"MOBILE","Honor","honor","Honor 200 Pro 5G","honor-200-pro-5g","512 GB","12 GB","21230","NO","YES","https://www.cashall.in/api/v1/catalog/image/honor-200-pro-5g"
"MOBILE","Honor","honor","Honor 20i","honor-20i","128 GB","4 GB","2505","NO","YES","https://www.cashall.in/api/v1/catalog/image/honor-20i"
"MOBILE","Honor","honor","Honor 7A","honor-7a","32 GB","3 GB","1656","NO","YES","https://www.cashall.in/api/v1/catalog/image/honor-7a"
"MOBILE","Honor","honor","Honor 7X","honor-7x","32 GB","","1374","NO","YES","https://www.cashall.in/api/v1/catalog/image/honor-7x"
"MOBILE","Honor","honor","Honor 7X","honor-7x","64 GB","","1576","NO","YES","https://www.cashall.in/api/v1/catalog/image/honor-7x"
"MOBILE","Honor","honor","Honor 8","honor-8","32 GB","4 GB","1535","NO","YES","https://www.cashall.in/api/v1/catalog/image/honor-8"
"MOBILE","Honor","honor","Honor 8 Pro","honor-8-pro","128 GB","6 GB","3040","NO","YES","https://www.cashall.in/api/v1/catalog/image/honor-8-pro"
"MOBILE","Honor","honor","Honor 8 Pro","honor-8-pro","64 GB","4 GB","2707","NO","YES","https://www.cashall.in/api/v1/catalog/image/honor-8-pro"
"MOBILE","Honor","honor","Honor 8C","honor-8c","32 GB","","1424","NO","YES","https://www.cashall.in/api/v1/catalog/image/honor-8c"
"MOBILE","Honor","honor","Honor 8C","honor-8c","64 GB","","1535","NO","YES","https://www.cashall.in/api/v1/catalog/image/honor-8c"
"MOBILE","Honor","honor","Honor 8X","honor-8x","128 GB","6 GB","2586","NO","YES","https://www.cashall.in/api/v1/catalog/image/honor-8x"
"MOBILE","Honor","honor","Honor 8X","honor-8x","64 GB","4 GB","2172","NO","YES","https://www.cashall.in/api/v1/catalog/image/honor-8x"
"MOBILE","Honor","honor","Honor 8X","honor-8x","64 GB","6 GB","2474","NO","YES","https://www.cashall.in/api/v1/catalog/image/honor-8x"
"MOBILE","Honor","honor","Honor 9 Lite","honor-9-lite","32 GB","3 GB","1616","NO","YES","https://www.cashall.in/api/v1/catalog/image/honor-9-lite"
"MOBILE","Honor","honor","Honor 9 Lite","honor-9-lite","64 GB","4 GB","1879","NO","YES","https://www.cashall.in/api/v1/catalog/image/honor-9-lite"
"MOBILE","Honor","honor","Honor 90","honor-90","256 GB","8 GB","10494","NO","YES","https://www.cashall.in/api/v1/catalog/image/honor-90"
"MOBILE","Honor","honor","Honor 90","honor-90","256 GB","12 GB","11585","NO","YES","https://www.cashall.in/api/v1/catalog/image/honor-90"
"MOBILE","Honor","honor","Honor 90","honor-90","512 GB","12 GB","12474","NO","YES","https://www.cashall.in/api/v1/catalog/image/honor-90"
"MOBILE","Honor","honor","Honor 9A","honor-9a","64 GB","3 GB","2101","NO","YES","https://www.cashall.in/api/v1/catalog/image/honor-9a"
"MOBILE","Honor","honor","Honor 9i","honor-9i","64 GB","4 GB","1899","NO","YES","https://www.cashall.in/api/v1/catalog/image/honor-9i"
"MOBILE","Honor","honor","Honor 9N","honor-9n","128 GB","4 GB","2323","NO","YES","https://www.cashall.in/api/v1/catalog/image/honor-9n"
"MOBILE","Honor","honor","Honor 9N","honor-9n","32 GB","3 GB","1879","NO","YES","https://www.cashall.in/api/v1/catalog/image/honor-9n"
"MOBILE","Honor","honor","Honor 9N","honor-9n","64 GB","4 GB","2030","NO","YES","https://www.cashall.in/api/v1/catalog/image/honor-9n"
"MOBILE","Honor","honor","Honor 9S","honor-9s","32 GB","2 GB","1939","NO","YES","https://www.cashall.in/api/v1/catalog/image/honor-9s"
"MOBILE","Honor","honor","Honor 9X Pro","honor-9x-pro","256 GB","6 GB","3192","NO","YES","https://www.cashall.in/api/v1/catalog/image/honor-9x-pro"
"MOBILE","Honor","honor","Honor Holly 4 Plus","honor-holly-4-plus","32 GB","3 GB","970","NO","YES","https://www.cashall.in/api/v1/catalog/image/honor-holly-4-plus"
"MOBILE","Honor","honor","Honor Play","honor-play","64 GB","4 GB","2060","NO","YES","https://www.cashall.in/api/v1/catalog/image/honor-play"
"MOBILE","Honor","honor","Honor Play","honor-play","64 GB","6 GB","2131","NO","YES","https://www.cashall.in/api/v1/catalog/image/honor-play"
"MOBILE","Honor","honor","Honor View 10","honor-view-10","128 GB","6 GB","2889","NO","YES","https://www.cashall.in/api/v1/catalog/image/honor-view-10"
"MOBILE","Honor","honor","Honor View 20","honor-view-20","128 GB","6 GB","3697","NO","YES","https://www.cashall.in/api/v1/catalog/image/honor-view-20"
"MOBILE","Honor","honor","Honor View 20","honor-view-20","128 GB","8 GB","4464","NO","YES","https://www.cashall.in/api/v1/catalog/image/honor-view-20"
"MOBILE","Honor","honor","Honor View 20","honor-view-20","256 GB","8 GB","4969","NO","YES","https://www.cashall.in/api/v1/catalog/image/honor-view-20"
"MOBILE","Huawei","huawei","Huawei Mate 10","huawei-mate-10","64 GB","4 GB","3616","NO","YES","https://www.cashall.in/api/v1/catalog/image/huawei-mate-10"
"MOBILE","Huawei","huawei","Huawei Mate 20","huawei-mate-20","128 GB","4 GB","3616","NO","YES","https://www.cashall.in/api/v1/catalog/image/huawei-mate-20"
"MOBILE","Huawei","huawei","Huawei Mate 20 Pro","huawei-mate-20-pro","128 GB","6 GB","4414","NO","YES","https://www.cashall.in/api/v1/catalog/image/huawei-mate-20-pro"
"MOBILE","Huawei","huawei","Huawei Mate 30 Pro","huawei-mate-30-pro","256 GB","8 GB","8292","NO","YES","https://www.cashall.in/api/v1/catalog/image/huawei-mate-30-pro"
"MOBILE","Huawei","huawei","Huawei Nova 3i","huawei-nova-3i","128 GB","4 GB","3262","NO","YES","https://www.cashall.in/api/v1/catalog/image/huawei-nova-3i"
"MOBILE","Huawei","huawei","Huawei P20 Lite","huawei-p20-lite","64 GB","4 GB","2919","NO","YES","https://www.cashall.in/api/v1/catalog/image/huawei-p20-lite"
"MOBILE","Huawei","huawei","Huawei P20 Pro","huawei-p20-pro","128 GB","6 GB","3707","NO","YES","https://www.cashall.in/api/v1/catalog/image/huawei-p20-pro"
"MOBILE","Huawei","huawei","Huawei P30 Lite","huawei-p30-lite","128 GB","4 GB","3979","NO","YES","https://www.cashall.in/api/v1/catalog/image/huawei-p30-lite"
"MOBILE","Huawei","huawei","Huawei P30 Lite","huawei-p30-lite","128 GB","6 GB","4121","NO","YES","https://www.cashall.in/api/v1/catalog/image/huawei-p30-lite"
"MOBILE","Huawei","huawei","Huawei P30 Pro","huawei-p30-pro","8 GB","","7858","NO","YES","https://www.cashall.in/api/v1/catalog/image/huawei-p30-pro"
"MOBILE","Huawei","huawei","Huawei Y9 Prime 2019","huawei-y9-prime-2019","128 GB","4 GB","3707","NO","YES","https://www.cashall.in/api/v1/catalog/image/huawei-y9-prime-2019"
"MOBILE","Infinix","infinix","Infinix GT 10 Pro","infinix-gt-10-pro","256 GB","8 GB","9555","NO","YES","https://www.cashall.in/api/v1/catalog/image/infinix-gt-10-pro"
"MOBILE","Infinix","infinix","Infinix GT 20 Pro","infinix-gt-20-pro","256 GB","8 GB","9948","NO","YES","https://www.cashall.in/api/v1/catalog/image/infinix-gt-20-pro"
"MOBILE","Infinix","infinix","Infinix GT 20 Pro","infinix-gt-20-pro","256 GB","12 GB","10302","NO","YES","https://www.cashall.in/api/v1/catalog/image/infinix-gt-20-pro"
"MOBILE","Infinix","infinix","Infinix Hot 10","infinix-hot-10","128 GB","6 GB","3555","NO","YES","https://www.cashall.in/api/v1/catalog/image/infinix-hot-10"
"MOBILE","Infinix","infinix","Infinix Hot 10","infinix-hot-10","64 GB","4 GB","2939","NO","YES","https://www.cashall.in/api/v1/catalog/image/infinix-hot-10"
"MOBILE","Infinix","infinix","Infinix Hot 10 Play","infinix-hot-10-play","32 GB","3 GB","2505","NO","YES","https://www.cashall.in/api/v1/catalog/image/infinix-hot-10-play"
"MOBILE","Infinix","infinix","Infinix Hot 10 Play","infinix-hot-10-play","64 GB","4 GB","2939","NO","YES","https://www.cashall.in/api/v1/catalog/image/infinix-hot-10-play"
"MOBILE","Infinix","infinix","Infinix Hot 10s","infinix-hot-10s","64 GB","4 GB","2778","NO","YES","https://www.cashall.in/api/v1/catalog/image/infinix-hot-10s"
"MOBILE","Infinix","infinix","Infinix Hot 10s","infinix-hot-10s","64 GB","6 GB","3000","NO","YES","https://www.cashall.in/api/v1/catalog/image/infinix-hot-10s"
"MOBILE","Infinix","infinix","Infinix Hot 11","infinix-hot-11","64 GB","4 GB","2959","NO","YES","https://www.cashall.in/api/v1/catalog/image/infinix-hot-11"
"MOBILE","Infinix","infinix","Infinix Hot 11 2022","infinix-hot-11-2022","64 GB","4 GB","2697","NO","YES","https://www.cashall.in/api/v1/catalog/image/infinix-hot-11-2022"
"MOBILE","Infinix","infinix","Infinix Hot 11S","infinix-hot-11s","128 GB","4 GB","3333","NO","YES","https://www.cashall.in/api/v1/catalog/image/infinix-hot-11s"
"MOBILE","Infinix","infinix","Infinix Hot 11S","infinix-hot-11s","64 GB","4 GB","3182","NO","YES","https://www.cashall.in/api/v1/catalog/image/infinix-hot-11s"
"MOBILE","Infinix","infinix","Infinix Hot 12","infinix-hot-12","64 GB","4 GB","3293","NO","YES","https://www.cashall.in/api/v1/catalog/image/infinix-hot-12"
"MOBILE","Infinix","infinix","Infinix HOT 12 Play","infinix-hot-12-play","64 GB","4 GB","3535","NO","YES","https://www.cashall.in/api/v1/catalog/image/infinix-hot-12-play"
"MOBILE","Infinix","infinix","Infinix Hot 12 Pro","infinix-hot-12-pro","128 GB","8 GB","3565","NO","YES","https://www.cashall.in/api/v1/catalog/image/infinix-hot-12-pro"
"MOBILE","Infinix","infinix","Infinix Hot 12 Pro","infinix-hot-12-pro","64 GB","6 GB","3222","NO","YES","https://www.cashall.in/api/v1/catalog/image/infinix-hot-12-pro"
"MOBILE","Infinix","infinix","Infinix Hot 20 5G","infinix-hot-20-5g","128 GB","6 GB","4424","NO","YES","https://www.cashall.in/api/v1/catalog/image/infinix-hot-20-5g"
"MOBILE","Infinix","infinix","Infinix Hot 20 5G","infinix-hot-20-5g","64 GB","4 GB","4121","NO","YES","https://www.cashall.in/api/v1/catalog/image/infinix-hot-20-5g"
"MOBILE","Infinix","infinix","Infinix Hot 20 Play","infinix-hot-20-play","64 GB","4 GB","2919","NO","YES","https://www.cashall.in/api/v1/catalog/image/infinix-hot-20-play"
"MOBILE","Infinix","infinix","Infinix Hot 30 5G","infinix-hot-30-5g","128 GB","4 GB","5202","NO","YES","https://www.cashall.in/api/v1/catalog/image/infinix-hot-30-5g"
"MOBILE","Infinix","infinix","Infinix Hot 30 5G","infinix-hot-30-5g","128 GB","8 GB","6252","NO","YES","https://www.cashall.in/api/v1/catalog/image/infinix-hot-30-5g"
"MOBILE","Infinix","infinix","Infinix Hot 30i","infinix-hot-30i","128 GB","8 GB","5020","NO","YES","https://www.cashall.in/api/v1/catalog/image/infinix-hot-30i"
"MOBILE","Infinix","infinix","Infinix Hot 30i","infinix-hot-30i","64 GB","4 GB","3222","NO","YES","https://www.cashall.in/api/v1/catalog/image/infinix-hot-30i"
"MOBILE","Infinix","infinix","Infinix Hot 40i","infinix-hot-40i","256 GB","8 GB","4161","NO","YES","https://www.cashall.in/api/v1/catalog/image/infinix-hot-40i"
"MOBILE","Infinix","infinix","Infinix Hot 50 5G","infinix-hot-50-5g","128 GB","4 GB","4252","NO","YES","https://www.cashall.in/api/v1/catalog/image/infinix-hot-50-5g"
"MOBILE","Infinix","infinix","Infinix Hot 50 5G","infinix-hot-50-5g","128 GB","8 GB","5404","NO","YES","https://www.cashall.in/api/v1/catalog/image/infinix-hot-50-5g"
"MOBILE","Infinix","infinix","Infinix Hot 6 Pro","infinix-hot-6-pro","32 GB","3 GB","1970","NO","YES","https://www.cashall.in/api/v1/catalog/image/infinix-hot-6-pro"
"MOBILE","Infinix","infinix","Infinix Hot 60 5G Plus","infinix-hot-60-5g-plus","128 GB","6 GB","7080","NO","YES","https://www.cashall.in/api/v1/catalog/image/infinix-hot-60-5g-plus"
"MOBILE","Infinix","infinix","Infinix Hot 60i 5G","infinix-hot-60i-5g","128 GB","4 GB","6151","NO","YES","https://www.cashall.in/api/v1/catalog/image/infinix-hot-60i-5g"
"MOBILE","Infinix","infinix","Infinix Hot 7","infinix-hot-7","64 GB","4 GB","1899","NO","YES","https://www.cashall.in/api/v1/catalog/image/infinix-hot-7"
"MOBILE","Infinix","infinix","Infinix Hot 7 Pro","infinix-hot-7-pro","64 GB","6 GB","2060","NO","YES","https://www.cashall.in/api/v1/catalog/image/infinix-hot-7-pro"
"MOBILE","Infinix","infinix","Infinix Hot 8","infinix-hot-8","64 GB","4 GB","2404","NO","YES","https://www.cashall.in/api/v1/catalog/image/infinix-hot-8"
"MOBILE","Infinix","infinix","Infinix Hot 9","infinix-hot-9","64 GB","4 GB","2626","NO","YES","https://www.cashall.in/api/v1/catalog/image/infinix-hot-9"
"MOBILE","Infinix","infinix","Infinix Hot 9 Pro","infinix-hot-9-pro","64 GB","4 GB","2848","NO","YES","https://www.cashall.in/api/v1/catalog/image/infinix-hot-9-pro"
"MOBILE","Infinix","infinix","Infinix Hot S3","infinix-hot-s3","32 GB","3 GB","1303","NO","YES","https://www.cashall.in/api/v1/catalog/image/infinix-hot-s3"
"MOBILE","Infinix","infinix","Infinix Hot S3","infinix-hot-s3","64 GB","4 GB","1687","NO","YES","https://www.cashall.in/api/v1/catalog/image/infinix-hot-s3"
"MOBILE","Infinix","infinix","Infinix Hot S3X","infinix-hot-s3x","32 GB","3 GB","1353","NO","YES","https://www.cashall.in/api/v1/catalog/image/infinix-hot-s3x"
"MOBILE","Infinix","infinix","Infinix Note 10","infinix-note-10","128 GB","6 GB","3151","NO","YES","https://www.cashall.in/api/v1/catalog/image/infinix-note-10"
"MOBILE","Infinix","infinix","Infinix Note 10","infinix-note-10","64 GB","4 GB","2889","NO","YES","https://www.cashall.in/api/v1/catalog/image/infinix-note-10"
"MOBILE","Infinix","infinix","Infinix Note 10 Pro","infinix-note-10-pro","256 GB","8 GB","4252","NO","YES","https://www.cashall.in/api/v1/catalog/image/infinix-note-10-pro"
"MOBILE","Infinix","infinix","Infinix Note 11","infinix-note-11","128 GB","6 GB","3596","NO","YES","https://www.cashall.in/api/v1/catalog/image/infinix-note-11"
"MOBILE","Infinix","infinix","Infinix Note 11","infinix-note-11","64 GB","4 GB","3222","NO","YES","https://www.cashall.in/api/v1/catalog/image/infinix-note-11"
"MOBILE","Infinix","infinix","Infinix Note 11S","infinix-note-11s","128 GB","8 GB","3434","NO","YES","https://www.cashall.in/api/v1/catalog/image/infinix-note-11s"
"MOBILE","Infinix","infinix","Infinix Note 11S","infinix-note-11s","64 GB","6 GB","3222","NO","YES","https://www.cashall.in/api/v1/catalog/image/infinix-note-11s"
"MOBILE","Infinix","infinix","Infinix Note 11s Free Fire Edition","infinix-note-11s-free-fire-edition","128 GB","8 GB","3939","NO","YES","https://www.cashall.in/api/v1/catalog/image/infinix-note-11s-free-fire-edition"
"MOBILE","Infinix","infinix","Infinix Note 12","infinix-note-12","128 GB","6 GB","4282","NO","YES","https://www.cashall.in/api/v1/catalog/image/infinix-note-12"
"MOBILE","Infinix","infinix","Infinix Note 12","infinix-note-12","64 GB","4 GB","4090","NO","YES","https://www.cashall.in/api/v1/catalog/image/infinix-note-12"
"MOBILE","Infinix","infinix","Infinix Note 12 5G","infinix-note-12-5g","64 GB","6 GB","4242","NO","YES","https://www.cashall.in/api/v1/catalog/image/infinix-note-12-5g"
"MOBILE","Infinix","infinix","Infinix Note 12 Pro 4G","infinix-note-12-pro-4g","256 GB","8 GB","4868","NO","YES","https://www.cashall.in/api/v1/catalog/image/infinix-note-12-pro-4g"
"MOBILE","Infinix","infinix","Infinix Note 12 Pro 5G","infinix-note-12-pro-5g","128 GB","8 GB","5959","NO","YES","https://www.cashall.in/api/v1/catalog/image/infinix-note-12-pro-5g"
"MOBILE","Infinix","infinix","Infinix Note 12 Turbo","infinix-note-12-turbo","128 GB","8 GB","3828","NO","YES","https://www.cashall.in/api/v1/catalog/image/infinix-note-12-turbo"
"MOBILE","Infinix","infinix","Infinix Note 12i","infinix-note-12i","64 GB","4 GB","2919","NO","YES","https://www.cashall.in/api/v1/catalog/image/infinix-note-12i"
"MOBILE","Infinix","infinix","Infinix Note 30 5G","infinix-note-30-5g","128 GB","4 GB","6161","NO","YES","https://www.cashall.in/api/v1/catalog/image/infinix-note-30-5g"
"MOBILE","Infinix","infinix","Infinix Note 30 5G","infinix-note-30-5g","256 GB","8 GB","8413","NO","YES","https://www.cashall.in/api/v1/catalog/image/infinix-note-30-5g"
"MOBILE","Infinix","infinix","Infinix Note 4","infinix-note-4","32 GB","3 GB","1020","NO","YES","https://www.cashall.in/api/v1/catalog/image/infinix-note-4"
"MOBILE","Infinix","infinix","Infinix Note 40 5G","infinix-note-40-5g","256 GB","8 GB","6929","NO","YES","https://www.cashall.in/api/v1/catalog/image/infinix-note-40-5g"
"MOBILE","Infinix","infinix","Infinix Note 40 Pro 5G","infinix-note-40-pro-5g","256 GB","8 GB","9444","NO","YES","https://www.cashall.in/api/v1/catalog/image/infinix-note-40-pro-5g"
"MOBILE","Infinix","infinix","Infinix Note 40 Pro Plus 5G","infinix-note-40-pro-plus-5g","256 GB","12 GB","9797","NO","YES","https://www.cashall.in/api/v1/catalog/image/infinix-note-40-pro-plus-5g"
"MOBILE","Infinix","infinix","Infinix Note 40X 5G","infinix-note-40x-5g","256 GB","8 GB","5838","NO","YES","https://www.cashall.in/api/v1/catalog/image/infinix-note-40x-5g"
"MOBILE","Infinix","infinix","Infinix Note 40X 5G","infinix-note-40x-5g","256 GB","12 GB","6383","NO","YES","https://www.cashall.in/api/v1/catalog/image/infinix-note-40x-5g"
"MOBILE","Infinix","infinix","Infinix Note 5","infinix-note-5","32 GB","3 GB","1040","NO","YES","https://www.cashall.in/api/v1/catalog/image/infinix-note-5"
"MOBILE","Infinix","infinix","Infinix Note 5","infinix-note-5","64 GB","4 GB","1131","NO","YES","https://www.cashall.in/api/v1/catalog/image/infinix-note-5"
"MOBILE","Infinix","infinix","Infinix Note 5 Stylus","infinix-note-5-stylus","64 GB","4 GB","1626","NO","YES","https://www.cashall.in/api/v1/catalog/image/infinix-note-5-stylus"
"MOBILE","Infinix","infinix","Infinix Note 50X 5G","infinix-note-50x-5g","128 GB","6 GB","6363","NO","YES","https://www.cashall.in/api/v1/catalog/image/infinix-note-50x-5g"
"MOBILE","Infinix","infinix","Infinix Note 50X 5G","infinix-note-50x-5g","128 GB","8 GB","7080","NO","YES","https://www.cashall.in/api/v1/catalog/image/infinix-note-50x-5g"
"MOBILE","Infinix","infinix","Infinix Note 7","infinix-note-7","64 GB","4 GB","2818","NO","YES","https://www.cashall.in/api/v1/catalog/image/infinix-note-7"
"MOBILE","Infinix","infinix","Infinix S4","infinix-s4","32 GB","3 GB","1464","NO","YES","https://www.cashall.in/api/v1/catalog/image/infinix-s4"
"MOBILE","Infinix","infinix","Infinix S4","infinix-s4","64 GB","4 GB","1757","NO","YES","https://www.cashall.in/api/v1/catalog/image/infinix-s4"
"MOBILE","Infinix","infinix","Infinix S5","infinix-s5","64 GB","4 GB","2010","NO","YES","https://www.cashall.in/api/v1/catalog/image/infinix-s5"
"MOBILE","Infinix","infinix","Infinix S5 Lite","infinix-s5-lite","64 GB","4 GB","1879","NO","YES","https://www.cashall.in/api/v1/catalog/image/infinix-s5-lite"
"MOBILE","Infinix","infinix","Infinix S5 Pro","infinix-s5-pro","64 GB","4 GB","2586","NO","YES","https://www.cashall.in/api/v1/catalog/image/infinix-s5-pro"
"MOBILE","Infinix","infinix","Infinix Smart 10","infinix-smart-10","64 GB","4 GB","4161","NO","YES","https://www.cashall.in/api/v1/catalog/image/infinix-smart-10"
"MOBILE","Infinix","infinix","Infinix Smart 2","infinix-smart-2","16 GB","2 GB","838","NO","YES","https://www.cashall.in/api/v1/catalog/image/infinix-smart-2"
"MOBILE","Infinix","infinix","Infinix Smart 2","infinix-smart-2","32 GB","3 GB","1010","NO","YES","https://www.cashall.in/api/v1/catalog/image/infinix-smart-2"
"MOBILE","Infinix","infinix","Infinix Smart 4","infinix-smart-4","32 GB","2 GB","1535","NO","YES","https://www.cashall.in/api/v1/catalog/image/infinix-smart-4"
"MOBILE","Infinix","infinix","Infinix Smart 4 Plus","infinix-smart-4-plus","32 GB","3 GB","2172","NO","YES","https://www.cashall.in/api/v1/catalog/image/infinix-smart-4-plus"
"MOBILE","Infinix","infinix","Infinix Smart 5","infinix-smart-5","32 GB","2 GB","2151","NO","YES","https://www.cashall.in/api/v1/catalog/image/infinix-smart-5"
"MOBILE","Infinix","infinix","Infinix Smart 6","infinix-smart-6","64 GB","2 GB","2384","NO","YES","https://www.cashall.in/api/v1/catalog/image/infinix-smart-6"
"MOBILE","Infinix","infinix","Infinix Smart 6 HD","infinix-smart-6-hd","32 GB","2 GB","2101","NO","YES","https://www.cashall.in/api/v1/catalog/image/infinix-smart-6-hd"
"MOBILE","Infinix","infinix","Infinix Smart 6 Plus","infinix-smart-6-plus","64 GB","3 GB","2414","NO","YES","https://www.cashall.in/api/v1/catalog/image/infinix-smart-6-plus"
"MOBILE","Infinix","infinix","Infinix Smart 7","infinix-smart-7","128 GB","4 GB","2323","NO","YES","https://www.cashall.in/api/v1/catalog/image/infinix-smart-7"
"MOBILE","Infinix","infinix","Infinix Smart 7","infinix-smart-7","64 GB","4 GB","2101","NO","YES","https://www.cashall.in/api/v1/catalog/image/infinix-smart-7"
"MOBILE","Infinix","infinix","Infinix Smart 7 HD","infinix-smart-7-hd","64 GB","2 GB","1868","NO","YES","https://www.cashall.in/api/v1/catalog/image/infinix-smart-7-hd"
"MOBILE","Infinix","infinix","Infinix Smart 8","infinix-smart-8","64 GB","4 GB","3060","NO","YES","https://www.cashall.in/api/v1/catalog/image/infinix-smart-8"
"MOBILE","Infinix","infinix","Infinix Smart 8 HD","infinix-smart-8-hd","64 GB","3 GB","2878","NO","YES","https://www.cashall.in/api/v1/catalog/image/infinix-smart-8-hd"
"MOBILE","Infinix","infinix","Infinix Smart 9 HD","infinix-smart-9-hd","64 GB","3 GB","4161","NO","YES","https://www.cashall.in/api/v1/catalog/image/infinix-smart-9-hd"
"MOBILE","Infinix","infinix","Infinix Smart HD 2021","infinix-smart-hd-2021","32 GB","2 GB","1798","NO","YES","https://www.cashall.in/api/v1/catalog/image/infinix-smart-hd-2021"
"MOBILE","Infinix","infinix","Infinix Zero 20","infinix-zero-20","128 GB","8 GB","4535","NO","YES","https://www.cashall.in/api/v1/catalog/image/infinix-zero-20"
"MOBILE","Infinix","infinix","Infinix Zero 40 5G","infinix-zero-40-5g","256 GB","","12272","NO","YES","https://www.cashall.in/api/v1/catalog/image/infinix-zero-40-5g"
"MOBILE","Infinix","infinix","Infinix Zero 40 5G","infinix-zero-40-5g","512 GB","","13160","NO","YES","https://www.cashall.in/api/v1/catalog/image/infinix-zero-40-5g"
"MOBILE","Infinix","infinix","Infinix Zero 5","infinix-zero-5","64 GB","6 GB","2232","NO","YES","https://www.cashall.in/api/v1/catalog/image/infinix-zero-5"
"MOBILE","Infinix","infinix","Infinix Zero 5 Pro","infinix-zero-5-pro","128 GB","6 GB","2262","NO","YES","https://www.cashall.in/api/v1/catalog/image/infinix-zero-5-pro"
"MOBILE","Infinix","infinix","Infinix Zero 5G","infinix-zero-5g","128 GB","8 GB","5474","NO","YES","https://www.cashall.in/api/v1/catalog/image/infinix-zero-5g"
"MOBILE","Infinix","infinix","Infinix Zero 5G 2023","infinix-zero-5g-2023","128 GB","8 GB","5474","NO","YES","https://www.cashall.in/api/v1/catalog/image/infinix-zero-5g-2023"
"MOBILE","Infinix","infinix","Infinix Zero 5G 2023 Turbo","infinix-zero-5g-2023-turbo","256 GB","8 GB","5999","NO","YES","https://www.cashall.in/api/v1/catalog/image/infinix-zero-5g-2023-turbo"
"MOBILE","Infinix","infinix","Infinix Zero 8i","infinix-zero-8i","128 GB","8 GB","3969","NO","YES","https://www.cashall.in/api/v1/catalog/image/infinix-zero-8i"
"MOBILE","Infinix","infinix","Infinix Zero Flip 5G","infinix-zero-flip-5g","512 GB","8 GB","19301","NO","YES","https://www.cashall.in/api/v1/catalog/image/infinix-zero-flip-5g"
"MOBILE","Infinix","infinix","Infinix Zero Ultra","infinix-zero-ultra","256 GB","8 GB","8625","NO","YES","https://www.cashall.in/api/v1/catalog/image/infinix-zero-ultra"
"MOBILE","iQOO","iqoo","iQOO 11 5G","iqoo-11-5g","256 GB","8 GB","17826","NO","YES","https://www.cashall.in/api/v1/catalog/image/iqoo-11-5g"
"MOBILE","iQOO","iqoo","iQOO 11 5G","iqoo-11-5g","256 GB","16 GB","18513","NO","YES","https://www.cashall.in/api/v1/catalog/image/iqoo-11-5g"
"MOBILE","iQOO","iqoo","iQOO 12 5G","iqoo-12-5g","256 GB","12 GB","25442","NO","YES","https://www.cashall.in/api/v1/catalog/image/iqoo-12-5g"
"MOBILE","iQOO","iqoo","iQOO 12 5G","iqoo-12-5g","256 GB","16 GB","27220","NO","YES","https://www.cashall.in/api/v1/catalog/image/iqoo-12-5g"
"MOBILE","iQOO","iqoo","iQOO 12 5G","iqoo-12-5g","512 GB","16 GB","28108","NO","YES","https://www.cashall.in/api/v1/catalog/image/iqoo-12-5g"
"MOBILE","iQOO","iqoo","iQOO 13 5G","iqoo-13-5g","256 GB","12 GB","29694","NO","YES","https://www.cashall.in/api/v1/catalog/image/iqoo-13-5g"
"MOBILE","iQOO","iqoo","iQOO 13 5G","iqoo-13-5g","512 GB","16 GB","31512","NO","YES","https://www.cashall.in/api/v1/catalog/image/iqoo-13-5g"
"MOBILE","iQOO","iqoo","iQOO 15 5G","iqoo-15-5g","256 GB","12 GB","40400","NO","YES","https://www.cashall.in/api/v1/catalog/image/iqoo-15-5g"
"MOBILE","iQOO","iqoo","iQOO 15 5G","iqoo-15-5g","512 GB","16 GB","42016","NO","YES","https://www.cashall.in/api/v1/catalog/image/iqoo-15-5g"
"MOBILE","iQOO","iqoo","iQOO 15R","iqoo-15r","256 GB","8 GB","29492","NO","YES","https://www.cashall.in/api/v1/catalog/image/iqoo-15r"
"MOBILE","iQOO","iqoo","iQOO 15R","iqoo-15r","256 GB","12 GB","31512","NO","YES","https://www.cashall.in/api/v1/catalog/image/iqoo-15r"
"MOBILE","iQOO","iqoo","iQOO 15R","iqoo-15r","512 GB","12 GB","32825","NO","YES","https://www.cashall.in/api/v1/catalog/image/iqoo-15r"
"MOBILE","iQOO","iqoo","iQOO 3","iqoo-3","128 GB","","6121","NO","YES","https://www.cashall.in/api/v1/catalog/image/iqoo-3"
"MOBILE","iQOO","iqoo","iQOO 3","iqoo-3","256 GB","","6353","NO","YES","https://www.cashall.in/api/v1/catalog/image/iqoo-3"
"MOBILE","iQOO","iqoo","iQOO 3 5G","iqoo-3-5g","256 GB","12 GB","7232","NO","YES","https://www.cashall.in/api/v1/catalog/image/iqoo-3-5g"
"MOBILE","iQOO","iqoo","iQOO 7 5G","iqoo-7-5g","128 GB","8 GB","9676","NO","YES","https://www.cashall.in/api/v1/catalog/image/iqoo-7-5g"
"MOBILE","iQOO","iqoo","iQOO 7 5G","iqoo-7-5g","256 GB","8 GB","9868","NO","YES","https://www.cashall.in/api/v1/catalog/image/iqoo-7-5g"
"MOBILE","iQOO","iqoo","iQOO 7 5G","iqoo-7-5g","256 GB","12 GB","10019","NO","YES","https://www.cashall.in/api/v1/catalog/image/iqoo-7-5g"
"MOBILE","iQOO","iqoo","iQOO 7 Legend 5G","iqoo-7-legend-5g","128 GB","8 GB","11241","NO","YES","https://www.cashall.in/api/v1/catalog/image/iqoo-7-legend-5g"
"MOBILE","iQOO","iqoo","iQOO 7 Legend 5G","iqoo-7-legend-5g","256 GB","12 GB","11474","NO","YES","https://www.cashall.in/api/v1/catalog/image/iqoo-7-legend-5g"
"MOBILE","iQOO","iqoo","iQOO 9 5G","iqoo-9-5g","128 GB","8 GB","11090","NO","YES","https://www.cashall.in/api/v1/catalog/image/iqoo-9-5g"
"MOBILE","iQOO","iqoo","iQOO 9 5G","iqoo-9-5g","256 GB","12 GB","11474","NO","YES","https://www.cashall.in/api/v1/catalog/image/iqoo-9-5g"
"MOBILE","iQOO","iqoo","iQOO 9 Pro 5G","iqoo-9-pro-5g","256 GB","8 GB","15837","NO","YES","https://www.cashall.in/api/v1/catalog/image/iqoo-9-pro-5g"
"MOBILE","iQOO","iqoo","iQOO 9 Pro 5G","iqoo-9-pro-5g","256 GB","12 GB","16756","NO","YES","https://www.cashall.in/api/v1/catalog/image/iqoo-9-pro-5g"
"MOBILE","iQOO","iqoo","iQOO 9 SE 5G","iqoo-9-se-5g","128 GB","8 GB","11756","NO","YES","https://www.cashall.in/api/v1/catalog/image/iqoo-9-se-5g"
"MOBILE","iQOO","iqoo","iQOO 9 SE 5G","iqoo-9-se-5g","256 GB","12 GB","11857","NO","YES","https://www.cashall.in/api/v1/catalog/image/iqoo-9-se-5g"
"MOBILE","iQOO","iqoo","iQOO 9T 5G","iqoo-9t-5g","128 GB","8 GB","14382","NO","YES","https://www.cashall.in/api/v1/catalog/image/iqoo-9t-5g"
"MOBILE","iQOO","iqoo","iQOO 9T 5G","iqoo-9t-5g","256 GB","12 GB","15493","NO","YES","https://www.cashall.in/api/v1/catalog/image/iqoo-9t-5g"
"MOBILE","iQOO","iqoo","iQOO Neo 10","iqoo-neo-10","128 GB","8 GB","20958","NO","YES","https://www.cashall.in/api/v1/catalog/image/iqoo-neo-10"
"MOBILE","iQOO","iqoo","iQOO Neo 10","iqoo-neo-10","256 GB","8 GB","24806","NO","YES","https://www.cashall.in/api/v1/catalog/image/iqoo-neo-10"
"MOBILE","iQOO","iqoo","iQOO Neo 10","iqoo-neo-10","256 GB","12 GB","25755","NO","YES","https://www.cashall.in/api/v1/catalog/image/iqoo-neo-10"
"MOBILE","iQOO","iqoo","iQOO Neo 10","iqoo-neo-10","512 GB","16 GB","26765","NO","YES","https://www.cashall.in/api/v1/catalog/image/iqoo-neo-10"
"MOBILE","iQOO","iqoo","iQOO Neo 10R 5G","iqoo-neo-10r-5g","128 GB","8 GB","17524","NO","YES","https://www.cashall.in/api/v1/catalog/image/iqoo-neo-10r-5g"
"MOBILE","iQOO","iqoo","iQOO Neo 10R 5G","iqoo-neo-10r-5g","256 GB","8 GB","20150","NO","YES","https://www.cashall.in/api/v1/catalog/image/iqoo-neo-10r-5g"
"MOBILE","iQOO","iqoo","iQOO Neo 10R 5G","iqoo-neo-10r-5g","256 GB","12 GB","20604","NO","YES","https://www.cashall.in/api/v1/catalog/image/iqoo-neo-10r-5g"
"MOBILE","iQOO","iqoo","iQOO Neo 6 5G","iqoo-neo-6-5g","128 GB","8 GB","11019","NO","YES","https://www.cashall.in/api/v1/catalog/image/iqoo-neo-6-5g"
"MOBILE","iQOO","iqoo","iQOO Neo 6 5G","iqoo-neo-6-5g","256 GB","12 GB","11241","NO","YES","https://www.cashall.in/api/v1/catalog/image/iqoo-neo-6-5g"
"MOBILE","iQOO","iqoo","iQOO Neo 7 5G","iqoo-neo-7-5g","128 GB","8 GB","11211","NO","YES","https://www.cashall.in/api/v1/catalog/image/iqoo-neo-7-5g"
"MOBILE","iQOO","iqoo","iQOO Neo 7 5G","iqoo-neo-7-5g","256 GB","12 GB","11857","NO","YES","https://www.cashall.in/api/v1/catalog/image/iqoo-neo-7-5g"
"MOBILE","iQOO","iqoo","iQOO Neo 7 Pro 5G","iqoo-neo-7-pro-5g","128 GB","8 GB","17029","NO","YES","https://www.cashall.in/api/v1/catalog/image/iqoo-neo-7-pro-5g"
"MOBILE","iQOO","iqoo","iQOO Neo 7 Pro 5G","iqoo-neo-7-pro-5g","256 GB","12 GB","17271","NO","YES","https://www.cashall.in/api/v1/catalog/image/iqoo-neo-7-pro-5g"
"MOBILE","iQOO","iqoo","iQOO Neo 9 Pro 5G","iqoo-neo-9-pro-5g","128 GB","8 GB","17120","NO","YES","https://www.cashall.in/api/v1/catalog/image/iqoo-neo-9-pro-5g"
"MOBILE","iQOO","iqoo","iQOO Neo 9 Pro 5G","iqoo-neo-9-pro-5g","256 GB","8 GB","19796","NO","YES","https://www.cashall.in/api/v1/catalog/image/iqoo-neo-9-pro-5g"
"MOBILE","iQOO","iqoo","iQOO Neo 9 Pro 5G","iqoo-neo-9-pro-5g","256 GB","12 GB","20543","NO","YES","https://www.cashall.in/api/v1/catalog/image/iqoo-neo-9-pro-5g"
"MOBILE","iQOO","iqoo","iQOO Z10 5G","iqoo-z10-5g","128 GB","8 GB","15908","NO","YES","https://www.cashall.in/api/v1/catalog/image/iqoo-z10-5g"
"MOBILE","iQOO","iqoo","iQOO Z10 5G","iqoo-z10-5g","256 GB","8 GB","17170","NO","YES","https://www.cashall.in/api/v1/catalog/image/iqoo-z10-5g"
"MOBILE","iQOO","iqoo","iQOO Z10 5G","iqoo-z10-5g","256 GB","12 GB","17978","NO","YES","https://www.cashall.in/api/v1/catalog/image/iqoo-z10-5g"
"MOBILE","iQOO","iqoo","iQOO Z10 Lite 5G","iqoo-z10-lite-5g","128 GB","4 GB","7676","NO","YES","https://www.cashall.in/api/v1/catalog/image/iqoo-z10-lite-5g"
"MOBILE","iQOO","iqoo","iQOO Z10 Lite 5G","iqoo-z10-lite-5g","128 GB","6 GB","8434","NO","YES","https://www.cashall.in/api/v1/catalog/image/iqoo-z10-lite-5g"
"MOBILE","iQOO","iqoo","iQOO Z10 Lite 5G","iqoo-z10-lite-5g","256 GB","8 GB","9090","NO","YES","https://www.cashall.in/api/v1/catalog/image/iqoo-z10-lite-5g"
"MOBILE","iQOO","iqoo","iQOO Z10 Lite 5G","iqoo-z10-lite-5g","64 GB","4 GB","7272","NO","YES","https://www.cashall.in/api/v1/catalog/image/iqoo-z10-lite-5g"
"MOBILE","iQOO","iqoo","iQOO Z10R 5G","iqoo-z10r-5g","128 GB","8 GB","14645","NO","YES","https://www.cashall.in/api/v1/catalog/image/iqoo-z10r-5g"
"MOBILE","iQOO","iqoo","iQOO Z10R 5G","iqoo-z10r-5g","256 GB","8 GB","15655","NO","YES","https://www.cashall.in/api/v1/catalog/image/iqoo-z10r-5g"
"MOBILE","iQOO","iqoo","iQOO Z10R 5G","iqoo-z10r-5g","256 GB","12 GB","16160","NO","YES","https://www.cashall.in/api/v1/catalog/image/iqoo-z10r-5g"
"MOBILE","iQOO","iqoo","iQOO Z10x 5G","iqoo-z10x-5g","128 GB","6 GB","10100","NO","YES","https://www.cashall.in/api/v1/catalog/image/iqoo-z10x-5g"
"MOBILE","iQOO","iqoo","iQOO Z10x 5G","iqoo-z10x-5g","128 GB","8 GB","11110","NO","YES","https://www.cashall.in/api/v1/catalog/image/iqoo-z10x-5g"
"MOBILE","iQOO","iqoo","iQOO Z10x 5G","iqoo-z10x-5g","256 GB","8 GB","11716","NO","YES","https://www.cashall.in/api/v1/catalog/image/iqoo-z10x-5g"
"MOBILE","iQOO","iqoo","iQOO Z11x 5G","iqoo-z11x-5g","128 GB","6 GB","14494","NO","YES","https://www.cashall.in/api/v1/catalog/image/iqoo-z11x-5g"
"MOBILE","iQOO","iqoo","iQOO Z11x 5G","iqoo-z11x-5g","128 GB","8 GB","15352","NO","YES","https://www.cashall.in/api/v1/catalog/image/iqoo-z11x-5g"
"MOBILE","iQOO","iqoo","iQOO Z11x 5G","iqoo-z11x-5g","256 GB","8 GB","16362","NO","YES","https://www.cashall.in/api/v1/catalog/image/iqoo-z11x-5g"
"MOBILE","iQOO","iqoo","iQOO Z3 5G","iqoo-z3-5g","128 GB","6 GB","7575","NO","YES","https://www.cashall.in/api/v1/catalog/image/iqoo-z3-5g"
"MOBILE","iQOO","iqoo","iQOO Z3 5G","iqoo-z3-5g","128 GB","8 GB","7878","NO","YES","https://www.cashall.in/api/v1/catalog/image/iqoo-z3-5g"
"MOBILE","iQOO","iqoo","iQOO Z3 5G","iqoo-z3-5g","256 GB","8 GB","8343","NO","YES","https://www.cashall.in/api/v1/catalog/image/iqoo-z3-5g"
"MOBILE","iQOO","iqoo","iQOO Z5 5G","iqoo-z5-5g","128 GB","8 GB","8242","NO","YES","https://www.cashall.in/api/v1/catalog/image/iqoo-z5-5g"
"MOBILE","iQOO","iqoo","iQOO Z5 5G","iqoo-z5-5g","256 GB","12 GB","8494","NO","YES","https://www.cashall.in/api/v1/catalog/image/iqoo-z5-5g"
"MOBILE","iQOO","iqoo","iQOO Z6","iqoo-z6","128 GB","4 GB","5585","NO","YES","https://www.cashall.in/api/v1/catalog/image/iqoo-z6"
"MOBILE","iQOO","iqoo","iQOO Z6","iqoo-z6","128 GB","6 GB","6040","NO","YES","https://www.cashall.in/api/v1/catalog/image/iqoo-z6"
"MOBILE","iQOO","iqoo","iQOO Z6","iqoo-z6","128 GB","8 GB","6424","NO","YES","https://www.cashall.in/api/v1/catalog/image/iqoo-z6"
"MOBILE","iQOO","iqoo","iQOO Z6 5G","iqoo-z6-5g","128 GB","4 GB","7343","NO","YES","https://www.cashall.in/api/v1/catalog/image/iqoo-z6-5g"
"MOBILE","iQOO","iqoo","iQOO Z6 5G","iqoo-z6-5g","128 GB","6 GB","7878","NO","YES","https://www.cashall.in/api/v1/catalog/image/iqoo-z6-5g"
"MOBILE","iQOO","iqoo","iQOO Z6 5G","iqoo-z6-5g","128 GB","8 GB","8302","NO","YES","https://www.cashall.in/api/v1/catalog/image/iqoo-z6-5g"
"MOBILE","iQOO","iqoo","iQOO Z6 Lite 5G","iqoo-z6-lite-5g","128 GB","6 GB","7393","NO","YES","https://www.cashall.in/api/v1/catalog/image/iqoo-z6-lite-5g"
"MOBILE","iQOO","iqoo","iQOO Z6 Lite 5G","iqoo-z6-lite-5g","64 GB","4 GB","5888","NO","YES","https://www.cashall.in/api/v1/catalog/image/iqoo-z6-lite-5g"
"MOBILE","iQOO","iqoo","iQOO Z6 Pro 5G","iqoo-z6-pro-5g","128 GB","6 GB","7797","NO","YES","https://www.cashall.in/api/v1/catalog/image/iqoo-z6-pro-5g"
"MOBILE","iQOO","iqoo","iQOO Z6 Pro 5G","iqoo-z6-pro-5g","128 GB","8 GB","8181","NO","YES","https://www.cashall.in/api/v1/catalog/image/iqoo-z6-pro-5g"
"MOBILE","iQOO","iqoo","iQOO Z6 Pro 5G","iqoo-z6-pro-5g","256 GB","12 GB","8646","NO","YES","https://www.cashall.in/api/v1/catalog/image/iqoo-z6-pro-5g"
"MOBILE","iQOO","iqoo","iQOO Z7 5G","iqoo-z7-5g","128 GB","6 GB","9060","NO","YES","https://www.cashall.in/api/v1/catalog/image/iqoo-z7-5g"
"MOBILE","iQOO","iqoo","iQOO Z7 5G","iqoo-z7-5g","128 GB","8 GB","9524","NO","YES","https://www.cashall.in/api/v1/catalog/image/iqoo-z7-5g"
"MOBILE","iQOO","iqoo","iQOO Z7 Pro 5G","iqoo-z7-pro-5g","128 GB","8 GB","12928","NO","YES","https://www.cashall.in/api/v1/catalog/image/iqoo-z7-pro-5g"
"MOBILE","iQOO","iqoo","iQOO Z7 Pro 5G","iqoo-z7-pro-5g","256 GB","8 GB","15918","NO","YES","https://www.cashall.in/api/v1/catalog/image/iqoo-z7-pro-5g"
"MOBILE","iQOO","iqoo","iQOO Z7s 5G","iqoo-z7s-5g","128 GB","6 GB","8110","NO","YES","https://www.cashall.in/api/v1/catalog/image/iqoo-z7s-5g"
"MOBILE","iQOO","iqoo","iQOO Z7s 5G","iqoo-z7s-5g","128 GB","8 GB","8878","NO","YES","https://www.cashall.in/api/v1/catalog/image/iqoo-z7s-5g"
"MOBILE","iQOO","iqoo","iQOO Z9 5G","iqoo-z9-5g","128 GB","","8030","NO","YES","https://www.cashall.in/api/v1/catalog/image/iqoo-z9-5g"
"MOBILE","iQOO","iqoo","iQOO Z9 5G","iqoo-z9-5g","256 GB","","8413","NO","YES","https://www.cashall.in/api/v1/catalog/image/iqoo-z9-5g"
"MOBILE","iQOO","iqoo","iQOO Z9 Lite 5G","iqoo-z9-lite-5g","128 GB","4 GB","7424","NO","YES","https://www.cashall.in/api/v1/catalog/image/iqoo-z9-lite-5g"
"MOBILE","iQOO","iqoo","iQOO Z9 Lite 5G","iqoo-z9-lite-5g","128 GB","6 GB","7969","NO","YES","https://www.cashall.in/api/v1/catalog/image/iqoo-z9-lite-5g"
"MOBILE","iQOO","iqoo","iQOO Z9s 5G","iqoo-z9s-5g","128 GB","8 GB","13221","NO","YES","https://www.cashall.in/api/v1/catalog/image/iqoo-z9s-5g"
"MOBILE","iQOO","iqoo","iQOO Z9s 5G","iqoo-z9s-5g","256 GB","8 GB","13514","NO","YES","https://www.cashall.in/api/v1/catalog/image/iqoo-z9s-5g"
"MOBILE","iQOO","iqoo","iQOO Z9s 5G","iqoo-z9s-5g","256 GB","12 GB","14059","NO","YES","https://www.cashall.in/api/v1/catalog/image/iqoo-z9s-5g"
"MOBILE","iQOO","iqoo","iQOO Z9s Pro 5G","iqoo-z9s-pro-5g","128 GB","8 GB","13261","NO","YES","https://www.cashall.in/api/v1/catalog/image/iqoo-z9s-pro-5g"
"MOBILE","iQOO","iqoo","iQOO Z9s Pro 5G","iqoo-z9s-pro-5g","256 GB","8 GB","13857","NO","YES","https://www.cashall.in/api/v1/catalog/image/iqoo-z9s-pro-5g"
"MOBILE","iQOO","iqoo","iQOO Z9s Pro 5G","iqoo-z9s-pro-5g","256 GB","12 GB","14352","NO","YES","https://www.cashall.in/api/v1/catalog/image/iqoo-z9s-pro-5g"
"MOBILE","iQOO","iqoo","iQOO Z9x 5G","iqoo-z9x-5g","128 GB","4 GB","7767","NO","YES","https://www.cashall.in/api/v1/catalog/image/iqoo-z9x-5g"
"MOBILE","iQOO","iqoo","iQOO Z9x 5G","iqoo-z9x-5g","128 GB","6 GB","8514","NO","YES","https://www.cashall.in/api/v1/catalog/image/iqoo-z9x-5g"
"MOBILE","iQOO","iqoo","iQOO Z9x 5G","iqoo-z9x-5g","128 GB","8 GB","8858","NO","YES","https://www.cashall.in/api/v1/catalog/image/iqoo-z9x-5g"
"MOBILE","Lenovo","lenovo","Lenovo K10 Note","lenovo-k10-note","128 GB","6 GB","1525","NO","YES","https://www.cashall.in/api/v1/catalog/image/lenovo-k10-note"
"MOBILE","Lenovo","lenovo","Lenovo K10 Note","lenovo-k10-note","64 GB","4 GB","1454","NO","YES","https://www.cashall.in/api/v1/catalog/image/lenovo-k10-note"
"MOBILE","Lenovo","lenovo","Lenovo K10 Plus","lenovo-k10-plus","64 GB","4 GB","1959","NO","YES","https://www.cashall.in/api/v1/catalog/image/lenovo-k10-plus"
"MOBILE","Lenovo","lenovo","Lenovo Z6 Pro","lenovo-z6-pro","128 GB","8 GB","5313","NO","YES","https://www.cashall.in/api/v1/catalog/image/lenovo-z6-pro"
"MOBILE","LG","lg","LG G7 Plus ThinQ","lg-g7-plus-thinq","128 GB","6 GB","3454","NO","YES","https://www.cashall.in/api/v1/catalog/image/lg-g7-plus-thinq"
"MOBILE","LG","lg","LG G7 ThinQ","lg-g7-thinq","64 GB","4 GB","3010","NO","YES","https://www.cashall.in/api/v1/catalog/image/lg-g7-thinq"
"MOBILE","LG","lg","LG G8S ThinQ","lg-g8s-thinq","128 GB","6 GB","4414","NO","YES","https://www.cashall.in/api/v1/catalog/image/lg-g8s-thinq"
"MOBILE","LG","lg","LG G8X ThinQ","lg-g8x-thinq","128 GB","6 GB","4585","NO","YES","https://www.cashall.in/api/v1/catalog/image/lg-g8x-thinq"
"MOBILE","LG","lg","LG K42","lg-k42","64 GB","3 GB","2919","NO","YES","https://www.cashall.in/api/v1/catalog/image/lg-k42"
"MOBILE","LG","lg","LG Q60","lg-q60","64 GB","3 GB","2737","NO","YES","https://www.cashall.in/api/v1/catalog/image/lg-q60"
"MOBILE","LG","lg","LG V40 ThinQ","lg-v40-thinq","128 GB","6 GB","3888","NO","YES","https://www.cashall.in/api/v1/catalog/image/lg-v40-thinq"
"MOBILE","LG","lg","LG Velvet Dual Screen","lg-velvet-dual-screen","128 GB","6 GB","4939","NO","YES","https://www.cashall.in/api/v1/catalog/image/lg-velvet-dual-screen"
"MOBILE","LG","lg","LG Velvet Dual Screen","lg-velvet-dual-screen","128 GB","8 GB","5373","NO","YES","https://www.cashall.in/api/v1/catalog/image/lg-velvet-dual-screen"
"MOBILE","LG","lg","LG W10","lg-w10","32 GB","3 GB","2212","NO","YES","https://www.cashall.in/api/v1/catalog/image/lg-w10"
"MOBILE","LG","lg","LG W11","lg-w11","32 GB","3 GB","1858","NO","YES","https://www.cashall.in/api/v1/catalog/image/lg-w11"
"MOBILE","LG","lg","LG W30","lg-w30","32 GB","3 GB","2565","NO","YES","https://www.cashall.in/api/v1/catalog/image/lg-w30"
"MOBILE","LG","lg","LG W30","lg-w30","64 GB","4 GB","2737","NO","YES","https://www.cashall.in/api/v1/catalog/image/lg-w30"
"MOBILE","LG","lg","LG W30 Pro","lg-w30-pro","64 GB","4 GB","3010","NO","YES","https://www.cashall.in/api/v1/catalog/image/lg-w30-pro"
"MOBILE","LG","lg","LG W31","lg-w31","64 GB","4 GB","2818","NO","YES","https://www.cashall.in/api/v1/catalog/image/lg-w31"
"MOBILE","LG","lg","LG W31 Plus","lg-w31-plus","128 GB","4 GB","3171","NO","YES","https://www.cashall.in/api/v1/catalog/image/lg-w31-plus"
"MOBILE","LG","lg","LG W41","lg-w41","64 GB","4 GB","3010","NO","YES","https://www.cashall.in/api/v1/catalog/image/lg-w41"
"MOBILE","LG","lg","LG Wing","lg-wing","128 GB","8 GB","6181","NO","YES","https://www.cashall.in/api/v1/catalog/image/lg-wing"
"MOBILE","Motorola","motorola","Motorola Moto E13","motorola-moto-e13","128 GB","8 GB","4505","NO","YES","https://www.cashall.in/api/v1/catalog/image/motorola-moto-e13"
"MOBILE","Motorola","motorola","Motorola Moto E13","motorola-moto-e13","64 GB","2 GB","3868","NO","YES","https://www.cashall.in/api/v1/catalog/image/motorola-moto-e13"
"MOBILE","Motorola","motorola","Motorola Moto E13","motorola-moto-e13","64 GB","4 GB","4262","NO","YES","https://www.cashall.in/api/v1/catalog/image/motorola-moto-e13"
"MOBILE","Motorola","motorola","Motorola Moto e22s","motorola-moto-e22s","64 GB","4 GB","3232","NO","YES","https://www.cashall.in/api/v1/catalog/image/motorola-moto-e22s"
"MOBILE","Motorola","motorola","Motorola Moto e32","motorola-moto-e32","64 GB","4 GB","3171","NO","YES","https://www.cashall.in/api/v1/catalog/image/motorola-moto-e32"
"MOBILE","Motorola","motorola","Motorola Moto E32s","motorola-moto-e32s","32 GB","3 GB","2636","NO","YES","https://www.cashall.in/api/v1/catalog/image/motorola-moto-e32s"
"MOBILE","Motorola","motorola","Motorola Moto E32s","motorola-moto-e32s","64 GB","4 GB","2909","NO","YES","https://www.cashall.in/api/v1/catalog/image/motorola-moto-e32s"
"MOBILE","Motorola","motorola","Motorola Moto E40","motorola-moto-e40","64 GB","4 GB","3596","NO","YES","https://www.cashall.in/api/v1/catalog/image/motorola-moto-e40"
"MOBILE","Motorola","motorola","Motorola Moto E6s","motorola-moto-e6s","64 GB","4 GB","2030","NO","YES","https://www.cashall.in/api/v1/catalog/image/motorola-moto-e6s"
"MOBILE","Motorola","motorola","Motorola Moto E7 Plus","motorola-moto-e7-plus","64 GB","4 GB","2676","NO","YES","https://www.cashall.in/api/v1/catalog/image/motorola-moto-e7-plus"
"MOBILE","Motorola","motorola","Motorola Moto E7 Power","motorola-moto-e7-power","32 GB","2 GB","2222","NO","YES","https://www.cashall.in/api/v1/catalog/image/motorola-moto-e7-power"
"MOBILE","Motorola","motorola","Motorola Moto E7 Power","motorola-moto-e7-power","64 GB","4 GB","2636","NO","YES","https://www.cashall.in/api/v1/catalog/image/motorola-moto-e7-power"
"MOBILE","Motorola","motorola","Motorola Moto Edge 20","motorola-moto-edge-20","128 GB","8 GB","6959","NO","YES","https://www.cashall.in/api/v1/catalog/image/motorola-moto-edge-20"
"MOBILE","Motorola","motorola","Motorola Moto Edge 20 Fusion","motorola-moto-edge-20-fusion","128 GB","6 GB","6696","NO","YES","https://www.cashall.in/api/v1/catalog/image/motorola-moto-edge-20-fusion"
"MOBILE","Motorola","motorola","Motorola Moto Edge 20 Fusion","motorola-moto-edge-20-fusion","128 GB","8 GB","6918","NO","YES","https://www.cashall.in/api/v1/catalog/image/motorola-moto-edge-20-fusion"
"MOBILE","Motorola","motorola","Motorola Moto Edge 20 Pro","motorola-moto-edge-20-pro","128 GB","8 GB","7878","NO","YES","https://www.cashall.in/api/v1/catalog/image/motorola-moto-edge-20-pro"
"MOBILE","Motorola","motorola","Motorola Moto Edge 30","motorola-moto-edge-30","128 GB","6 GB","8565","NO","YES","https://www.cashall.in/api/v1/catalog/image/motorola-moto-edge-30"
"MOBILE","Motorola","motorola","Motorola Moto Edge 30","motorola-moto-edge-30","128 GB","8 GB","9353","NO","YES","https://www.cashall.in/api/v1/catalog/image/motorola-moto-edge-30"
"MOBILE","Motorola","motorola","Motorola Moto Edge 30 Fusion","motorola-moto-edge-30-fusion","128 GB","8 GB","10130","NO","YES","https://www.cashall.in/api/v1/catalog/image/motorola-moto-edge-30-fusion"
"MOBILE","Motorola","motorola","Motorola Moto Edge 30 Pro","motorola-moto-edge-30-pro","128 GB","8 GB","9100","NO","YES","https://www.cashall.in/api/v1/catalog/image/motorola-moto-edge-30-pro"
"MOBILE","Motorola","motorola","Motorola Moto Edge 30 Ultra","motorola-moto-edge-30-ultra","128 GB","8 GB","12625","NO","YES","https://www.cashall.in/api/v1/catalog/image/motorola-moto-edge-30-ultra"
"MOBILE","Motorola","motorola","Motorola Moto Edge 30 Ultra","motorola-moto-edge-30-ultra","256 GB","12 GB","13231","NO","YES","https://www.cashall.in/api/v1/catalog/image/motorola-moto-edge-30-ultra"
"MOBILE","Motorola","motorola","Motorola Moto Edge 40 5G","motorola-moto-edge-40-5g","256 GB","8 GB","15372","YES","YES","https://www.cashall.in/api/v1/catalog/image/motorola-moto-edge-40-5g"
"MOBILE","Motorola","motorola","Motorola Moto Edge 40 Neo 5G","motorola-moto-edge-40-neo-5g","128 GB","8 GB","13837","YES","YES","https://www.cashall.in/api/v1/catalog/image/motorola-moto-edge-40-neo-5g"
"MOBILE","Motorola","motorola","Motorola Moto Edge 40 Neo 5G","motorola-moto-edge-40-neo-5g","256 GB","12 GB","15170","YES","YES","https://www.cashall.in/api/v1/catalog/image/motorola-moto-edge-40-neo-5g"
"MOBILE","Motorola","motorola","Motorola Moto Edge 50 Fusion 5G","motorola-moto-edge-50-fusion-5g","128 GB","8 GB","13928","YES","YES","https://www.cashall.in/api/v1/catalog/image/motorola-moto-edge-50-fusion-5g"
"MOBILE","Motorola","motorola","Motorola Moto Edge 50 Fusion 5G","motorola-moto-edge-50-fusion-5g","256 GB","12 GB","15291","YES","YES","https://www.cashall.in/api/v1/catalog/image/motorola-moto-edge-50-fusion-5g"
"MOBILE","Motorola","motorola","Motorola Moto Edge 50 Ultra 5G","motorola-moto-edge-50-ultra-5g","512 GB","12 GB","25937","YES","YES","https://www.cashall.in/api/v1/catalog/image/motorola-moto-edge-50-ultra-5g"
"MOBILE","Motorola","motorola","Motorola Moto Edge Plus","motorola-moto-edge-plus","256 GB","12 GB","8030","NO","YES","https://www.cashall.in/api/v1/catalog/image/motorola-moto-edge-plus"
"MOBILE","Motorola","motorola","Motorola Moto G 5G","motorola-moto-g-5g","128 GB","6 GB","5010","NO","YES","https://www.cashall.in/api/v1/catalog/image/motorola-moto-g-5g"
"MOBILE","Motorola","motorola","Motorola Moto G10 Power","motorola-moto-g10-power","64 GB","4 GB","3060","NO","YES","https://www.cashall.in/api/v1/catalog/image/motorola-moto-g10-power"
"MOBILE","Motorola","motorola","Motorola Moto G22","motorola-moto-g22","64 GB","4 GB","3788","NO","YES","https://www.cashall.in/api/v1/catalog/image/motorola-moto-g22"
"MOBILE","Motorola","motorola","Motorola Moto G30","motorola-moto-g30","64 GB","4 GB","3212","NO","YES","https://www.cashall.in/api/v1/catalog/image/motorola-moto-g30"
"MOBILE","Motorola","motorola","Motorola Moto G31","motorola-moto-g31","128 GB","6 GB","4171","NO","YES","https://www.cashall.in/api/v1/catalog/image/motorola-moto-g31"
"MOBILE","Motorola","motorola","Motorola Moto G31","motorola-moto-g31","64 GB","4 GB","3868","NO","YES","https://www.cashall.in/api/v1/catalog/image/motorola-moto-g31"
"MOBILE","Motorola","motorola","Motorola Moto G32","motorola-moto-g32","128 GB","8 GB","4818","NO","YES","https://www.cashall.in/api/v1/catalog/image/motorola-moto-g32"
"MOBILE","Motorola","motorola","Motorola Moto G32","motorola-moto-g32","64 GB","4 GB","4131","NO","YES","https://www.cashall.in/api/v1/catalog/image/motorola-moto-g32"
"MOBILE","Motorola","motorola","Motorola Moto G34 5G","motorola-moto-g34-5g","128 GB","4 GB","7222","YES","YES","https://www.cashall.in/api/v1/catalog/image/motorola-moto-g34-5g"
"MOBILE","Motorola","motorola","Motorola Moto G34 5G","motorola-moto-g34-5g","128 GB","8 GB","8545","YES","YES","https://www.cashall.in/api/v1/catalog/image/motorola-moto-g34-5g"
"MOBILE","Motorola","motorola","Motorola Moto G40 Fusion","motorola-moto-g40-fusion","128 GB","6 GB","5353","NO","YES","https://www.cashall.in/api/v1/catalog/image/motorola-moto-g40-fusion"
"MOBILE","Motorola","motorola","Motorola Moto G40 Fusion","motorola-moto-g40-fusion","64 GB","4 GB","4131","NO","YES","https://www.cashall.in/api/v1/catalog/image/motorola-moto-g40-fusion"
"MOBILE","Motorola","motorola","Motorola Moto G42","motorola-moto-g42","64 GB","4 GB","3484","NO","YES","https://www.cashall.in/api/v1/catalog/image/motorola-moto-g42"
"MOBILE","Motorola","motorola","Motorola Moto G45 5G","motorola-moto-g45-5g","128 GB","4 GB","7131","YES","YES","https://www.cashall.in/api/v1/catalog/image/motorola-moto-g45-5g"
"MOBILE","Motorola","motorola","Motorola Moto G45 5G","motorola-moto-g45-5g","128 GB","8 GB","9060","YES","YES","https://www.cashall.in/api/v1/catalog/image/motorola-moto-g45-5g"
"MOBILE","Motorola","motorola","Motorola Moto G51 5G","motorola-moto-g51-5g","64 GB","4 GB","5393","NO","YES","https://www.cashall.in/api/v1/catalog/image/motorola-moto-g51-5g"
"MOBILE","Motorola","motorola","Motorola Moto G52","motorola-moto-g52","128 GB","6 GB","5292","NO","YES","https://www.cashall.in/api/v1/catalog/image/motorola-moto-g52"
"MOBILE","Motorola","motorola","Motorola Moto G52","motorola-moto-g52","64 GB","4 GB","3939","NO","YES","https://www.cashall.in/api/v1/catalog/image/motorola-moto-g52"
"MOBILE","Motorola","motorola","Motorola Moto G54 5G","motorola-moto-g54-5g","128 GB","8 GB","10090","YES","YES","https://www.cashall.in/api/v1/catalog/image/motorola-moto-g54-5g"
"MOBILE","Motorola","motorola","Motorola Moto G54 5G","motorola-moto-g54-5g","256 GB","12 GB","11312","YES","YES","https://www.cashall.in/api/v1/catalog/image/motorola-moto-g54-5g"
"MOBILE","Motorola","motorola","Motorola Moto G6","motorola-moto-g6","32 GB","3 GB","1222","NO","YES","https://www.cashall.in/api/v1/catalog/image/motorola-moto-g6"
"MOBILE","Motorola","motorola","Motorola Moto G6","motorola-moto-g6","64 GB","4 GB","1707","NO","YES","https://www.cashall.in/api/v1/catalog/image/motorola-moto-g6"
"MOBILE","Motorola","motorola","Motorola Moto G6 Plus","motorola-moto-g6-plus","64 GB","6 GB","1909","NO","YES","https://www.cashall.in/api/v1/catalog/image/motorola-moto-g6-plus"
"MOBILE","Motorola","motorola","Motorola Moto G60","motorola-moto-g60","128 GB","6 GB","5474","NO","YES","https://www.cashall.in/api/v1/catalog/image/motorola-moto-g60"
"MOBILE","Motorola","motorola","Motorola Moto G62 5G","motorola-moto-g62-5g","128 GB","6 GB","6767","NO","YES","https://www.cashall.in/api/v1/catalog/image/motorola-moto-g62-5g"
"MOBILE","Motorola","motorola","Motorola Moto G62 5G","motorola-moto-g62-5g","128 GB","8 GB","7110","NO","YES","https://www.cashall.in/api/v1/catalog/image/motorola-moto-g62-5g"
"MOBILE","Motorola","motorola","Motorola Moto G64 5G","motorola-moto-g64-5g","128 GB","8 GB","9484","YES","YES","https://www.cashall.in/api/v1/catalog/image/motorola-moto-g64-5g"
"MOBILE","Motorola","motorola","Motorola Moto G64 5G","motorola-moto-g64-5g","256 GB","12 GB","10716","YES","YES","https://www.cashall.in/api/v1/catalog/image/motorola-moto-g64-5g"
"MOBILE","Motorola","motorola","Motorola Moto G7","motorola-moto-g7","64 GB","4 GB","1757","NO","YES","https://www.cashall.in/api/v1/catalog/image/motorola-moto-g7"
"MOBILE","Motorola","motorola","Motorola Moto G7 Power","motorola-moto-g7-power","64 GB","4 GB","1990","NO","YES","https://www.cashall.in/api/v1/catalog/image/motorola-moto-g7-power"
"MOBILE","Motorola","motorola","Motorola Moto G71 5G","motorola-moto-g71-5g","128 GB","6 GB","6989","NO","YES","https://www.cashall.in/api/v1/catalog/image/motorola-moto-g71-5g"
"MOBILE","Motorola","motorola","Motorola Moto G72","motorola-moto-g72","128 GB","6 GB","4969","NO","YES","https://www.cashall.in/api/v1/catalog/image/motorola-moto-g72"
"MOBILE","Motorola","motorola","Motorola Moto G73 5G","motorola-moto-g73-5g","128 GB","8 GB","7898","NO","YES","https://www.cashall.in/api/v1/catalog/image/motorola-moto-g73-5g"
"MOBILE","Motorola","motorola","Motorola Moto G8 Power Lite","motorola-moto-g8-power-lite","64 GB","4 GB","2717","NO","YES","https://www.cashall.in/api/v1/catalog/image/motorola-moto-g8-power-lite"
"MOBILE","Motorola","motorola","Motorola Moto G82 5G","motorola-moto-g82-5g","128 GB","6 GB","7232","NO","YES","https://www.cashall.in/api/v1/catalog/image/motorola-moto-g82-5g"
"MOBILE","Motorola","motorola","Motorola Moto G82 5G","motorola-moto-g82-5g","128 GB","8 GB","7989","NO","YES","https://www.cashall.in/api/v1/catalog/image/motorola-moto-g82-5g"
"MOBILE","Motorola","motorola","Motorola Moto G85 5G","motorola-moto-g85-5g","128 GB","8 GB","12756","YES","YES","https://www.cashall.in/api/v1/catalog/image/motorola-moto-g85-5g"
"MOBILE","Motorola","motorola","Motorola Moto G85 5G","motorola-moto-g85-5g","256 GB","12 GB","13988","YES","YES","https://www.cashall.in/api/v1/catalog/image/motorola-moto-g85-5g"
"MOBILE","Motorola","motorola","Motorola Moto G9","motorola-moto-g9","64 GB","4 GB","2788","NO","YES","https://www.cashall.in/api/v1/catalog/image/motorola-moto-g9"
"MOBILE","Motorola","motorola","Motorola Moto G9 Power","motorola-moto-g9-power","64 GB","4 GB","2868","NO","YES","https://www.cashall.in/api/v1/catalog/image/motorola-moto-g9-power"
"MOBILE","Motorola","motorola","Motorola Moto One","motorola-moto-one","64 GB","4 GB","1990","NO","YES","https://www.cashall.in/api/v1/catalog/image/motorola-moto-one"
"MOBILE","Motorola","motorola","Motorola Moto Razr","motorola-moto-razr","128 GB","6 GB","9565","NO","YES","https://www.cashall.in/api/v1/catalog/image/motorola-moto-razr"
"MOBILE","Motorola","motorola","Motorola Moto Razr 5G","motorola-moto-razr-5g","256 GB","8 GB","12999","NO","YES","https://www.cashall.in/api/v1/catalog/image/motorola-moto-razr-5g"
"MOBILE","Motorola","motorola","Motorola Moto Z2 Force","motorola-moto-z2-force","64 GB","6 GB","1687","NO","YES","https://www.cashall.in/api/v1/catalog/image/motorola-moto-z2-force"
"MOBILE","Motorola","motorola","Motorola One Action","motorola-one-action","128 GB","4 GB","2565","NO","YES","https://www.cashall.in/api/v1/catalog/image/motorola-one-action"
"MOBILE","Motorola","motorola","Motorola One Fusion Plus","motorola-one-fusion-plus","128 GB","6 GB","4646","NO","YES","https://www.cashall.in/api/v1/catalog/image/motorola-one-fusion-plus"
"MOBILE","Motorola","motorola","Motorola One Macro","motorola-one-macro","64 GB","4 GB","1990","NO","YES","https://www.cashall.in/api/v1/catalog/image/motorola-one-macro"
"MOBILE","Motorola","motorola","Motorola One Power","motorola-one-power","64 GB","4 GB","2141","NO","YES","https://www.cashall.in/api/v1/catalog/image/motorola-one-power"
"MOBILE","Motorola","motorola","Motorola One Vision","motorola-one-vision","128 GB","4 GB","2222","NO","YES","https://www.cashall.in/api/v1/catalog/image/motorola-one-vision"
"MOBILE","Nokia","nokia","Nokia 2.2","nokia-22","16 GB","2 GB","869","NO","YES","https://www.cashall.in/api/v1/catalog/image/nokia-22"
"MOBILE","Nokia","nokia","Nokia 2.2","nokia-22","32 GB","3 GB","1050","NO","YES","https://www.cashall.in/api/v1/catalog/image/nokia-22"
"MOBILE","Nokia","nokia","Nokia 2.4","nokia-24","64 GB","3 GB","2323","NO","YES","https://www.cashall.in/api/v1/catalog/image/nokia-24"
"MOBILE","Nokia","nokia","Nokia 3.2","nokia-32","16 GB","2 GB","1424","NO","YES","https://www.cashall.in/api/v1/catalog/image/nokia-32"
"MOBILE","Nokia","nokia","Nokia 3.2","nokia-32","32 GB","3 GB","1576","NO","YES","https://www.cashall.in/api/v1/catalog/image/nokia-32"
"MOBILE","Nokia","nokia","Nokia 3.4","nokia-34","64 GB","4 GB","2404","NO","YES","https://www.cashall.in/api/v1/catalog/image/nokia-34"
"MOBILE","Nokia","nokia","Nokia 4.2","nokia-42","32 GB","3 GB","1687","NO","YES","https://www.cashall.in/api/v1/catalog/image/nokia-42"
"MOBILE","Nokia","nokia","Nokia 5.1 Plus","nokia-51-plus","32 GB","3 GB","1768","NO","YES","https://www.cashall.in/api/v1/catalog/image/nokia-51-plus"
"MOBILE","Nokia","nokia","Nokia 5.1 Plus","nokia-51-plus","64 GB","4 GB","2151","NO","YES","https://www.cashall.in/api/v1/catalog/image/nokia-51-plus"
"MOBILE","Nokia","nokia","Nokia 5.1 Plus","nokia-51-plus","64 GB","6 GB","2414","NO","YES","https://www.cashall.in/api/v1/catalog/image/nokia-51-plus"
"MOBILE","Nokia","nokia","Nokia 5.3","nokia-53","64 GB","4 GB","2929","NO","YES","https://www.cashall.in/api/v1/catalog/image/nokia-53"
"MOBILE","Nokia","nokia","Nokia 5.3","nokia-53","64 GB","6 GB","3101","NO","YES","https://www.cashall.in/api/v1/catalog/image/nokia-53"
"MOBILE","Nokia","nokia","Nokia 5.4","nokia-54","64 GB","4 GB","2666","NO","YES","https://www.cashall.in/api/v1/catalog/image/nokia-54"
"MOBILE","Nokia","nokia","Nokia 5.4","nokia-54","64 GB","6 GB","3111","NO","YES","https://www.cashall.in/api/v1/catalog/image/nokia-54"
"MOBILE","Nokia","nokia","Nokia 6.1 Plus","nokia-61-plus","64 GB","4 GB","2283","NO","YES","https://www.cashall.in/api/v1/catalog/image/nokia-61-plus"
"MOBILE","Nokia","nokia","Nokia 6.1 Plus","nokia-61-plus","64 GB","6 GB","2404","NO","YES","https://www.cashall.in/api/v1/catalog/image/nokia-61-plus"
"MOBILE","Nokia","nokia","Nokia 6.2","nokia-62","64 GB","4 GB","2212","NO","YES","https://www.cashall.in/api/v1/catalog/image/nokia-62"
"MOBILE","Nokia","nokia","Nokia 7 Plus","nokia-7-plus","64 GB","4 GB","2172","NO","YES","https://www.cashall.in/api/v1/catalog/image/nokia-7-plus"
"MOBILE","Nokia","nokia","Nokia 7.1","nokia-71","64 GB","4 GB","2030","NO","YES","https://www.cashall.in/api/v1/catalog/image/nokia-71"
"MOBILE","Nokia","nokia","Nokia 7.2","nokia-72","64 GB","4 GB","2323","NO","YES","https://www.cashall.in/api/v1/catalog/image/nokia-72"
"MOBILE","Nokia","nokia","Nokia 7.2","nokia-72","64 GB","6 GB","2737","NO","YES","https://www.cashall.in/api/v1/catalog/image/nokia-72"
"MOBILE","Nokia","nokia","Nokia 8 Sirocco","nokia-8-sirocco","128 GB","6 GB","3747","NO","YES","https://www.cashall.in/api/v1/catalog/image/nokia-8-sirocco"
"MOBILE","Nokia","nokia","Nokia 8.1","nokia-81","128 GB","6 GB","2697","NO","YES","https://www.cashall.in/api/v1/catalog/image/nokia-81"
"MOBILE","Nokia","nokia","Nokia 8.1","nokia-81","64 GB","4 GB","2252","NO","YES","https://www.cashall.in/api/v1/catalog/image/nokia-81"
"MOBILE","Nokia","nokia","Nokia C01 Plus","nokia-c01-plus","16 GB","","1273","NO","YES","https://www.cashall.in/api/v1/catalog/image/nokia-c01-plus"
"MOBILE","Nokia","nokia","Nokia C01 Plus","nokia-c01-plus","32 GB","","1535","NO","YES","https://www.cashall.in/api/v1/catalog/image/nokia-c01-plus"
"MOBILE","Nokia","nokia","Nokia C12","nokia-c12","64 GB","2 GB","2030","NO","YES","https://www.cashall.in/api/v1/catalog/image/nokia-c12"
"MOBILE","Nokia","nokia","Nokia C12 Pro","nokia-c12-pro","64 GB","2 GB","2131","NO","YES","https://www.cashall.in/api/v1/catalog/image/nokia-c12-pro"
"MOBILE","Nokia","nokia","Nokia C12 Pro","nokia-c12-pro","64 GB","3 GB","2323","NO","YES","https://www.cashall.in/api/v1/catalog/image/nokia-c12-pro"
"MOBILE","Nokia","nokia","Nokia C12 Pro","nokia-c12-pro","64 GB","4 GB","2474","NO","YES","https://www.cashall.in/api/v1/catalog/image/nokia-c12-pro"
"MOBILE","Nokia","nokia","Nokia C20 Plus","nokia-c20-plus","32 GB","2 GB","1687","NO","YES","https://www.cashall.in/api/v1/catalog/image/nokia-c20-plus"
"MOBILE","Nokia","nokia","Nokia C20 Plus","nokia-c20-plus","32 GB","3 GB","1949","NO","YES","https://www.cashall.in/api/v1/catalog/image/nokia-c20-plus"
"MOBILE","Nokia","nokia","Nokia C21 Plus","nokia-c21-plus","32 GB","3 GB","2505","NO","YES","https://www.cashall.in/api/v1/catalog/image/nokia-c21-plus"
"MOBILE","Nokia","nokia","Nokia C21 Plus","nokia-c21-plus","64 GB","4 GB","2697","NO","YES","https://www.cashall.in/api/v1/catalog/image/nokia-c21-plus"
"MOBILE","Nokia","nokia","Nokia C22","nokia-c22","64 GB","2 GB","2151","NO","YES","https://www.cashall.in/api/v1/catalog/image/nokia-c22"
"MOBILE","Nokia","nokia","Nokia C22","nokia-c22","64 GB","4 GB","2404","NO","YES","https://www.cashall.in/api/v1/catalog/image/nokia-c22"
"MOBILE","Nokia","nokia","Nokia C22","nokia-c22","64 GB","6 GB","2990","NO","YES","https://www.cashall.in/api/v1/catalog/image/nokia-c22"
"MOBILE","Nokia","nokia","Nokia C30","nokia-c30","32 GB","3 GB","2262","NO","YES","https://www.cashall.in/api/v1/catalog/image/nokia-c30"
"MOBILE","Nokia","nokia","Nokia C30","nokia-c30","64 GB","4 GB","2545","NO","YES","https://www.cashall.in/api/v1/catalog/image/nokia-c30"
"MOBILE","Nokia","nokia","Nokia C31","nokia-c31","32 GB","3 GB","2252","NO","YES","https://www.cashall.in/api/v1/catalog/image/nokia-c31"
"MOBILE","Nokia","nokia","Nokia C31","nokia-c31","64 GB","4 GB","2626","NO","YES","https://www.cashall.in/api/v1/catalog/image/nokia-c31"
"MOBILE","Nokia","nokia","Nokia C32","nokia-c32","128 GB","4 GB","2626","NO","YES","https://www.cashall.in/api/v1/catalog/image/nokia-c32"
"MOBILE","Nokia","nokia","Nokia C32","nokia-c32","128 GB","6 GB","2818","NO","YES","https://www.cashall.in/api/v1/catalog/image/nokia-c32"
"MOBILE","Nokia","nokia","Nokia C32","nokia-c32","64 GB","4 GB","2404","NO","YES","https://www.cashall.in/api/v1/catalog/image/nokia-c32"
"MOBILE","Nokia","nokia","Nokia G10","nokia-g10","64 GB","4 GB","2535","NO","YES","https://www.cashall.in/api/v1/catalog/image/nokia-g10"
"MOBILE","Nokia","nokia","Nokia G11 Plus","nokia-g11-plus","64 GB","4 GB","2626","NO","YES","https://www.cashall.in/api/v1/catalog/image/nokia-g11-plus"
"MOBILE","Nokia","nokia","Nokia G20","nokia-g20","64 GB","4 GB","2737","NO","YES","https://www.cashall.in/api/v1/catalog/image/nokia-g20"
"MOBILE","Nokia","nokia","Nokia G21","nokia-g21","128 GB","6 GB","3525","NO","YES","https://www.cashall.in/api/v1/catalog/image/nokia-g21"
"MOBILE","Nokia","nokia","Nokia G21","nokia-g21","64 GB","4 GB","2778","NO","YES","https://www.cashall.in/api/v1/catalog/image/nokia-g21"
"MOBILE","Nokia","nokia","Nokia G42 5G","nokia-g42-5g","128 GB","4 GB","3697","NO","YES","https://www.cashall.in/api/v1/catalog/image/nokia-g42-5g"
"MOBILE","Nokia","nokia","Nokia G42 5G","nokia-g42-5g","128 GB","6 GB","4898","NO","YES","https://www.cashall.in/api/v1/catalog/image/nokia-g42-5g"
"MOBILE","Nokia","nokia","Nokia G42 5G","nokia-g42-5g","256 GB","8 GB","5282","NO","YES","https://www.cashall.in/api/v1/catalog/image/nokia-g42-5g"
"MOBILE","Nokia","nokia","Nokia G60 5G","nokia-g60-5g","128 GB","6 GB","6373","NO","YES","https://www.cashall.in/api/v1/catalog/image/nokia-g60-5g"
"MOBILE","Nokia","nokia","Nokia X30 5G","nokia-x30-5g","256 GB","8 GB","7868","NO","YES","https://www.cashall.in/api/v1/catalog/image/nokia-x30-5g"
"MOBILE","Nokia","nokia","Nokia XR20","nokia-xr20","128 GB","6 GB","7009","NO","YES","https://www.cashall.in/api/v1/catalog/image/nokia-xr20"
"MOBILE","Nothing","nothing","CMF by Nothing Phone 1","cmf-by-nothing-phone-1","128 GB","6 GB","10605","NO","YES","https://www.cashall.in/api/v1/catalog/image/cmf-by-nothing-phone-1"
"MOBILE","Nothing","nothing","CMF by Nothing Phone 1","cmf-by-nothing-phone-1","128 GB","8 GB","11544","NO","YES","https://www.cashall.in/api/v1/catalog/image/cmf-by-nothing-phone-1"
"MOBILE","Nothing","nothing","CMF by Nothing Phone 2 Pro","cmf-by-nothing-phone-2-pro","128 GB","","13988","NO","YES","https://www.cashall.in/api/v1/catalog/image/cmf-by-nothing-phone-2-pro"
"MOBILE","Nothing","nothing","CMF by Nothing Phone 2 Pro","cmf-by-nothing-phone-2-pro","256 GB","","14514","NO","YES","https://www.cashall.in/api/v1/catalog/image/cmf-by-nothing-phone-2-pro"
"MOBILE","Nothing","nothing","Nothing Phone 1","nothing-phone-1","128 GB","8 GB","12938","NO","YES","https://www.cashall.in/api/v1/catalog/image/nothing-phone-1"
"MOBILE","Nothing","nothing","Nothing Phone 1","nothing-phone-1","256 GB","8 GB","13615","NO","YES","https://www.cashall.in/api/v1/catalog/image/nothing-phone-1"
"MOBILE","Nothing","nothing","Nothing Phone 1","nothing-phone-1","256 GB","12 GB","14039","NO","YES","https://www.cashall.in/api/v1/catalog/image/nothing-phone-1"
"MOBILE","Nothing","nothing","Nothing Phone 2","nothing-phone-2","128 GB","8 GB","19453","NO","YES","https://www.cashall.in/api/v1/catalog/image/nothing-phone-2"
"MOBILE","Nothing","nothing","Nothing Phone 2","nothing-phone-2","256 GB","12 GB","20745","NO","YES","https://www.cashall.in/api/v1/catalog/image/nothing-phone-2"
"MOBILE","Nothing","nothing","Nothing Phone 2","nothing-phone-2","512 GB","12 GB","20937","NO","YES","https://www.cashall.in/api/v1/catalog/image/nothing-phone-2"
"MOBILE","Nothing","nothing","Nothing Phone 2a 5G","nothing-phone-2a-5g","128 GB","8 GB","16554","NO","YES","https://www.cashall.in/api/v1/catalog/image/nothing-phone-2a-5g"
"MOBILE","Nothing","nothing","Nothing Phone 2a 5G","nothing-phone-2a-5g","256 GB","8 GB","17251","NO","YES","https://www.cashall.in/api/v1/catalog/image/nothing-phone-2a-5g"
"MOBILE","Nothing","nothing","Nothing Phone 2a 5G","nothing-phone-2a-5g","256 GB","12 GB","17887","NO","YES","https://www.cashall.in/api/v1/catalog/image/nothing-phone-2a-5g"
"MOBILE","Nothing","nothing","Nothing Phone 2a Plus","nothing-phone-2a-plus","256 GB","8 GB","17958","NO","YES","https://www.cashall.in/api/v1/catalog/image/nothing-phone-2a-plus"
"MOBILE","Nothing","nothing","Nothing Phone 2a Plus","nothing-phone-2a-plus","256 GB","12 GB","18443","NO","YES","https://www.cashall.in/api/v1/catalog/image/nothing-phone-2a-plus"
"MOBILE","Nothing","nothing","Nothing Phone 3","nothing-phone-3","256 GB","12 GB","30805","NO","YES","https://www.cashall.in/api/v1/catalog/image/nothing-phone-3"
"MOBILE","Nothing","nothing","Nothing Phone 3","nothing-phone-3","512 GB","16 GB","32876","NO","YES","https://www.cashall.in/api/v1/catalog/image/nothing-phone-3"
"MOBILE","Nothing","nothing","Nothing Phone 3a","nothing-phone-3a","128 GB","","19382","NO","YES","https://www.cashall.in/api/v1/catalog/image/nothing-phone-3a"
"MOBILE","Nothing","nothing","Nothing Phone 3a","nothing-phone-3a","256 GB","","21018","NO","YES","https://www.cashall.in/api/v1/catalog/image/nothing-phone-3a"
"MOBILE","Nothing","nothing","Nothing Phone 3a Lite","nothing-phone-3a-lite","128 GB","","14928","NO","YES","https://www.cashall.in/api/v1/catalog/image/nothing-phone-3a-lite"
"MOBILE","Nothing","nothing","Nothing Phone 3a Lite","nothing-phone-3a-lite","256 GB","","15433","NO","YES","https://www.cashall.in/api/v1/catalog/image/nothing-phone-3a-lite"
"MOBILE","Nothing","nothing","Nothing Phone 3a Pro","nothing-phone-3a-pro","128 GB","8 GB","20230","NO","YES","https://www.cashall.in/api/v1/catalog/image/nothing-phone-3a-pro"
"MOBILE","Nothing","nothing","Nothing Phone 3a Pro","nothing-phone-3a-pro","256 GB","8 GB","22472","NO","YES","https://www.cashall.in/api/v1/catalog/image/nothing-phone-3a-pro"
"MOBILE","Nothing","nothing","Nothing Phone 3a Pro","nothing-phone-3a-pro","256 GB","12 GB","22937","NO","YES","https://www.cashall.in/api/v1/catalog/image/nothing-phone-3a-pro"
"MOBILE","Nothing","nothing","Nothing Phone 4a","nothing-phone-4a","128 GB","8 GB","24745","NO","YES","https://www.cashall.in/api/v1/catalog/image/nothing-phone-4a"
"MOBILE","Nothing","nothing","Nothing Phone 4a","nothing-phone-4a","256 GB","8 GB","26351","NO","YES","https://www.cashall.in/api/v1/catalog/image/nothing-phone-4a"
"MOBILE","Nothing","nothing","Nothing Phone 4a","nothing-phone-4a","256 GB","12 GB","27270","NO","YES","https://www.cashall.in/api/v1/catalog/image/nothing-phone-4a"
"MOBILE","Nothing","nothing","Nothing Phone 4a Pro","nothing-phone-4a-pro","128 GB","8 GB","28785","NO","YES","https://www.cashall.in/api/v1/catalog/image/nothing-phone-4a-pro"
"MOBILE","Nothing","nothing","Nothing Phone 4a Pro","nothing-phone-4a-pro","256 GB","8 GB","30805","NO","YES","https://www.cashall.in/api/v1/catalog/image/nothing-phone-4a-pro"
"MOBILE","Nothing","nothing","Nothing Phone 4a Pro","nothing-phone-4a-pro","256 GB","12 GB","32825","NO","YES","https://www.cashall.in/api/v1/catalog/image/nothing-phone-4a-pro"
"MOBILE","OnePlus","oneplus","OnePlus 10 Pro 5G","oneplus-10-pro-5g","128 GB","8 GB","15632","NO","YES","https://www.cashall.in/api/v1/catalog/image/oneplus-10-pro-5g"
"MOBILE","OnePlus","oneplus","OnePlus 10 Pro 5G","oneplus-10-pro-5g","256 GB","12 GB","17604","NO","YES","https://www.cashall.in/api/v1/catalog/image/oneplus-10-pro-5g"
"MOBILE","OnePlus","oneplus","OnePlus 10R 5G","oneplus-10r-5g","128 GB","8 GB","11932","NO","YES","https://www.cashall.in/api/v1/catalog/image/oneplus-10r-5g"
"MOBILE","OnePlus","oneplus","OnePlus 10R 5G","oneplus-10r-5g","256 GB","12 GB","12673","NO","YES","https://www.cashall.in/api/v1/catalog/image/oneplus-10r-5g"
"MOBILE","OnePlus","oneplus","OnePlus 10T 5G","oneplus-10t-5g","128 GB","8 GB","15552","NO","YES","https://www.cashall.in/api/v1/catalog/image/oneplus-10t-5g"
"MOBILE","OnePlus","oneplus","OnePlus 10T 5G","oneplus-10t-5g","256 GB","12 GB","17034","NO","YES","https://www.cashall.in/api/v1/catalog/image/oneplus-10t-5g"
"MOBILE","OnePlus","oneplus","OnePlus 10T 5G","oneplus-10t-5g","256 GB","16 GB","17832","NO","YES","https://www.cashall.in/api/v1/catalog/image/oneplus-10t-5g"
"MOBILE","OnePlus","oneplus","OnePlus 11 5G","oneplus-11-5g","128 GB","8 GB","22430","NO","YES","https://www.cashall.in/api/v1/catalog/image/oneplus-11-5g"
"MOBILE","OnePlus","oneplus","OnePlus 11 5G","oneplus-11-5g","256 GB","16 GB","24990","NO","YES","https://www.cashall.in/api/v1/catalog/image/oneplus-11-5g"
"MOBILE","OnePlus","oneplus","Oneplus 11 5G Marble Edition","oneplus-11-5g-marble-edition","256 GB","16 GB","26896","NO","YES","https://www.cashall.in/api/v1/catalog/image/oneplus-11-5g-marble-edition"
"MOBILE","OnePlus","oneplus","Oneplus 11R","oneplus-11r","128 GB","8 GB","22220","NO","YES","https://www.cashall.in/api/v1/catalog/image/oneplus-11r"
"MOBILE","OnePlus","oneplus","Oneplus 11R","oneplus-11r","256 GB","16 GB","23230","NO","YES","https://www.cashall.in/api/v1/catalog/image/oneplus-11r"
"MOBILE","OnePlus","oneplus","Oneplus 11R","oneplus-11r","512 GB","16 GB","24240","NO","YES","https://www.cashall.in/api/v1/catalog/image/oneplus-11r"
"MOBILE","OnePlus","oneplus","OnePlus 11R 5G","oneplus-11r-5g","128 GB","8 GB","20968","NO","YES","https://www.cashall.in/api/v1/catalog/image/oneplus-11r-5g"
"MOBILE","OnePlus","oneplus","OnePlus 11R 5G","oneplus-11r-5g","256 GB","16 GB","21372","NO","YES","https://www.cashall.in/api/v1/catalog/image/oneplus-11r-5g"
"MOBILE","OnePlus","oneplus","OnePlus 11R 5G","oneplus-11r-5g","512 GB","18 GB","22472","NO","YES","https://www.cashall.in/api/v1/catalog/image/oneplus-11r-5g"
"MOBILE","OnePlus","oneplus","OnePlus 12","oneplus-12","256 GB","12 GB","33610","NO","YES","https://www.cashall.in/api/v1/catalog/image/oneplus-12"
"MOBILE","OnePlus","oneplus","OnePlus 12","oneplus-12","512 GB","16 GB","37800","NO","YES","https://www.cashall.in/api/v1/catalog/image/oneplus-12"
"MOBILE","OnePlus","oneplus","OnePlus 12R","oneplus-12r","128 GB","8 GB","24800","NO","YES","https://www.cashall.in/api/v1/catalog/image/oneplus-12r"
"MOBILE","OnePlus","oneplus","OnePlus 12R","oneplus-12r","256 GB","8 GB","26300","NO","YES","https://www.cashall.in/api/v1/catalog/image/oneplus-12r"
"MOBILE","OnePlus","oneplus","OnePlus 12R","oneplus-12r","256 GB","16 GB","26700","NO","YES","https://www.cashall.in/api/v1/catalog/image/oneplus-12r"
"MOBILE","OnePlus","oneplus","OnePlus 13","oneplus-13","1 TB","24 GB","51005","NO","YES","https://www.cashall.in/api/v1/catalog/image/oneplus-13"
"MOBILE","OnePlus","oneplus","OnePlus 13","oneplus-13","256 GB","12 GB","41612","NO","YES","https://www.cashall.in/api/v1/catalog/image/oneplus-13"
"MOBILE","OnePlus","oneplus","OnePlus 13","oneplus-13","512 GB","16 GB","44440","NO","YES","https://www.cashall.in/api/v1/catalog/image/oneplus-13"
"MOBILE","OnePlus","oneplus","OnePlus 13 5G","oneplus-13-5g","1 TB","24 GB","51005","NO","YES","https://www.cashall.in/api/v1/catalog/image/oneplus-13-5g"
"MOBILE","OnePlus","oneplus","OnePlus 13 5G","oneplus-13-5g","256 GB","12 GB","41410","NO","YES","https://www.cashall.in/api/v1/catalog/image/oneplus-13-5g"
"MOBILE","OnePlus","oneplus","OnePlus 13 5G","oneplus-13-5g","512 GB","16 GB","44440","NO","YES","https://www.cashall.in/api/v1/catalog/image/oneplus-13-5g"
"MOBILE","OnePlus","oneplus","OnePlus 13R","oneplus-13r","256 GB","12 GB","30522","NO","YES","https://www.cashall.in/api/v1/catalog/image/oneplus-13r"
"MOBILE","OnePlus","oneplus","OnePlus 13R","oneplus-13r","512 GB","16 GB","30906","NO","YES","https://www.cashall.in/api/v1/catalog/image/oneplus-13r"
"MOBILE","OnePlus","oneplus","OnePlus 13R 5G","oneplus-13r-5g","256 GB","12 GB","30502","NO","YES","https://www.cashall.in/api/v1/catalog/image/oneplus-13r-5g"
"MOBILE","OnePlus","oneplus","OnePlus 13R 5G","oneplus-13r-5g","512 GB","16 GB","30906","NO","YES","https://www.cashall.in/api/v1/catalog/image/oneplus-13r-5g"
"MOBILE","OnePlus","oneplus","OnePlus 13s","oneplus-13s","256 GB","","36360","NO","YES","https://www.cashall.in/api/v1/catalog/image/oneplus-13s"
"MOBILE","OnePlus","oneplus","OnePlus 13s","oneplus-13s","512 GB","","37875","NO","YES","https://www.cashall.in/api/v1/catalog/image/oneplus-13s"
"MOBILE","OnePlus","oneplus","OnePlus 13s 5G","oneplus-13s-5g","256 GB","12 GB","36360","NO","YES","https://www.cashall.in/api/v1/catalog/image/oneplus-13s-5g"
"MOBILE","OnePlus","oneplus","OnePlus 13s 5G","oneplus-13s-5g","512 GB","12 GB","38077","NO","YES","https://www.cashall.in/api/v1/catalog/image/oneplus-13s-5g"
"MOBILE","OnePlus","oneplus","OnePlus 15","oneplus-15","256 GB","12 GB","56550","NO","YES","https://www.cashall.in/api/v1/catalog/image/oneplus-15"
"MOBILE","OnePlus","oneplus","OnePlus 15","oneplus-15","512 GB","16 GB","58075","NO","YES","https://www.cashall.in/api/v1/catalog/image/oneplus-15"
"MOBILE","OnePlus","oneplus","OnePlus 15 5G","oneplus-15-5g","256 GB","12 GB","56560","NO","YES","https://www.cashall.in/api/v1/catalog/image/oneplus-15-5g"
"MOBILE","OnePlus","oneplus","OnePlus 15 5G","oneplus-15-5g","512 GB","16 GB","58580","NO","YES","https://www.cashall.in/api/v1/catalog/image/oneplus-15-5g"
"MOBILE","OnePlus","oneplus","OnePlus 15R","oneplus-15r","256 GB","","34784","NO","YES","https://www.cashall.in/api/v1/catalog/image/oneplus-15r"
"MOBILE","OnePlus","oneplus","OnePlus 15R","oneplus-15r","256 GB","12 GB","34784","NO","YES","https://www.cashall.in/api/v1/catalog/image/oneplus-15r"
"MOBILE","OnePlus","oneplus","OnePlus 15R","oneplus-15r","512 GB","","36663","NO","YES","https://www.cashall.in/api/v1/catalog/image/oneplus-15r"
"MOBILE","OnePlus","oneplus","OnePlus 15R","oneplus-15r","512 GB","12 GB","36663","NO","YES","https://www.cashall.in/api/v1/catalog/image/oneplus-15r"
"MOBILE","OnePlus","oneplus","OnePlus 3","oneplus-3","64 GB","6 GB","1646","NO","YES","https://www.cashall.in/api/v1/catalog/image/oneplus-3"
"MOBILE","OnePlus","oneplus","OnePlus 3T","oneplus-3t","128 GB","","2060","NO","YES","https://www.cashall.in/api/v1/catalog/image/oneplus-3t"
"MOBILE","OnePlus","oneplus","OnePlus 3T","oneplus-3t","64 GB","","1798","NO","YES","https://www.cashall.in/api/v1/catalog/image/oneplus-3t"
"MOBILE","OnePlus","oneplus","OnePlus 5","oneplus-5","128 GB","8 GB","3700","NO","YES","https://www.cashall.in/api/v1/catalog/image/oneplus-5"
"MOBILE","OnePlus","oneplus","OnePlus 5","oneplus-5","64 GB","6 GB","3301","NO","YES","https://www.cashall.in/api/v1/catalog/image/oneplus-5"
"MOBILE","OnePlus","oneplus","OnePlus 5T","oneplus-5t","128 GB","8 GB","3819","NO","YES","https://www.cashall.in/api/v1/catalog/image/oneplus-5t"
"MOBILE","OnePlus","oneplus","OnePlus 5T","oneplus-5t","64 GB","6 GB","3596","NO","YES","https://www.cashall.in/api/v1/catalog/image/oneplus-5t"
"MOBILE","OnePlus","oneplus","OnePlus 6","oneplus-6","128 GB","8 GB","5234","NO","YES","https://www.cashall.in/api/v1/catalog/image/oneplus-6"
"MOBILE","OnePlus","oneplus","OnePlus 6","oneplus-6","256 GB","8 GB","5330","NO","YES","https://www.cashall.in/api/v1/catalog/image/oneplus-6"
"MOBILE","OnePlus","oneplus","OnePlus 6","oneplus-6","64 GB","6 GB","5049","NO","YES","https://www.cashall.in/api/v1/catalog/image/oneplus-6"
"MOBILE","OnePlus","oneplus","OnePlus 6T","oneplus-6t","128 GB","6 GB","6108","NO","YES","https://www.cashall.in/api/v1/catalog/image/oneplus-6t"
"MOBILE","OnePlus","oneplus","OnePlus 6T","oneplus-6t","128 GB","8 GB","6840","NO","YES","https://www.cashall.in/api/v1/catalog/image/oneplus-6t"
"MOBILE","OnePlus","oneplus","OnePlus 6T","oneplus-6t","256 GB","8 GB","6944","NO","YES","https://www.cashall.in/api/v1/catalog/image/oneplus-6t"
"MOBILE","OnePlus","oneplus","OnePlus 6T McLaren","oneplus-6t-mclaren","256 GB","10 GB","5777","NO","YES","https://www.cashall.in/api/v1/catalog/image/oneplus-6t-mclaren"
"MOBILE","OnePlus","oneplus","OnePlus 7","oneplus-7","128 GB","6 GB","6978","NO","YES","https://www.cashall.in/api/v1/catalog/image/oneplus-7"
"MOBILE","OnePlus","oneplus","OnePlus 7","oneplus-7","256 GB","8 GB","7666","NO","YES","https://www.cashall.in/api/v1/catalog/image/oneplus-7"
"MOBILE","OnePlus","oneplus","OnePlus 7 Pro","oneplus-7-pro","128 GB","6 GB","9224","NO","YES","https://www.cashall.in/api/v1/catalog/image/oneplus-7-pro"
"MOBILE","OnePlus","oneplus","OnePlus 7 Pro","oneplus-7-pro","256 GB","8 GB","10022","NO","YES","https://www.cashall.in/api/v1/catalog/image/oneplus-7-pro"
"MOBILE","OnePlus","oneplus","OnePlus 7 Pro","oneplus-7-pro","256 GB","12 GB","10156","NO","YES","https://www.cashall.in/api/v1/catalog/image/oneplus-7-pro"
"MOBILE","OnePlus","oneplus","OnePlus 7T","oneplus-7t","128 GB","","6656","NO","YES","https://www.cashall.in/api/v1/catalog/image/oneplus-7t"
"MOBILE","OnePlus","oneplus","OnePlus 7T","oneplus-7t","128 GB","8 GB","6656","NO","YES","https://www.cashall.in/api/v1/catalog/image/oneplus-7t"
"MOBILE","OnePlus","oneplus","OnePlus 7T","oneplus-7t","256 GB","","7110","NO","YES","https://www.cashall.in/api/v1/catalog/image/oneplus-7t"
"MOBILE","OnePlus","oneplus","OnePlus 7T","oneplus-7t","256 GB","8 GB","7110","NO","YES","https://www.cashall.in/api/v1/catalog/image/oneplus-7t"
"MOBILE","OnePlus","oneplus","OnePlus 7T Pro","oneplus-7t-pro","256 GB","8 GB","10060","NO","YES","https://www.cashall.in/api/v1/catalog/image/oneplus-7t-pro"
"MOBILE","OnePlus","oneplus","OnePlus 7T Pro","oneplus-7t-pro","256 GB","12 GB","10450","NO","YES","https://www.cashall.in/api/v1/catalog/image/oneplus-7t-pro"
"MOBILE","OnePlus","oneplus","OnePlus 7T Pro McLaren Edition","oneplus-7t-pro-mclaren-edition","256 GB","12 GB","9181","NO","YES","https://www.cashall.in/api/v1/catalog/image/oneplus-7t-pro-mclaren-edition"
"MOBILE","OnePlus","oneplus","OnePlus 8","oneplus-8","128 GB","6 GB","11671","NO","YES","https://www.cashall.in/api/v1/catalog/image/oneplus-8"
"MOBILE","OnePlus","oneplus","OnePlus 8","oneplus-8","128 GB","8 GB","12326","NO","YES","https://www.cashall.in/api/v1/catalog/image/oneplus-8"
"MOBILE","OnePlus","oneplus","OnePlus 8","oneplus-8","256 GB","12 GB","12778","NO","YES","https://www.cashall.in/api/v1/catalog/image/oneplus-8"
"MOBILE","OnePlus","oneplus","OnePlus 8 Pro","oneplus-8-pro","128 GB","8 GB","14293","NO","YES","https://www.cashall.in/api/v1/catalog/image/oneplus-8-pro"
"MOBILE","OnePlus","oneplus","OnePlus 8 Pro","oneplus-8-pro","256 GB","12 GB","14924","NO","YES","https://www.cashall.in/api/v1/catalog/image/oneplus-8-pro"
"MOBILE","OnePlus","oneplus","OnePlus 8T","oneplus-8t","128 GB","8 GB","11566","NO","YES","https://www.cashall.in/api/v1/catalog/image/oneplus-8t"
"MOBILE","OnePlus","oneplus","OnePlus 8T","oneplus-8t","256 GB","12 GB","12127","NO","YES","https://www.cashall.in/api/v1/catalog/image/oneplus-8t"
"MOBILE","OnePlus","oneplus","OnePlus 9 5G","oneplus-9-5g","128 GB","8 GB","11291","NO","YES","https://www.cashall.in/api/v1/catalog/image/oneplus-9-5g"
"MOBILE","OnePlus","oneplus","OnePlus 9 5G","oneplus-9-5g","256 GB","12 GB","12127","NO","YES","https://www.cashall.in/api/v1/catalog/image/oneplus-9-5g"
"MOBILE","OnePlus","oneplus","OnePlus 9 Pro 5G","oneplus-9-pro-5g","128 GB","8 GB","13761","NO","YES","https://www.cashall.in/api/v1/catalog/image/oneplus-9-pro-5g"
"MOBILE","OnePlus","oneplus","OnePlus 9 Pro 5G","oneplus-9-pro-5g","256 GB","12 GB","14663","NO","YES","https://www.cashall.in/api/v1/catalog/image/oneplus-9-pro-5g"
"MOBILE","OnePlus","oneplus","OnePlus 9R 5G","oneplus-9r-5g","128 GB","8 GB","11428","NO","YES","https://www.cashall.in/api/v1/catalog/image/oneplus-9r-5g"
"MOBILE","OnePlus","oneplus","OnePlus 9R 5G","oneplus-9r-5g","256 GB","12 GB","12112","NO","YES","https://www.cashall.in/api/v1/catalog/image/oneplus-9r-5g"
"MOBILE","OnePlus","oneplus","OnePlus 9RT 5G","oneplus-9rt-5g","128 GB","8 GB","11946","NO","YES","https://www.cashall.in/api/v1/catalog/image/oneplus-9rt-5g"
"MOBILE","OnePlus","oneplus","OnePlus 9RT 5G","oneplus-9rt-5g","256 GB","12 GB","13138","NO","YES","https://www.cashall.in/api/v1/catalog/image/oneplus-9rt-5g"
"MOBILE","OnePlus","oneplus","OnePlus N6","oneplus-n6","128 GB","4 GB","15000","NO","YES","https://www.cashall.in/api/v1/catalog/image/oneplus-n6"
"MOBILE","OnePlus","oneplus","OnePlus N6","oneplus-n6","128 GB","6 GB","16500","NO","YES","https://www.cashall.in/api/v1/catalog/image/oneplus-n6"
"MOBILE","OnePlus","oneplus","OnePlus N6x","oneplus-n6x","128 GB","4 GB","11110","NO","YES","https://www.cashall.in/api/v1/catalog/image/oneplus-n6x"
"MOBILE","OnePlus","oneplus","OnePlus N6x","oneplus-n6x","64 GB","4 GB","10100","NO","YES","https://www.cashall.in/api/v1/catalog/image/oneplus-n6x"
"MOBILE","OnePlus","oneplus","OnePlus Nord","oneplus-nord","128 GB","8 GB","8745","NO","YES","https://www.cashall.in/api/v1/catalog/image/oneplus-nord"
"MOBILE","OnePlus","oneplus","OnePlus Nord","oneplus-nord","256 GB","12 GB","9234","NO","YES","https://www.cashall.in/api/v1/catalog/image/oneplus-nord"
"MOBILE","OnePlus","oneplus","OnePlus Nord","oneplus-nord","64 GB","6 GB","7804","NO","YES","https://www.cashall.in/api/v1/catalog/image/oneplus-nord"
"MOBILE","OnePlus","oneplus","OnePlus Nord 2 5G","oneplus-nord-2-5g","128 GB","6 GB","9875","NO","YES","https://www.cashall.in/api/v1/catalog/image/oneplus-nord-2-5g"
"MOBILE","OnePlus","oneplus","OnePlus Nord 2 5G","oneplus-nord-2-5g","128 GB","8 GB","10270","NO","YES","https://www.cashall.in/api/v1/catalog/image/oneplus-nord-2-5g"
"MOBILE","OnePlus","oneplus","OnePlus Nord 2 5G","oneplus-nord-2-5g","256 GB","12 GB","10759","NO","YES","https://www.cashall.in/api/v1/catalog/image/oneplus-nord-2-5g"
"MOBILE","OnePlus","oneplus","OnePlus Nord 2T 5G","oneplus-nord-2t-5g","128 GB","8 GB","10673","NO","YES","https://www.cashall.in/api/v1/catalog/image/oneplus-nord-2t-5g"
"MOBILE","OnePlus","oneplus","OnePlus Nord 2T 5G","oneplus-nord-2t-5g","256 GB","12 GB","11638","NO","YES","https://www.cashall.in/api/v1/catalog/image/oneplus-nord-2t-5g"
"MOBILE","OnePlus","oneplus","OnePlus Nord 3 5G","oneplus-nord-3-5g","128 GB","8 GB","14840","NO","YES","https://www.cashall.in/api/v1/catalog/image/oneplus-nord-3-5g"
"MOBILE","OnePlus","oneplus","OnePlus Nord 3 5G","oneplus-nord-3-5g","256 GB","16 GB","15120","NO","YES","https://www.cashall.in/api/v1/catalog/image/oneplus-nord-3-5g"
"MOBILE","OnePlus","oneplus","OnePlus Nord 4","oneplus-nord-4","128 GB","8 GB","18109","NO","YES","https://www.cashall.in/api/v1/catalog/image/oneplus-nord-4"
"MOBILE","OnePlus","oneplus","OnePlus Nord 4","oneplus-nord-4","256 GB","8 GB","20170","NO","YES","https://www.cashall.in/api/v1/catalog/image/oneplus-nord-4"
"MOBILE","OnePlus","oneplus","OnePlus Nord 4","oneplus-nord-4","256 GB","12 GB","20937","NO","YES","https://www.cashall.in/api/v1/catalog/image/oneplus-nord-4"
"MOBILE","OnePlus","oneplus","OnePlus Nord 4 5G","oneplus-nord-4-5g","128 GB","8 GB","18109","NO","YES","https://www.cashall.in/api/v1/catalog/image/oneplus-nord-4-5g"
"MOBILE","OnePlus","oneplus","OnePlus Nord 4 5G","oneplus-nord-4-5g","256 GB","12 GB","20937","NO","YES","https://www.cashall.in/api/v1/catalog/image/oneplus-nord-4-5g"
"MOBILE","OnePlus","oneplus","OnePlus Nord 4 5G","oneplus-nord-4-5g","256 GB","8 GB","20170","NO","YES","https://www.cashall.in/api/v1/catalog/image/oneplus-nord-4-5g"
"MOBILE","OnePlus","oneplus","OnePlus Nord 5","oneplus-nord-5","256 GB","8 GB","23533","NO","YES","https://www.cashall.in/api/v1/catalog/image/oneplus-nord-5"
"MOBILE","OnePlus","oneplus","OnePlus Nord 5","oneplus-nord-5","256 GB","12 GB","24513","NO","YES","https://www.cashall.in/api/v1/catalog/image/oneplus-nord-5"
"MOBILE","OnePlus","oneplus","OnePlus Nord 5","oneplus-nord-5","512 GB","12 GB","26260","NO","YES","https://www.cashall.in/api/v1/catalog/image/oneplus-nord-5"
"MOBILE","OnePlus","oneplus","OnePlus Nord 5 5G","oneplus-nord-5-5g","256 GB","12 GB","24745","NO","YES","https://www.cashall.in/api/v1/catalog/image/oneplus-nord-5-5g"
"MOBILE","OnePlus","oneplus","OnePlus Nord 5 5G","oneplus-nord-5-5g","256 GB","8 GB","23735","NO","YES","https://www.cashall.in/api/v1/catalog/image/oneplus-nord-5-5g"
"MOBILE","OnePlus","oneplus","OnePlus Nord 5 5G","oneplus-nord-5-5g","512 GB","12 GB","26260","NO","YES","https://www.cashall.in/api/v1/catalog/image/oneplus-nord-5-5g"
"MOBILE","OnePlus","oneplus","OnePlus Nord 5 5G","oneplus-nord-5-5g","512 GB","8 GB","25755","NO","YES","https://www.cashall.in/api/v1/catalog/image/oneplus-nord-5-5g"
"MOBILE","OnePlus","oneplus","OnePlus Nord 6 5G","oneplus-nord-6-5g","256 GB","8 GB","26700","NO","YES","https://www.cashall.in/api/v1/catalog/image/oneplus-nord-6-5g"
"MOBILE","OnePlus","oneplus","OnePlus Nord 6 5G","oneplus-nord-6-5g","256 GB","12 GB","28200","NO","YES","https://www.cashall.in/api/v1/catalog/image/oneplus-nord-6-5g"
"MOBILE","OnePlus","oneplus","OnePlus Nord CE 2 5G","oneplus-nord-ce-2-5g","128 GB","6 GB","9908","NO","YES","https://www.cashall.in/api/v1/catalog/image/oneplus-nord-ce-2-5g"
"MOBILE","OnePlus","oneplus","OnePlus Nord CE 2 5G","oneplus-nord-ce-2-5g","128 GB","8 GB","10526","NO","YES","https://www.cashall.in/api/v1/catalog/image/oneplus-nord-ce-2-5g"
"MOBILE","OnePlus","oneplus","OnePlus Nord CE 2 Lite 5G","oneplus-nord-ce-2-lite-5g","128 GB","6 GB","8930","NO","YES","https://www.cashall.in/api/v1/catalog/image/oneplus-nord-ce-2-lite-5g"
"MOBILE","OnePlus","oneplus","OnePlus Nord CE 2 Lite 5G","oneplus-nord-ce-2-lite-5g","128 GB","8 GB","9490","NO","YES","https://www.cashall.in/api/v1/catalog/image/oneplus-nord-ce-2-lite-5g"
"MOBILE","OnePlus","oneplus","OnePlus Nord CE 3 5G","oneplus-nord-ce-3-5g","128 GB","8 GB","13900","NO","YES","https://www.cashall.in/api/v1/catalog/image/oneplus-nord-ce-3-5g"
"MOBILE","OnePlus","oneplus","OnePlus Nord CE 3 5G","oneplus-nord-ce-3-5g","256 GB","12 GB","14800","NO","YES","https://www.cashall.in/api/v1/catalog/image/oneplus-nord-ce-3-5g"
"MOBILE","OnePlus","oneplus","OnePlus Nord CE 3 Lite 5G","oneplus-nord-ce-3-lite-5g","128 GB","","12150","NO","YES","https://www.cashall.in/api/v1/catalog/image/oneplus-nord-ce-3-lite-5g"
"MOBILE","OnePlus","oneplus","OnePlus Nord CE 3 Lite 5G","oneplus-nord-ce-3-lite-5g","128 GB","8 GB","12150","NO","YES","https://www.cashall.in/api/v1/catalog/image/oneplus-nord-ce-3-lite-5g"
"MOBILE","OnePlus","oneplus","OnePlus Nord CE 3 Lite 5G","oneplus-nord-ce-3-lite-5g","256 GB","","13302","NO","YES","https://www.cashall.in/api/v1/catalog/image/oneplus-nord-ce-3-lite-5g"
"MOBILE","OnePlus","oneplus","OnePlus Nord CE 3 Lite 5G","oneplus-nord-ce-3-lite-5g","256 GB","8 GB","13302","NO","YES","https://www.cashall.in/api/v1/catalog/image/oneplus-nord-ce-3-lite-5g"
"MOBILE","OnePlus","oneplus","OnePlus Nord CE 5","oneplus-nord-ce-5","128 GB","8 GB","17978","NO","YES","https://www.cashall.in/api/v1/catalog/image/oneplus-nord-ce-5"
"MOBILE","OnePlus","oneplus","OnePlus Nord CE 5","oneplus-nord-ce-5","256 GB","8 GB","19089","NO","YES","https://www.cashall.in/api/v1/catalog/image/oneplus-nord-ce-5"
"MOBILE","OnePlus","oneplus","OnePlus Nord CE 5","oneplus-nord-ce-5","256 GB","12 GB","19544","NO","YES","https://www.cashall.in/api/v1/catalog/image/oneplus-nord-ce-5"
"MOBILE","OnePlus","oneplus","OnePlus Nord CE 5G","oneplus-nord-ce-5g","128 GB","6 GB","8697","NO","YES","https://www.cashall.in/api/v1/catalog/image/oneplus-nord-ce-5g"
"MOBILE","OnePlus","oneplus","OnePlus Nord CE 5G","oneplus-nord-ce-5g","128 GB","8 GB","9101","NO","YES","https://www.cashall.in/api/v1/catalog/image/oneplus-nord-ce-5g"
"MOBILE","OnePlus","oneplus","OnePlus Nord CE 5G","oneplus-nord-ce-5g","256 GB","12 GB","9604","NO","YES","https://www.cashall.in/api/v1/catalog/image/oneplus-nord-ce-5g"
"MOBILE","OnePlus","oneplus","OnePlus Nord CE 6 5G","oneplus-nord-ce-6-5g","128 GB","","21462","NO","YES","https://www.cashall.in/api/v1/catalog/image/oneplus-nord-ce-6-5g"
"MOBILE","OnePlus","oneplus","OnePlus Nord CE 6 5G","oneplus-nord-ce-6-5g","128 GB","8 GB","21462","NO","YES","https://www.cashall.in/api/v1/catalog/image/oneplus-nord-ce-6-5g"
"MOBILE","OnePlus","oneplus","OnePlus Nord CE 6 5G","oneplus-nord-ce-6-5g","256 GB","","23230","NO","YES","https://www.cashall.in/api/v1/catalog/image/oneplus-nord-ce-6-5g"
"MOBILE","OnePlus","oneplus","OnePlus Nord CE 6 5G","oneplus-nord-ce-6-5g","256 GB","8 GB","23230","NO","YES","https://www.cashall.in/api/v1/catalog/image/oneplus-nord-ce-6-5g"
"MOBILE","OnePlus","oneplus","OnePlus Nord CE 6 Lite 5G","oneplus-nord-ce-6-lite-5g","128 GB","6 GB","15500","NO","YES","https://www.cashall.in/api/v1/catalog/image/oneplus-nord-ce-6-lite-5g"
"MOBILE","OnePlus","oneplus","OnePlus Nord CE 6 Lite 5G","oneplus-nord-ce-6-lite-5g","128 GB","8 GB","17500","NO","YES","https://www.cashall.in/api/v1/catalog/image/oneplus-nord-ce-6-lite-5g"
"MOBILE","OnePlus","oneplus","OnePlus Nord CE 6 Lite 5G","oneplus-nord-ce-6-lite-5g","256 GB","8 GB","19500","NO","YES","https://www.cashall.in/api/v1/catalog/image/oneplus-nord-ce-6-lite-5g"
"MOBILE","OnePlus","oneplus","OnePlus Nord CE4","oneplus-nord-ce4","128 GB","8 GB","14645","NO","YES","https://www.cashall.in/api/v1/catalog/image/oneplus-nord-ce4"
"MOBILE","OnePlus","oneplus","OnePlus Nord CE4","oneplus-nord-ce4","256 GB","8 GB","16160","NO","YES","https://www.cashall.in/api/v1/catalog/image/oneplus-nord-ce4"
"MOBILE","OnePlus","oneplus","OnePlus Nord CE4 5G","oneplus-nord-ce4-5g","128 GB","","14786","NO","YES","https://www.cashall.in/api/v1/catalog/image/oneplus-nord-ce4-5g"
"MOBILE","OnePlus","oneplus","OnePlus Nord CE4 5G","oneplus-nord-ce4-5g","256 GB","","16362","NO","YES","https://www.cashall.in/api/v1/catalog/image/oneplus-nord-ce4-5g"
"MOBILE","OnePlus","oneplus","OnePlus Nord CE4 Lite 5G","oneplus-nord-ce4-lite-5g","128 GB","","13675","NO","YES","https://www.cashall.in/api/v1/catalog/image/oneplus-nord-ce4-lite-5g"
"MOBILE","OnePlus","oneplus","OnePlus Nord CE4 Lite 5G","oneplus-nord-ce4-lite-5g","128 GB","8 GB","13675","NO","YES","https://www.cashall.in/api/v1/catalog/image/oneplus-nord-ce4-lite-5g"
"MOBILE","OnePlus","oneplus","OnePlus Nord CE4 Lite 5G","oneplus-nord-ce4-lite-5g","256 GB","","14019","NO","YES","https://www.cashall.in/api/v1/catalog/image/oneplus-nord-ce4-lite-5g"
"MOBILE","OnePlus","oneplus","OnePlus Nord CE4 Lite 5G","oneplus-nord-ce4-lite-5g","256 GB","8 GB","14019","NO","YES","https://www.cashall.in/api/v1/catalog/image/oneplus-nord-ce4-lite-5g"
"MOBILE","OnePlus","oneplus","OnePlus Nord CE5 5G","oneplus-nord-ce5-5g","128 GB","8 GB","18180","NO","YES","https://www.cashall.in/api/v1/catalog/image/oneplus-nord-ce5-5g"
"MOBILE","OnePlus","oneplus","OnePlus Nord CE5 5G","oneplus-nord-ce5-5g","256 GB","12 GB","19594","NO","YES","https://www.cashall.in/api/v1/catalog/image/oneplus-nord-ce5-5g"
"MOBILE","OnePlus","oneplus","OnePlus Nord CE5 5G","oneplus-nord-ce5-5g","256 GB","8 GB","19089","NO","YES","https://www.cashall.in/api/v1/catalog/image/oneplus-nord-ce5-5g"
"MOBILE","OnePlus","oneplus","Oneplus Open","oneplus-open","1 TB","16 GB","60600","NO","YES","https://www.cashall.in/api/v1/catalog/image/oneplus-open"
"MOBILE","OnePlus","oneplus","Oneplus Open","oneplus-open","512 GB","16 GB","53399","NO","YES","https://www.cashall.in/api/v1/catalog/image/oneplus-open"
"MOBILE","OPPO","oppo","OPPO A11K","oppo-a11k","32 GB","2 GB","2485","NO","YES","https://www.cashall.in/api/v1/catalog/image/oppo-a11k"
"MOBILE","OPPO","oppo","OPPO A12","oppo-a12","32 GB","3 GB","3030","NO","YES","https://www.cashall.in/api/v1/catalog/image/oppo-a12"
"MOBILE","OPPO","oppo","OPPO A12","oppo-a12","64 GB","4 GB","3394","NO","YES","https://www.cashall.in/api/v1/catalog/image/oppo-a12"
"MOBILE","OPPO","oppo","OPPO A15","oppo-a15","32 GB","2 GB","2949","NO","YES","https://www.cashall.in/api/v1/catalog/image/oppo-a15"
"MOBILE","OPPO","oppo","OPPO A15","oppo-a15","32 GB","3 GB","3293","NO","YES","https://www.cashall.in/api/v1/catalog/image/oppo-a15"
"MOBILE","OPPO","oppo","OPPO A15s","oppo-a15s","128 GB","4 GB","4394","NO","YES","https://www.cashall.in/api/v1/catalog/image/oppo-a15s"
"MOBILE","OPPO","oppo","OPPO A15s","oppo-a15s","64 GB","4 GB","3676","NO","YES","https://www.cashall.in/api/v1/catalog/image/oppo-a15s"
"MOBILE","OPPO","oppo","OPPO A16","oppo-a16","64 GB","4 GB","4626","NO","YES","https://www.cashall.in/api/v1/catalog/image/oppo-a16"
"MOBILE","OPPO","oppo","OPPO A16e","oppo-a16e","32 GB","3 GB","3101","NO","YES","https://www.cashall.in/api/v1/catalog/image/oppo-a16e"
"MOBILE","OPPO","oppo","OPPO A16e","oppo-a16e","64 GB","4 GB","4121","NO","YES","https://www.cashall.in/api/v1/catalog/image/oppo-a16e"
"MOBILE","OPPO","oppo","OPPO A16K","oppo-a16k","32 GB","3 GB","2788","NO","YES","https://www.cashall.in/api/v1/catalog/image/oppo-a16k"
"MOBILE","OPPO","oppo","OPPO A16K","oppo-a16k","64 GB","4 GB","3555","NO","YES","https://www.cashall.in/api/v1/catalog/image/oppo-a16k"
"MOBILE","OPPO","oppo","OPPO A17","oppo-a17","64 GB","4 GB","3939","NO","YES","https://www.cashall.in/api/v1/catalog/image/oppo-a17"
"MOBILE","OPPO","oppo","OPPO A17K","oppo-a17k","64 GB","3 GB","3596","NO","YES","https://www.cashall.in/api/v1/catalog/image/oppo-a17k"
"MOBILE","OPPO","oppo","OPPO A18","oppo-a18","128 GB","","4798","NO","YES","https://www.cashall.in/api/v1/catalog/image/oppo-a18"
"MOBILE","OPPO","oppo","OPPO A18","oppo-a18","64 GB","","4555","NO","YES","https://www.cashall.in/api/v1/catalog/image/oppo-a18"
"MOBILE","OPPO","oppo","OPPO A1K","oppo-a1k","32 GB","2 GB","2293","NO","YES","https://www.cashall.in/api/v1/catalog/image/oppo-a1k"
"MOBILE","OPPO","oppo","OPPO A3 5G","oppo-a3-5g","128 GB","6 GB","10342","NO","YES","https://www.cashall.in/api/v1/catalog/image/oppo-a3-5g"
"MOBILE","OPPO","oppo","OPPO A3 Pro 5G","oppo-a3-pro-5g","128 GB","","11686","NO","YES","https://www.cashall.in/api/v1/catalog/image/oppo-a3-pro-5g"
"MOBILE","OPPO","oppo","OPPO A3 Pro 5G","oppo-a3-pro-5g","256 GB","","12474","NO","YES","https://www.cashall.in/api/v1/catalog/image/oppo-a3-pro-5g"
"MOBILE","OPPO","oppo","OPPO A31","oppo-a31","128 GB","6 GB","4585","NO","YES","https://www.cashall.in/api/v1/catalog/image/oppo-a31"
"MOBILE","OPPO","oppo","OPPO A31","oppo-a31","64 GB","4 GB","3949","NO","YES","https://www.cashall.in/api/v1/catalog/image/oppo-a31"
"MOBILE","OPPO","oppo","OPPO A33 2020","oppo-a33-2020","32 GB","3 GB","3171","NO","YES","https://www.cashall.in/api/v1/catalog/image/oppo-a33-2020"
"MOBILE","OPPO","oppo","OPPO A38","oppo-a38","128 GB","4 GB","6222","NO","YES","https://www.cashall.in/api/v1/catalog/image/oppo-a38"
"MOBILE","OPPO","oppo","OPPO A3s","oppo-a3s","16 GB","2 GB","1798","NO","YES","https://www.cashall.in/api/v1/catalog/image/oppo-a3s"
"MOBILE","OPPO","oppo","OPPO A3s","oppo-a3s","32 GB","3 GB","1949","NO","YES","https://www.cashall.in/api/v1/catalog/image/oppo-a3s"
"MOBILE","OPPO","oppo","OPPO A3s","oppo-a3s","64 GB","4 GB","2141","NO","YES","https://www.cashall.in/api/v1/catalog/image/oppo-a3s"
"MOBILE","OPPO","oppo","OPPO A3x","oppo-a3x","128 GB","","5343","NO","YES","https://www.cashall.in/api/v1/catalog/image/oppo-a3x"
"MOBILE","OPPO","oppo","OPPO A3x","oppo-a3x","64 GB","","4949","NO","YES","https://www.cashall.in/api/v1/catalog/image/oppo-a3x"
"MOBILE","OPPO","oppo","OPPO A3x 5G","oppo-a3x-5g","128 GB","","9211","NO","YES","https://www.cashall.in/api/v1/catalog/image/oppo-a3x-5g"
"MOBILE","OPPO","oppo","OPPO A3x 5G","oppo-a3x-5g","64 GB","","8413","NO","YES","https://www.cashall.in/api/v1/catalog/image/oppo-a3x-5g"
"MOBILE","OPPO","oppo","OPPO A5","oppo-a5","32 GB","","2545","NO","YES","https://www.cashall.in/api/v1/catalog/image/oppo-a5"
"MOBILE","OPPO","oppo","OPPO A5","oppo-a5","64 GB","","2788","NO","YES","https://www.cashall.in/api/v1/catalog/image/oppo-a5"
"MOBILE","OPPO","oppo","OPPO A5 2020","oppo-a5-2020","128 GB","4 GB","3404","NO","YES","https://www.cashall.in/api/v1/catalog/image/oppo-a5-2020"
"MOBILE","OPPO","oppo","OPPO A5 2020","oppo-a5-2020","128 GB","6 GB","3555","NO","YES","https://www.cashall.in/api/v1/catalog/image/oppo-a5-2020"
"MOBILE","OPPO","oppo","OPPO A5 2020","oppo-a5-2020","64 GB","3 GB","3101","NO","YES","https://www.cashall.in/api/v1/catalog/image/oppo-a5-2020"
"MOBILE","OPPO","oppo","OPPO A5 2020","oppo-a5-2020","64 GB","4 GB","3252","NO","YES","https://www.cashall.in/api/v1/catalog/image/oppo-a5-2020"
"MOBILE","OPPO","oppo","OPPO A5 5G","oppo-a5-5g","128 GB","6 GB","10565","NO","YES","https://www.cashall.in/api/v1/catalog/image/oppo-a5-5g"
"MOBILE","OPPO","oppo","OPPO A5 5G","oppo-a5-5g","128 GB","8 GB","11181","NO","YES","https://www.cashall.in/api/v1/catalog/image/oppo-a5-5g"
"MOBILE","OPPO","oppo","OPPO A5 Pro 5G","oppo-a5-pro-5g","128 GB","","12908","NO","YES","https://www.cashall.in/api/v1/catalog/image/oppo-a5-pro-5g"
"MOBILE","OPPO","oppo","OPPO A5 Pro 5G","oppo-a5-pro-5g","256 GB","","13999","NO","YES","https://www.cashall.in/api/v1/catalog/image/oppo-a5-pro-5g"
"MOBILE","OPPO","oppo","OPPO A52","oppo-a52","128 GB","4 GB","4323","NO","YES","https://www.cashall.in/api/v1/catalog/image/oppo-a52"
"MOBILE","OPPO","oppo","OPPO A52","oppo-a52","128 GB","6 GB","4555","NO","YES","https://www.cashall.in/api/v1/catalog/image/oppo-a52"
"MOBILE","OPPO","oppo","OPPO A52","oppo-a52","128 GB","8 GB","4818","NO","YES","https://www.cashall.in/api/v1/catalog/image/oppo-a52"
"MOBILE","OPPO","oppo","OPPO A53","oppo-a53","128 GB","6 GB","5262","NO","YES","https://www.cashall.in/api/v1/catalog/image/oppo-a53"
"MOBILE","OPPO","oppo","OPPO A53","oppo-a53","64 GB","4 GB","4434","NO","YES","https://www.cashall.in/api/v1/catalog/image/oppo-a53"
"MOBILE","OPPO","oppo","OPPO A53s 5G","oppo-a53s-5g","128 GB","6 GB","7292","NO","YES","https://www.cashall.in/api/v1/catalog/image/oppo-a53s-5g"
"MOBILE","OPPO","oppo","OPPO A53s 5G","oppo-a53s-5g","128 GB","8 GB","7767","NO","YES","https://www.cashall.in/api/v1/catalog/image/oppo-a53s-5g"
"MOBILE","OPPO","oppo","OPPO A54","oppo-a54","128 GB","4 GB","4707","NO","YES","https://www.cashall.in/api/v1/catalog/image/oppo-a54"
"MOBILE","OPPO","oppo","OPPO A54","oppo-a54","128 GB","6 GB","5202","NO","YES","https://www.cashall.in/api/v1/catalog/image/oppo-a54"
"MOBILE","OPPO","oppo","OPPO A54","oppo-a54","64 GB","4 GB","4394","NO","YES","https://www.cashall.in/api/v1/catalog/image/oppo-a54"
"MOBILE","OPPO","oppo","OPPO A55","oppo-a55","128 GB","4 GB","4898","NO","YES","https://www.cashall.in/api/v1/catalog/image/oppo-a55"
"MOBILE","OPPO","oppo","OPPO A55","oppo-a55","128 GB","6 GB","5555","NO","YES","https://www.cashall.in/api/v1/catalog/image/oppo-a55"
"MOBILE","OPPO","oppo","OPPO A55","oppo-a55","64 GB","4 GB","4777","NO","YES","https://www.cashall.in/api/v1/catalog/image/oppo-a55"
"MOBILE","OPPO","oppo","OPPO A57","oppo-a57","32 GB","3 GB","1525","NO","YES","https://www.cashall.in/api/v1/catalog/image/oppo-a57"
"MOBILE","OPPO","oppo","OPPO A57 2022","oppo-a57-2022","64 GB","4 GB","4323","NO","YES","https://www.cashall.in/api/v1/catalog/image/oppo-a57-2022"
"MOBILE","OPPO","oppo","OPPO A58","oppo-a58","128 GB","6 GB","6727","NO","YES","https://www.cashall.in/api/v1/catalog/image/oppo-a58"
"MOBILE","OPPO","oppo","OPPO A59 5G","oppo-a59-5g","128 GB","4 GB","9423","NO","YES","https://www.cashall.in/api/v1/catalog/image/oppo-a59-5g"
"MOBILE","OPPO","oppo","OPPO A59 5G","oppo-a59-5g","128 GB","6 GB","10181","NO","YES","https://www.cashall.in/api/v1/catalog/image/oppo-a59-5g"
"MOBILE","OPPO","oppo","OPPO A5s","oppo-a5s","32 GB","2 GB","2141","NO","YES","https://www.cashall.in/api/v1/catalog/image/oppo-a5s"
"MOBILE","OPPO","oppo","OPPO A5s","oppo-a5s","32 GB","3 GB","2444","NO","YES","https://www.cashall.in/api/v1/catalog/image/oppo-a5s"
"MOBILE","OPPO","oppo","OPPO A5s","oppo-a5s","64 GB","4 GB","2889","NO","YES","https://www.cashall.in/api/v1/catalog/image/oppo-a5s"
"MOBILE","OPPO","oppo","OPPO A5X","oppo-a5x","128 GB","","6414","NO","YES","https://www.cashall.in/api/v1/catalog/image/oppo-a5x"
"MOBILE","OPPO","oppo","OPPO A5X","oppo-a5x","64 GB","","5959","NO","YES","https://www.cashall.in/api/v1/catalog/image/oppo-a5x"
"MOBILE","OPPO","oppo","OPPO A5x 5G","oppo-a5x-5g","128 GB","4 GB","9292","NO","YES","https://www.cashall.in/api/v1/catalog/image/oppo-a5x-5g"
"MOBILE","OPPO","oppo","OPPO A5x 5G","oppo-a5x-5g","128 GB","6 GB","9544","NO","YES","https://www.cashall.in/api/v1/catalog/image/oppo-a5x-5g"
"MOBILE","OPPO","oppo","OPPO A5x 5G","oppo-a5x-5g","64 GB","4 GB","7575","NO","YES","https://www.cashall.in/api/v1/catalog/image/oppo-a5x-5g"
"MOBILE","OPPO","oppo","OPPO A6 5G","oppo-a6-5g","128 GB","4 GB","13433","NO","YES","https://www.cashall.in/api/v1/catalog/image/oppo-a6-5g"
"MOBILE","OPPO","oppo","OPPO A6 5G","oppo-a6-5g","128 GB","6 GB","14494","NO","YES","https://www.cashall.in/api/v1/catalog/image/oppo-a6-5g"
"MOBILE","OPPO","oppo","OPPO A6 5G","oppo-a6-5g","256 GB","6 GB","15302","NO","YES","https://www.cashall.in/api/v1/catalog/image/oppo-a6-5g"
"MOBILE","OPPO","oppo","OPPO A6 Pro 5G","oppo-a6-pro-5g","128 GB","","14665","NO","YES","https://www.cashall.in/api/v1/catalog/image/oppo-a6-pro-5g"
"MOBILE","OPPO","oppo","OPPO A6 Pro 5G","oppo-a6-pro-5g","256 GB","","15897","NO","YES","https://www.cashall.in/api/v1/catalog/image/oppo-a6-pro-5g"
"MOBILE","OPPO","oppo","OPPO A6s 5G","oppo-a6s-5g","128 GB","4 GB","12272","NO","YES","https://www.cashall.in/api/v1/catalog/image/oppo-a6s-5g"
"MOBILE","OPPO","oppo","OPPO A6s 5G","oppo-a6s-5g","128 GB","6 GB","14413","NO","YES","https://www.cashall.in/api/v1/catalog/image/oppo-a6s-5g"
"MOBILE","OPPO","oppo","OPPO A6x 5G","oppo-a6x-5g","128 GB","4 GB","9282","NO","YES","https://www.cashall.in/api/v1/catalog/image/oppo-a6x-5g"
"MOBILE","OPPO","oppo","OPPO A6x 5G","oppo-a6x-5g","128 GB","6 GB","10656","NO","YES","https://www.cashall.in/api/v1/catalog/image/oppo-a6x-5g"
"MOBILE","OPPO","oppo","OPPO A6x 5G","oppo-a6x-5g","64 GB","4 GB","8959","NO","YES","https://www.cashall.in/api/v1/catalog/image/oppo-a6x-5g"
"MOBILE","OPPO","oppo","OPPO A7","oppo-a7","64 GB","4 GB","2535","NO","YES","https://www.cashall.in/api/v1/catalog/image/oppo-a7"
"MOBILE","OPPO","oppo","OPPO A7","oppo-a7","64 GB","3 GB","2060","NO","YES","https://www.cashall.in/api/v1/catalog/image/oppo-a7"
"MOBILE","OPPO","oppo","OPPO A71","oppo-a71","16 GB","3 GB","990","NO","YES","https://www.cashall.in/api/v1/catalog/image/oppo-a71"
"MOBILE","OPPO","oppo","OPPO A71 2018","oppo-a71-2018","16 GB","3 GB","1071","NO","YES","https://www.cashall.in/api/v1/catalog/image/oppo-a71-2018"
"MOBILE","OPPO","oppo","OPPO A74 5G","oppo-a74-5g","128 GB","6 GB","8262","NO","YES","https://www.cashall.in/api/v1/catalog/image/oppo-a74-5g"
"MOBILE","OPPO","oppo","Oppo A76","oppo-a76","128 GB","6 GB","5282","NO","YES","https://www.cashall.in/api/v1/catalog/image/oppo-a76"
"MOBILE","OPPO","oppo","OPPO A77","oppo-a77","64 GB","4 GB","3171","NO","YES","https://www.cashall.in/api/v1/catalog/image/oppo-a77"
"MOBILE","OPPO","oppo","OPPO A77 2022","oppo-a77-2022","128 GB","","4171","NO","YES","https://www.cashall.in/api/v1/catalog/image/oppo-a77-2022"
"MOBILE","OPPO","oppo","OPPO A77 2022","oppo-a77-2022","64 GB","","3171","NO","YES","https://www.cashall.in/api/v1/catalog/image/oppo-a77-2022"
"MOBILE","OPPO","oppo","OPPO A77s","oppo-a77s","128 GB","8 GB","5575","NO","YES","https://www.cashall.in/api/v1/catalog/image/oppo-a77s"
"MOBILE","OPPO","oppo","OPPO A78","oppo-a78","128 GB","8 GB","8181","NO","YES","https://www.cashall.in/api/v1/catalog/image/oppo-a78"
"MOBILE","OPPO","oppo","OPPO A78 5G","oppo-a78-5g","128 GB","8 GB","10716","NO","YES","https://www.cashall.in/api/v1/catalog/image/oppo-a78-5g"
"MOBILE","OPPO","oppo","OPPO A79 5G","oppo-a79-5g","128 GB","8 GB","10666","NO","YES","https://www.cashall.in/api/v1/catalog/image/oppo-a79-5g"
"MOBILE","OPPO","oppo","OPPO A83","oppo-a83","16 GB","2 GB","1262","NO","YES","https://www.cashall.in/api/v1/catalog/image/oppo-a83"
"MOBILE","OPPO","oppo","OPPO A83","oppo-a83","32 GB","3 GB","1374","NO","YES","https://www.cashall.in/api/v1/catalog/image/oppo-a83"
"MOBILE","OPPO","oppo","OPPO A83","oppo-a83","64 GB","4 GB","1687","NO","YES","https://www.cashall.in/api/v1/catalog/image/oppo-a83"
"MOBILE","OPPO","oppo","OPPO A9","oppo-a9","128 GB","4 GB","4040","NO","YES","https://www.cashall.in/api/v1/catalog/image/oppo-a9"
"MOBILE","OPPO","oppo","OPPO A9 2020","oppo-a9-2020","128 GB","8 GB","4131","NO","YES","https://www.cashall.in/api/v1/catalog/image/oppo-a9-2020"
"MOBILE","OPPO","oppo","OPPO A9 2020","oppo-a9-2020","128 GB","4 GB","4040","NO","YES","https://www.cashall.in/api/v1/catalog/image/oppo-a9-2020"
"MOBILE","OPPO","oppo","OPPO A96","oppo-a96","128 GB","8 GB","5565","NO","YES","https://www.cashall.in/api/v1/catalog/image/oppo-a96"
"MOBILE","OPPO","oppo","OPPO F1 Plus","oppo-f1-plus","64 GB","4 GB","1273","NO","YES","https://www.cashall.in/api/v1/catalog/image/oppo-f1-plus"
"MOBILE","OPPO","oppo","OPPO F11","oppo-f11","128 GB","4 GB","3293","NO","YES","https://www.cashall.in/api/v1/catalog/image/oppo-f11"
"MOBILE","OPPO","oppo","OPPO F11","oppo-f11","128 GB","6 GB","3707","NO","YES","https://www.cashall.in/api/v1/catalog/image/oppo-f11"
"MOBILE","OPPO","oppo","OPPO F11 Pro","oppo-f11-pro","128 GB","","4484","NO","YES","https://www.cashall.in/api/v1/catalog/image/oppo-f11-pro"
"MOBILE","OPPO","oppo","OPPO F11 Pro","oppo-f11-pro","64 GB","","4171","NO","YES","https://www.cashall.in/api/v1/catalog/image/oppo-f11-pro"
"MOBILE","OPPO","oppo","OPPO F15","oppo-f15","128 GB","4 GB","4686","NO","YES","https://www.cashall.in/api/v1/catalog/image/oppo-f15"
"MOBILE","OPPO","oppo","OPPO F15","oppo-f15","128 GB","8 GB","5050","NO","YES","https://www.cashall.in/api/v1/catalog/image/oppo-f15"
"MOBILE","OPPO","oppo","OPPO F17","oppo-f17","128 GB","6 GB","5161","NO","YES","https://www.cashall.in/api/v1/catalog/image/oppo-f17"
"MOBILE","OPPO","oppo","OPPO F17","oppo-f17","128 GB","8 GB","5444","NO","YES","https://www.cashall.in/api/v1/catalog/image/oppo-f17"
"MOBILE","OPPO","oppo","OPPO F17 Pro","oppo-f17-pro","128 GB","8 GB","5626","NO","YES","https://www.cashall.in/api/v1/catalog/image/oppo-f17-pro"
"MOBILE","OPPO","oppo","OPPO F19","oppo-f19","128 GB","6 GB","5696","NO","YES","https://www.cashall.in/api/v1/catalog/image/oppo-f19"
"MOBILE","OPPO","oppo","OPPO F19 Pro","oppo-f19-pro","128 GB","","5777","NO","YES","https://www.cashall.in/api/v1/catalog/image/oppo-f19-pro"
"MOBILE","OPPO","oppo","OPPO F19 Pro","oppo-f19-pro","256 GB","","6010","NO","YES","https://www.cashall.in/api/v1/catalog/image/oppo-f19-pro"
"MOBILE","OPPO","oppo","OPPO F19 Pro Plus 5G","oppo-f19-pro-plus-5g","128 GB","8 GB","7767","NO","YES","https://www.cashall.in/api/v1/catalog/image/oppo-f19-pro-plus-5g"
"MOBILE","OPPO","oppo","OPPO F19s","oppo-f19s","128 GB","6 GB","5121","NO","YES","https://www.cashall.in/api/v1/catalog/image/oppo-f19s"
"MOBILE","OPPO","oppo","OPPO F1s","oppo-f1s","32 GB","3 GB","1151","NO","YES","https://www.cashall.in/api/v1/catalog/image/oppo-f1s"
"MOBILE","OPPO","oppo","OPPO F1s","oppo-f1s","64 GB","4 GB","1303","NO","YES","https://www.cashall.in/api/v1/catalog/image/oppo-f1s"
"MOBILE","OPPO","oppo","OPPO F21 Pro","oppo-f21-pro","128 GB","8 GB","6918","NO","YES","https://www.cashall.in/api/v1/catalog/image/oppo-f21-pro"
"MOBILE","OPPO","oppo","OPPO F21 Pro 5G","oppo-f21-pro-5g","128 GB","8 GB","8232","NO","YES","https://www.cashall.in/api/v1/catalog/image/oppo-f21-pro-5g"
"MOBILE","OPPO","oppo","OPPO F21s Pro","oppo-f21s-pro","128 GB","8 GB","6545","NO","YES","https://www.cashall.in/api/v1/catalog/image/oppo-f21s-pro"
"MOBILE","OPPO","oppo","OPPO F21s Pro 5G","oppo-f21s-pro-5g","128 GB","8 GB","8151","NO","YES","https://www.cashall.in/api/v1/catalog/image/oppo-f21s-pro-5g"
"MOBILE","OPPO","oppo","OPPO F23 5G","oppo-f23-5g","256 GB","8 GB","12504","NO","YES","https://www.cashall.in/api/v1/catalog/image/oppo-f23-5g"
"MOBILE","OPPO","oppo","OPPO F25 Pro 5G","oppo-f25-pro-5g","128 GB","","13443","NO","YES","https://www.cashall.in/api/v1/catalog/image/oppo-f25-pro-5g"
"MOBILE","OPPO","oppo","OPPO F25 Pro 5G","oppo-f25-pro-5g","256 GB","","13786","NO","YES","https://www.cashall.in/api/v1/catalog/image/oppo-f25-pro-5g"
"MOBILE","OPPO","oppo","OPPO F27 5G","oppo-f27-5g","128 GB","","13413","NO","YES","https://www.cashall.in/api/v1/catalog/image/oppo-f27-5g"
"MOBILE","OPPO","oppo","OPPO F27 5G","oppo-f27-5g","256 GB","","14817","NO","YES","https://www.cashall.in/api/v1/catalog/image/oppo-f27-5g"
"MOBILE","OPPO","oppo","OPPO F27 Pro Plus 5G","oppo-f27-pro-plus-5g","128 GB","","14988","NO","YES","https://www.cashall.in/api/v1/catalog/image/oppo-f27-pro-plus-5g"
"MOBILE","OPPO","oppo","OPPO F27 Pro Plus 5G","oppo-f27-pro-plus-5g","256 GB","","15877","NO","YES","https://www.cashall.in/api/v1/catalog/image/oppo-f27-pro-plus-5g"
"MOBILE","OPPO","oppo","OPPO F29 5G","oppo-f29-5g","128 GB","","15554","NO","YES","https://www.cashall.in/api/v1/catalog/image/oppo-f29-5g"
"MOBILE","OPPO","oppo","OPPO F29 5G","oppo-f29-5g","256 GB","","16665","NO","YES","https://www.cashall.in/api/v1/catalog/image/oppo-f29-5g"
"MOBILE","OPPO","oppo","OPPO F29 Pro 5G","oppo-f29-pro-5g","128 GB","8 GB","16160","NO","YES","https://www.cashall.in/api/v1/catalog/image/oppo-f29-pro-5g"
"MOBILE","OPPO","oppo","OPPO F29 Pro 5G","oppo-f29-pro-5g","256 GB","8 GB","16816","NO","YES","https://www.cashall.in/api/v1/catalog/image/oppo-f29-pro-5g"
"MOBILE","OPPO","oppo","OPPO F29 Pro 5G","oppo-f29-pro-5g","256 GB","12 GB","18483","NO","YES","https://www.cashall.in/api/v1/catalog/image/oppo-f29-pro-5g"
"MOBILE","OPPO","oppo","OPPO F3","oppo-f3","64 GB","4 GB","1454","NO","YES","https://www.cashall.in/api/v1/catalog/image/oppo-f3"
"MOBILE","OPPO","oppo","OPPO F3 Plus","oppo-f3-plus","64 GB","4 GB","1879","NO","YES","https://www.cashall.in/api/v1/catalog/image/oppo-f3-plus"
"MOBILE","OPPO","oppo","OPPO F3 Plus","oppo-f3-plus","64 GB","6 GB","2182","NO","YES","https://www.cashall.in/api/v1/catalog/image/oppo-f3-plus"
"MOBILE","OPPO","oppo","Oppo F31 5G","oppo-f31-5g","128 GB","","17372","NO","YES","https://www.cashall.in/api/v1/catalog/image/oppo-f31-5g"
"MOBILE","OPPO","oppo","Oppo F31 5G","oppo-f31-5g","256 GB","","18079","NO","YES","https://www.cashall.in/api/v1/catalog/image/oppo-f31-5g"
"MOBILE","OPPO","oppo","Oppo F31 Pro 5G","oppo-f31-pro-5g","128 GB","8 GB","18382","NO","YES","https://www.cashall.in/api/v1/catalog/image/oppo-f31-pro-5g"
"MOBILE","OPPO","oppo","Oppo F31 Pro 5G","oppo-f31-pro-5g","256 GB","8 GB","19857","NO","YES","https://www.cashall.in/api/v1/catalog/image/oppo-f31-pro-5g"
"MOBILE","OPPO","oppo","Oppo F31 Pro 5G","oppo-f31-pro-5g","256 GB","12 GB","20614","NO","YES","https://www.cashall.in/api/v1/catalog/image/oppo-f31-pro-5g"
"MOBILE","OPPO","oppo","Oppo F31 Pro Plus 5G","oppo-f31-pro-plus-5g","256 GB","8 GB","21866","NO","YES","https://www.cashall.in/api/v1/catalog/image/oppo-f31-pro-plus-5g"
"MOBILE","OPPO","oppo","Oppo F31 Pro Plus 5G","oppo-f31-pro-plus-5g","256 GB","12 GB","22321","NO","YES","https://www.cashall.in/api/v1/catalog/image/oppo-f31-pro-plus-5g"
"MOBILE","OPPO","oppo","OPPO F33 5G","oppo-f33-5g","128 GB","6 GB","19513","NO","YES","https://www.cashall.in/api/v1/catalog/image/oppo-f33-5g"
"MOBILE","OPPO","oppo","OPPO F33 5G","oppo-f33-5g","128 GB","8 GB","22008","NO","YES","https://www.cashall.in/api/v1/catalog/image/oppo-f33-5g"
"MOBILE","OPPO","oppo","OPPO F33 5G","oppo-f33-5g","256 GB","8 GB","24594","NO","YES","https://www.cashall.in/api/v1/catalog/image/oppo-f33-5g"
"MOBILE","OPPO","oppo","OPPO F33 Pro 5G","oppo-f33-pro-5g","128 GB","8 GB","22018","NO","YES","https://www.cashall.in/api/v1/catalog/image/oppo-f33-pro-5g"
"MOBILE","OPPO","oppo","OPPO F33 Pro 5G","oppo-f33-pro-5g","256 GB","8 GB","24775","NO","YES","https://www.cashall.in/api/v1/catalog/image/oppo-f33-pro-5g"
"MOBILE","OPPO","oppo","OPPO F5","oppo-f5","32 GB","4 GB","1717","NO","YES","https://www.cashall.in/api/v1/catalog/image/oppo-f5"
"MOBILE","OPPO","oppo","OPPO F5","oppo-f5","64 GB","6 GB","1879","NO","YES","https://www.cashall.in/api/v1/catalog/image/oppo-f5"
"MOBILE","OPPO","oppo","OPPO F5 Youth","oppo-f5-youth","32 GB","3 GB","1646","NO","YES","https://www.cashall.in/api/v1/catalog/image/oppo-f5-youth"
"MOBILE","OPPO","oppo","OPPO F7","oppo-f7","128 GB","6 GB","2626","NO","YES","https://www.cashall.in/api/v1/catalog/image/oppo-f7"
"MOBILE","OPPO","oppo","OPPO F7","oppo-f7","64 GB","4 GB","2333","NO","YES","https://www.cashall.in/api/v1/catalog/image/oppo-f7"
"MOBILE","OPPO","oppo","OPPO F9","oppo-f9","64 GB","4 GB","2666","NO","YES","https://www.cashall.in/api/v1/catalog/image/oppo-f9"
"MOBILE","OPPO","oppo","OPPO F9 Pro","oppo-f9-pro","128 GB","6 GB","3000","NO","YES","https://www.cashall.in/api/v1/catalog/image/oppo-f9-pro"
"MOBILE","OPPO","oppo","OPPO F9 Pro","oppo-f9-pro","64 GB","6 GB","2636","NO","YES","https://www.cashall.in/api/v1/catalog/image/oppo-f9-pro"
"MOBILE","OPPO","oppo","OPPO Find N2 Flip 5G","oppo-find-n2-flip-5g","256 GB","8 GB","18362","NO","YES","https://www.cashall.in/api/v1/catalog/image/oppo-find-n2-flip-5g"
"MOBILE","OPPO","oppo","OPPO Find N3 Flip 5G","oppo-find-n3-flip-5g","256 GB","12 GB","24149","NO","YES","https://www.cashall.in/api/v1/catalog/image/oppo-find-n3-flip-5g"
"MOBILE","OPPO","oppo","OPPO Find X","oppo-find-x","256 GB","8 GB","6918","NO","YES","https://www.cashall.in/api/v1/catalog/image/oppo-find-x"
"MOBILE","OPPO","oppo","OPPO Find X2","oppo-find-x2","256 GB","12 GB","11211","NO","YES","https://www.cashall.in/api/v1/catalog/image/oppo-find-x2"
"MOBILE","OPPO","oppo","OPPO Find X8 5G","oppo-find-x8-5g","256 GB","12 GB","32663","NO","YES","https://www.cashall.in/api/v1/catalog/image/oppo-find-x8-5g"
"MOBILE","OPPO","oppo","OPPO Find X8 5G","oppo-find-x8-5g","512 GB","16 GB","36128","NO","YES","https://www.cashall.in/api/v1/catalog/image/oppo-find-x8-5g"
"MOBILE","OPPO","oppo","OPPO Find X8 Pro 5G","oppo-find-x8-pro-5g","512 GB","16 GB","46521","NO","YES","https://www.cashall.in/api/v1/catalog/image/oppo-find-x8-pro-5g"
"MOBILE","OPPO","oppo","OPPO Find X9 5G","oppo-find-x9-5g","256 GB","12 GB","43430","NO","YES","https://www.cashall.in/api/v1/catalog/image/oppo-find-x9-5g"
"MOBILE","OPPO","oppo","OPPO Find X9 5G","oppo-find-x9-5g","512 GB","16 GB","47975","NO","YES","https://www.cashall.in/api/v1/catalog/image/oppo-find-x9-5g"
"MOBILE","OPPO","oppo","OPPO Find X9 Pro","oppo-find-x9-pro","512 GB","16 GB","62620","NO","YES","https://www.cashall.in/api/v1/catalog/image/oppo-find-x9-pro"
"MOBILE","OPPO","oppo","OPPO Find X9 Ultra","oppo-find-x9-ultra","512 GB","12 GB","79790","NO","YES","https://www.cashall.in/api/v1/catalog/image/oppo-find-x9-ultra"
"MOBILE","OPPO","oppo","OPPO Find X9s","oppo-find-x9s","256 GB","","41915","NO","YES","https://www.cashall.in/api/v1/catalog/image/oppo-find-x9s"
"MOBILE","OPPO","oppo","OPPO Find X9s","oppo-find-x9s","512 GB","","44945","NO","YES","https://www.cashall.in/api/v1/catalog/image/oppo-find-x9s"
"MOBILE","OPPO","oppo","OPPO K1","oppo-k1","64 GB","4 GB","3060","NO","YES","https://www.cashall.in/api/v1/catalog/image/oppo-k1"
"MOBILE","OPPO","oppo","OPPO K1","oppo-k1","64 GB","6 GB","3212","NO","YES","https://www.cashall.in/api/v1/catalog/image/oppo-k1"
"MOBILE","OPPO","oppo","OPPO K10","oppo-k10","128 GB","6 GB","4969","NO","YES","https://www.cashall.in/api/v1/catalog/image/oppo-k10"
"MOBILE","OPPO","oppo","OPPO K10","oppo-k10","128 GB","8 GB","5121","NO","YES","https://www.cashall.in/api/v1/catalog/image/oppo-k10"
"MOBILE","OPPO","oppo","OPPO K10 5G","oppo-k10-5g","128 GB","6 GB","6545","NO","YES","https://www.cashall.in/api/v1/catalog/image/oppo-k10-5g"
"MOBILE","OPPO","oppo","OPPO K10 5G","oppo-k10-5g","128 GB","8 GB","7353","NO","YES","https://www.cashall.in/api/v1/catalog/image/oppo-k10-5g"
"MOBILE","OPPO","oppo","OPPO K12x 5G","oppo-k12x-5g","128 GB","6 GB","9070","NO","YES","https://www.cashall.in/api/v1/catalog/image/oppo-k12x-5g"
"MOBILE","OPPO","oppo","OPPO K12x 5G","oppo-k12x-5g","256 GB","8 GB","9201","NO","YES","https://www.cashall.in/api/v1/catalog/image/oppo-k12x-5g"
"MOBILE","OPPO","oppo","OPPO K13 5G","oppo-k13-5g","128 GB","","13059","NO","YES","https://www.cashall.in/api/v1/catalog/image/oppo-k13-5g"
"MOBILE","OPPO","oppo","OPPO K13 5G","oppo-k13-5g","256 GB","","13635","NO","YES","https://www.cashall.in/api/v1/catalog/image/oppo-k13-5g"
"MOBILE","OPPO","oppo","OPPO K13 Turbo 5G","oppo-k13-turbo-5g","128 GB","8 GB","16918","NO","YES","https://www.cashall.in/api/v1/catalog/image/oppo-k13-turbo-5g"
"MOBILE","OPPO","oppo","OPPO K13 Turbo 5G","oppo-k13-turbo-5g","256 GB","8 GB","17675","NO","YES","https://www.cashall.in/api/v1/catalog/image/oppo-k13-turbo-5g"
"MOBILE","OPPO","oppo","Oppo K13 Turbo Pro 5G","oppo-k13-turbo-pro-5g","256 GB","8 GB","20452","NO","YES","https://www.cashall.in/api/v1/catalog/image/oppo-k13-turbo-pro-5g"
"MOBILE","OPPO","oppo","Oppo K13 Turbo Pro 5G","oppo-k13-turbo-pro-5g","256 GB","12 GB","21210","NO","YES","https://www.cashall.in/api/v1/catalog/image/oppo-k13-turbo-pro-5g"
"MOBILE","OPPO","oppo","OPPO K13x 5G","oppo-k13x-5g","128 GB","4 GB","7726","NO","YES","https://www.cashall.in/api/v1/catalog/image/oppo-k13x-5g"
"MOBILE","OPPO","oppo","OPPO K13x 5G","oppo-k13x-5g","128 GB","6 GB","8938","NO","YES","https://www.cashall.in/api/v1/catalog/image/oppo-k13x-5g"
"MOBILE","OPPO","oppo","OPPO K13x 5G","oppo-k13x-5g","128 GB","8 GB","9444","NO","YES","https://www.cashall.in/api/v1/catalog/image/oppo-k13x-5g"
"MOBILE","OPPO","oppo","OPPO K14 5G","oppo-k14-5g","128 GB","6 GB","11918","NO","YES","https://www.cashall.in/api/v1/catalog/image/oppo-k14-5g"
"MOBILE","OPPO","oppo","OPPO K14 5G","oppo-k14-5g","256 GB","6 GB","12928","NO","YES","https://www.cashall.in/api/v1/catalog/image/oppo-k14-5g"
"MOBILE","OPPO","oppo","OPPO K14 5G","oppo-k14-5g","256 GB","8 GB","14645","NO","YES","https://www.cashall.in/api/v1/catalog/image/oppo-k14-5g"
"MOBILE","OPPO","oppo","OPPO K14x 5G","oppo-k14x-5g","128 GB","4 GB","10999","NO","YES","https://www.cashall.in/api/v1/catalog/image/oppo-k14x-5g"
"MOBILE","OPPO","oppo","OPPO K14x 5G","oppo-k14x-5g","128 GB","6 GB","11554","NO","YES","https://www.cashall.in/api/v1/catalog/image/oppo-k14x-5g"
"MOBILE","OPPO","oppo","OPPO K14x 5G","oppo-k14x-5g","64 GB","4 GB","9595","NO","YES","https://www.cashall.in/api/v1/catalog/image/oppo-k14x-5g"
"MOBILE","OPPO","oppo","OPPO K3","oppo-k3","128 GB","8 GB","4323","NO","YES","https://www.cashall.in/api/v1/catalog/image/oppo-k3"
"MOBILE","OPPO","oppo","OPPO K3","oppo-k3","64 GB","6 GB","4131","NO","YES","https://www.cashall.in/api/v1/catalog/image/oppo-k3"
"MOBILE","OPPO","oppo","OPPO R11","oppo-r11","64 GB","4 GB","2222","NO","YES","https://www.cashall.in/api/v1/catalog/image/oppo-r11"
"MOBILE","OPPO","oppo","OPPO R11 Plus","oppo-r11-plus","64 GB","6 GB","3141","NO","YES","https://www.cashall.in/api/v1/catalog/image/oppo-r11-plus"
"MOBILE","OPPO","oppo","OPPO R15 Pro","oppo-r15-pro","128 GB","6 GB","4050","YES","YES","https://www.cashall.in/api/v1/catalog/image/oppo-r15-pro"
"MOBILE","OPPO","oppo","OPPO R17","oppo-r17","128 GB","8 GB","4212","NO","YES","https://www.cashall.in/api/v1/catalog/image/oppo-r17"
"MOBILE","OPPO","oppo","OPPO R17 Pro","oppo-r17-pro","128 GB","8 GB","4363","NO","YES","https://www.cashall.in/api/v1/catalog/image/oppo-r17-pro"
"MOBILE","OPPO","oppo","OPPO Reno","oppo-reno","128 GB","8 GB","4969","NO","YES","https://www.cashall.in/api/v1/catalog/image/oppo-reno"
"MOBILE","OPPO","oppo","OPPO Reno 10x Zoom","oppo-reno-10x-zoom","128 GB","6 GB","5474","NO","YES","https://www.cashall.in/api/v1/catalog/image/oppo-reno-10x-zoom"
"MOBILE","OPPO","oppo","OPPO Reno 10x Zoom","oppo-reno-10x-zoom","256 GB","8 GB","5696","NO","YES","https://www.cashall.in/api/v1/catalog/image/oppo-reno-10x-zoom"
"MOBILE","OPPO","oppo","OPPO Reno 15c 5G","oppo-reno-15c-5g","256 GB","8 GB","22776","NO","YES","https://www.cashall.in/api/v1/catalog/image/oppo-reno-15c-5g"
"MOBILE","OPPO","oppo","OPPO Reno 15c 5G","oppo-reno-15c-5g","256 GB","12 GB","22927","NO","YES","https://www.cashall.in/api/v1/catalog/image/oppo-reno-15c-5g"
"MOBILE","OPPO","oppo","OPPO Reno 2","oppo-reno-2","256 GB","8 GB","5969","NO","YES","https://www.cashall.in/api/v1/catalog/image/oppo-reno-2"
"MOBILE","OPPO","oppo","OPPO Reno 2Z","oppo-reno-2z","256 GB","8 GB","6232","NO","YES","https://www.cashall.in/api/v1/catalog/image/oppo-reno-2z"
"MOBILE","OPPO","oppo","OPPO Reno10 5G","oppo-reno10-5g","256 GB","8 GB","16716","NO","YES","https://www.cashall.in/api/v1/catalog/image/oppo-reno10-5g"
"MOBILE","OPPO","oppo","OPPO Reno10 Pro 5G","oppo-reno10-pro-5g","256 GB","12 GB","19382","NO","YES","https://www.cashall.in/api/v1/catalog/image/oppo-reno10-pro-5g"
"MOBILE","OPPO","oppo","OPPO Reno10 Pro Plus 5G","oppo-reno10-pro-plus-5g","256 GB","12 GB","20493","NO","YES","https://www.cashall.in/api/v1/catalog/image/oppo-reno10-pro-plus-5g"
"MOBILE","OPPO","oppo","OPPO Reno11 5G","oppo-reno11-5g","128 GB","","15756","NO","YES","https://www.cashall.in/api/v1/catalog/image/oppo-reno11-5g"
"MOBILE","OPPO","oppo","OPPO Reno11 5G","oppo-reno11-5g","256 GB","","17109","NO","YES","https://www.cashall.in/api/v1/catalog/image/oppo-reno11-5g"
"MOBILE","OPPO","oppo","OPPO Reno11 Pro 5G","oppo-reno11-pro-5g","256 GB","12 GB","19594","NO","YES","https://www.cashall.in/api/v1/catalog/image/oppo-reno11-pro-5g"
"MOBILE","OPPO","oppo","OPPO Reno12 5G","oppo-reno12-5g","256 GB","8 GB","17715","NO","YES","https://www.cashall.in/api/v1/catalog/image/oppo-reno12-5g"
"MOBILE","OPPO","oppo","OPPO Reno12 Pro 5G","oppo-reno12-pro-5g","256 GB","","20503","NO","YES","https://www.cashall.in/api/v1/catalog/image/oppo-reno12-pro-5g"
"MOBILE","OPPO","oppo","OPPO Reno12 Pro 5G","oppo-reno12-pro-5g","512 GB","","20786","NO","YES","https://www.cashall.in/api/v1/catalog/image/oppo-reno12-pro-5g"
"MOBILE","OPPO","oppo","OPPO Reno13 5G","oppo-reno13-5g","128 GB","8 GB","19826","NO","YES","https://www.cashall.in/api/v1/catalog/image/oppo-reno13-5g"
"MOBILE","OPPO","oppo","OPPO Reno13 5G","oppo-reno13-5g","256 GB","8 GB","20200","NO","YES","https://www.cashall.in/api/v1/catalog/image/oppo-reno13-5g"
"MOBILE","OPPO","oppo","OPPO Reno13 5G","oppo-reno13-5g","512 GB","12 GB","20402","NO","YES","https://www.cashall.in/api/v1/catalog/image/oppo-reno13-5g"
"MOBILE","OPPO","oppo","OPPO Reno13 Pro 5G","oppo-reno13-pro-5g","256 GB","","23432","NO","YES","https://www.cashall.in/api/v1/catalog/image/oppo-reno13-pro-5g"
"MOBILE","OPPO","oppo","OPPO Reno13 Pro 5G","oppo-reno13-pro-5g","512 GB","","25351","NO","YES","https://www.cashall.in/api/v1/catalog/image/oppo-reno13-pro-5g"
"MOBILE","OPPO","oppo","OPPO Reno14 5G","oppo-reno14-5g","256 GB","8 GB","24341","NO","YES","https://www.cashall.in/api/v1/catalog/image/oppo-reno14-5g"
"MOBILE","OPPO","oppo","OPPO Reno14 5G","oppo-reno14-5g","256 GB","12 GB","26159","NO","YES","https://www.cashall.in/api/v1/catalog/image/oppo-reno14-5g"
"MOBILE","OPPO","oppo","OPPO Reno14 5G","oppo-reno14-5g","512 GB","12 GB","28785","NO","YES","https://www.cashall.in/api/v1/catalog/image/oppo-reno14-5g"
"MOBILE","OPPO","oppo","OPPO Reno14 Pro 5G","oppo-reno14-pro-5g","256 GB","","30643","NO","YES","https://www.cashall.in/api/v1/catalog/image/oppo-reno14-pro-5g"
"MOBILE","OPPO","oppo","OPPO Reno14 Pro 5G","oppo-reno14-pro-5g","512 GB","","34340","NO","YES","https://www.cashall.in/api/v1/catalog/image/oppo-reno14-pro-5g"
"MOBILE","OPPO","oppo","OPPO Reno15 5G","oppo-reno15-5g","256 GB","8 GB","28603","NO","YES","https://www.cashall.in/api/v1/catalog/image/oppo-reno15-5g"
"MOBILE","OPPO","oppo","OPPO Reno15 5G","oppo-reno15-5g","256 GB","12 GB","31088","NO","YES","https://www.cashall.in/api/v1/catalog/image/oppo-reno15-5g"
"MOBILE","OPPO","oppo","OPPO Reno15 5G","oppo-reno15-5g","512 GB","12 GB","32522","NO","YES","https://www.cashall.in/api/v1/catalog/image/oppo-reno15-5g"
"MOBILE","OPPO","oppo","OPPO Reno15 Pro 5G","oppo-reno15-pro-5g","256 GB","","41915","YES","YES","https://www.cashall.in/api/v1/catalog/image/oppo-reno15-pro-5g"
"MOBILE","OPPO","oppo","OPPO Reno15 Pro 5G","oppo-reno15-pro-5g","512 GB","","43935","YES","YES","https://www.cashall.in/api/v1/catalog/image/oppo-reno15-pro-5g"
"MOBILE","OPPO","oppo","Oppo Reno15 Pro Mini 5G","oppo-reno15-pro-mini-5g","256 GB","","34542","YES","YES","https://www.cashall.in/api/v1/catalog/image/oppo-reno15-pro-mini-5g"
"MOBILE","OPPO","oppo","Oppo Reno15 Pro Mini 5G","oppo-reno15-pro-mini-5g","512 GB","","38380","YES","YES","https://www.cashall.in/api/v1/catalog/image/oppo-reno15-pro-mini-5g"
"MOBILE","OPPO","oppo","OPPO Reno16 5G","oppo-reno16-5g","256 GB","8 GB","37370","NO","YES","https://www.cashall.in/api/v1/catalog/image/oppo-reno16-5g"
"MOBILE","OPPO","oppo","OPPO Reno16 5G","oppo-reno16-5g","256 GB","12 GB","42420","NO","YES","https://www.cashall.in/api/v1/catalog/image/oppo-reno16-5g"
"MOBILE","OPPO","oppo","OPPO Reno2 F","oppo-reno2-f","128 GB","8 GB","6060","NO","YES","https://www.cashall.in/api/v1/catalog/image/oppo-reno2-f"
"MOBILE","OPPO","oppo","OPPO Reno2 F","oppo-reno2-f","256 GB","6 GB","5121","NO","YES","https://www.cashall.in/api/v1/catalog/image/oppo-reno2-f"
"MOBILE","OPPO","oppo","OPPO Reno3 Pro","oppo-reno3-pro","128 GB","8 GB","5888","NO","YES","https://www.cashall.in/api/v1/catalog/image/oppo-reno3-pro"
"MOBILE","OPPO","oppo","OPPO Reno3 Pro","oppo-reno3-pro","256 GB","8 GB","6040","NO","YES","https://www.cashall.in/api/v1/catalog/image/oppo-reno3-pro"
"MOBILE","OPPO","oppo","OPPO Reno4 Pro","oppo-reno4-pro","128 GB","8 GB","6848","NO","YES","https://www.cashall.in/api/v1/catalog/image/oppo-reno4-pro"
"MOBILE","OPPO","oppo","OPPO Reno5 Pro 5G","oppo-reno5-pro-5g","128 GB","8 GB","9342","NO","YES","https://www.cashall.in/api/v1/catalog/image/oppo-reno5-pro-5g"
"MOBILE","OPPO","oppo","OPPO Reno6 5G","oppo-reno6-5g","128 GB","8 GB","8494","NO","YES","https://www.cashall.in/api/v1/catalog/image/oppo-reno6-5g"
"MOBILE","OPPO","oppo","OPPO Reno6 Pro 5G","oppo-reno6-pro-5g","256 GB","12 GB","9716","NO","YES","https://www.cashall.in/api/v1/catalog/image/oppo-reno6-pro-5g"
"MOBILE","OPPO","oppo","OPPO Reno7 5G","oppo-reno7-5g","256 GB","8 GB","8949","NO","YES","https://www.cashall.in/api/v1/catalog/image/oppo-reno7-5g"
"MOBILE","OPPO","oppo","OPPO Reno7 Pro 5G","oppo-reno7-pro-5g","256 GB","12 GB","10858","NO","YES","https://www.cashall.in/api/v1/catalog/image/oppo-reno7-pro-5g"
"MOBILE","OPPO","oppo","OPPO Reno8 5G","oppo-reno8-5g","128 GB","","9858","NO","YES","https://www.cashall.in/api/v1/catalog/image/oppo-reno8-5g"
"MOBILE","OPPO","oppo","OPPO Reno8 Pro 5G","oppo-reno8-pro-5g","256 GB","12 GB","11090","NO","YES","https://www.cashall.in/api/v1/catalog/image/oppo-reno8-pro-5g"
"MOBILE","OPPO","oppo","OPPO Reno8T 5G","oppo-reno8t-5g","128 GB","8 GB","11625","NO","YES","https://www.cashall.in/api/v1/catalog/image/oppo-reno8t-5g"
"MOBILE","POCO","poco","POCO C3","poco-c3","32 GB","3 GB","3262","NO","YES","https://www.cashall.in/api/v1/catalog/image/poco-c3"
"MOBILE","POCO","poco","POCO C3","poco-c3","64 GB","4 GB","3363","NO","YES","https://www.cashall.in/api/v1/catalog/image/poco-c3"
"MOBILE","POCO","poco","POCO C31","poco-c31","32 GB","3 GB","3424","NO","YES","https://www.cashall.in/api/v1/catalog/image/poco-c31"
"MOBILE","POCO","poco","POCO C31","poco-c31","64 GB","4 GB","3788","NO","YES","https://www.cashall.in/api/v1/catalog/image/poco-c31"
"MOBILE","POCO","poco","POCO C50","poco-c50","32 GB","2 GB","4292","NO","YES","https://www.cashall.in/api/v1/catalog/image/poco-c50"
"MOBILE","POCO","poco","POCO C50","poco-c50","32 GB","3 GB","4798","NO","YES","https://www.cashall.in/api/v1/catalog/image/poco-c50"
"MOBILE","POCO","poco","POCO C51","poco-c51","128 GB","6 GB","4848","NO","YES","https://www.cashall.in/api/v1/catalog/image/poco-c51"
"MOBILE","POCO","poco","POCO C51","poco-c51","64 GB","4 GB","4656","NO","YES","https://www.cashall.in/api/v1/catalog/image/poco-c51"
"MOBILE","POCO","poco","POCO C55","poco-c55","128 GB","6 GB","5343","NO","YES","https://www.cashall.in/api/v1/catalog/image/poco-c55"
"MOBILE","POCO","poco","POCO C55","poco-c55","64 GB","4 GB","4898","NO","YES","https://www.cashall.in/api/v1/catalog/image/poco-c55"
"MOBILE","POCO","poco","POCO C61","poco-c61","128 GB","6 GB","5151","NO","YES","https://www.cashall.in/api/v1/catalog/image/poco-c61"
"MOBILE","POCO","poco","POCO C61","poco-c61","64 GB","4 GB","4798","NO","YES","https://www.cashall.in/api/v1/catalog/image/poco-c61"
"MOBILE","POCO","poco","POCO C65","poco-c65","128 GB","4 GB","4848","NO","YES","https://www.cashall.in/api/v1/catalog/image/poco-c65"
"MOBILE","POCO","poco","POCO C65","poco-c65","128 GB","6 GB","5100","NO","YES","https://www.cashall.in/api/v1/catalog/image/poco-c65"
"MOBILE","POCO","poco","POCO C65","poco-c65","256 GB","8 GB","5595","NO","YES","https://www.cashall.in/api/v1/catalog/image/poco-c65"
"MOBILE","POCO","poco","POCO C71","poco-c71","128 GB","6 GB","4373","NO","YES","https://www.cashall.in/api/v1/catalog/image/poco-c71"
"MOBILE","POCO","poco","POCO C71","poco-c71","64 GB","4 GB","3888","NO","YES","https://www.cashall.in/api/v1/catalog/image/poco-c71"
"MOBILE","POCO","poco","POCO C75 5G","poco-c75-5g","128 GB","","6060","NO","YES","https://www.cashall.in/api/v1/catalog/image/poco-c75-5g"
"MOBILE","POCO","poco","POCO C75 5G","poco-c75-5g","64 GB","4 GB","5646","NO","YES","https://www.cashall.in/api/v1/catalog/image/poco-c75-5g"
"MOBILE","POCO","poco","POCO C81","poco-c81","64 GB","4 GB","7322","NO","YES","https://www.cashall.in/api/v1/catalog/image/poco-c81"
"MOBILE","POCO","poco","POCO C85 5G","poco-c85-5g","128 GB","4 GB","7726","NO","YES","https://www.cashall.in/api/v1/catalog/image/poco-c85-5g"
"MOBILE","POCO","poco","POCO C85 5G","poco-c85-5g","128 GB","6 GB","8585","NO","YES","https://www.cashall.in/api/v1/catalog/image/poco-c85-5g"
"MOBILE","POCO","poco","POCO C85 5G","poco-c85-5g","128 GB","8 GB","9393","NO","YES","https://www.cashall.in/api/v1/catalog/image/poco-c85-5g"
"MOBILE","POCO","poco","POCO C85x","poco-c85x","128 GB","4 GB","8282","NO","YES","https://www.cashall.in/api/v1/catalog/image/poco-c85x"
"MOBILE","POCO","poco","POCO C85x","poco-c85x","64 GB","4 GB","7524","NO","YES","https://www.cashall.in/api/v1/catalog/image/poco-c85x"
"MOBILE","POCO","poco","POCO F1","poco-f1","128 GB","6 GB","3323","NO","YES","https://www.cashall.in/api/v1/catalog/image/poco-f1"
"MOBILE","POCO","poco","POCO F1","poco-f1","256 GB","8 GB","3636","NO","YES","https://www.cashall.in/api/v1/catalog/image/poco-f1"
"MOBILE","POCO","poco","POCO F1","poco-f1","64 GB","6 GB","3171","NO","YES","https://www.cashall.in/api/v1/catalog/image/poco-f1"
"MOBILE","POCO","poco","POCO F3 GT","poco-f3-gt","128 GB","6 GB","7959","NO","YES","https://www.cashall.in/api/v1/catalog/image/poco-f3-gt"
"MOBILE","POCO","poco","POCO F3 GT","poco-f3-gt","128 GB","8 GB","8221","NO","YES","https://www.cashall.in/api/v1/catalog/image/poco-f3-gt"
"MOBILE","POCO","poco","POCO F3 GT","poco-f3-gt","256 GB","8 GB","8565","NO","YES","https://www.cashall.in/api/v1/catalog/image/poco-f3-gt"
"MOBILE","POCO","poco","POCO F4 5G","poco-f4-5g","128 GB","6 GB","7110","NO","YES","https://www.cashall.in/api/v1/catalog/image/poco-f4-5g"
"MOBILE","POCO","poco","POCO F4 5G","poco-f4-5g","128 GB","8 GB","7343","NO","YES","https://www.cashall.in/api/v1/catalog/image/poco-f4-5g"
"MOBILE","POCO","poco","POCO F4 5G","poco-f4-5g","256 GB","12 GB","7918","NO","YES","https://www.cashall.in/api/v1/catalog/image/poco-f4-5g"
"MOBILE","POCO","poco","POCO F5 5G","poco-f5-5g","256 GB","8 GB","12878","NO","YES","https://www.cashall.in/api/v1/catalog/image/poco-f5-5g"
"MOBILE","POCO","poco","POCO F5 5G","poco-f5-5g","256 GB","12 GB","13160","NO","YES","https://www.cashall.in/api/v1/catalog/image/poco-f5-5g"
"MOBILE","POCO","poco","POCO F6 5G","poco-f6-5g","256 GB","8 GB","13857","NO","YES","https://www.cashall.in/api/v1/catalog/image/poco-f6-5g"
"MOBILE","POCO","poco","POCO F6 5G","poco-f6-5g","256 GB","12 GB","14554","NO","YES","https://www.cashall.in/api/v1/catalog/image/poco-f6-5g"
"MOBILE","POCO","poco","POCO F6 5G","poco-f6-5g","512 GB","12 GB","14948","NO","YES","https://www.cashall.in/api/v1/catalog/image/poco-f6-5g"
"MOBILE","POCO","poco","POCO F7 5G","poco-f7-5g","256 GB","","20907","NO","YES","https://www.cashall.in/api/v1/catalog/image/poco-f7-5g"
"MOBILE","POCO","poco","POCO F7 5G","poco-f7-5g","512 GB","","21210","NO","YES","https://www.cashall.in/api/v1/catalog/image/poco-f7-5g"
"MOBILE","POCO","poco","POCO M2","poco-m2","128 GB","6 GB","4242","NO","YES","https://www.cashall.in/api/v1/catalog/image/poco-m2"
"MOBILE","POCO","poco","POCO M2","poco-m2","128 GB","8 GB","4394","NO","YES","https://www.cashall.in/api/v1/catalog/image/poco-m2"
"MOBILE","POCO","poco","POCO M2","poco-m2","64 GB","6 GB","3888","NO","YES","https://www.cashall.in/api/v1/catalog/image/poco-m2"
"MOBILE","POCO","poco","POCO M2 Pro","poco-m2-pro","128 GB","6 GB","5050","NO","YES","https://www.cashall.in/api/v1/catalog/image/poco-m2-pro"
"MOBILE","POCO","poco","POCO M2 Pro","poco-m2-pro","64 GB","4 GB","4404","NO","YES","https://www.cashall.in/api/v1/catalog/image/poco-m2-pro"
"MOBILE","POCO","poco","POCO M2 Pro","poco-m2-pro","64 GB","6 GB","4898","NO","YES","https://www.cashall.in/api/v1/catalog/image/poco-m2-pro"
"MOBILE","POCO","poco","POCO M2 Reloaded","poco-m2-reloaded","64 GB","4 GB","3060","NO","YES","https://www.cashall.in/api/v1/catalog/image/poco-m2-reloaded"
"MOBILE","POCO","poco","POCO M3","poco-m3","128 GB","6 GB","4666","NO","YES","https://www.cashall.in/api/v1/catalog/image/poco-m3"
"MOBILE","POCO","poco","POCO M3","poco-m3","64 GB","4 GB","4282","NO","YES","https://www.cashall.in/api/v1/catalog/image/poco-m3"
"MOBILE","POCO","poco","POCO M3","poco-m3","64 GB","6 GB","4515","NO","YES","https://www.cashall.in/api/v1/catalog/image/poco-m3"
"MOBILE","POCO","poco","POCO M3 Pro 5G","poco-m3-pro-5g","128 GB","6 GB","6646","NO","YES","https://www.cashall.in/api/v1/catalog/image/poco-m3-pro-5g"
"MOBILE","POCO","poco","POCO M3 Pro 5G","poco-m3-pro-5g","64 GB","4 GB","5818","NO","YES","https://www.cashall.in/api/v1/catalog/image/poco-m3-pro-5g"
"MOBILE","POCO","poco","POCO M4 5G","poco-m4-5g","128 GB","6 GB","6040","NO","YES","https://www.cashall.in/api/v1/catalog/image/poco-m4-5g"
"MOBILE","POCO","poco","POCO M4 5G","poco-m4-5g","64 GB","4 GB","5919","NO","YES","https://www.cashall.in/api/v1/catalog/image/poco-m4-5g"
"MOBILE","POCO","poco","POCO M4 Pro","poco-m4-pro","128 GB","6 GB","5424","NO","YES","https://www.cashall.in/api/v1/catalog/image/poco-m4-pro"
"MOBILE","POCO","poco","POCO M4 Pro","poco-m4-pro","128 GB","8 GB","5626","NO","YES","https://www.cashall.in/api/v1/catalog/image/poco-m4-pro"
"MOBILE","POCO","poco","POCO M4 Pro","poco-m4-pro","64 GB","6 GB","4939","NO","YES","https://www.cashall.in/api/v1/catalog/image/poco-m4-pro"
"MOBILE","POCO","poco","POCO M4 Pro 5G","poco-m4-pro-5g","128 GB","6 GB","6918","NO","YES","https://www.cashall.in/api/v1/catalog/image/poco-m4-pro-5g"
"MOBILE","POCO","poco","POCO M4 Pro 5G","poco-m4-pro-5g","128 GB","8 GB","7191","NO","YES","https://www.cashall.in/api/v1/catalog/image/poco-m4-pro-5g"
"MOBILE","POCO","poco","POCO M4 Pro 5G","poco-m4-pro-5g","64 GB","4 GB","6040","NO","YES","https://www.cashall.in/api/v1/catalog/image/poco-m4-pro-5g"
"MOBILE","POCO","poco","POCO M5","poco-m5","128 GB","6 GB","4050","NO","YES","https://www.cashall.in/api/v1/catalog/image/poco-m5"
"MOBILE","POCO","poco","POCO M5","poco-m5","64 GB","4 GB","3858","NO","YES","https://www.cashall.in/api/v1/catalog/image/poco-m5"
"MOBILE","POCO","poco","POCO M6 5G","poco-m6-5g","128 GB","4 GB","6010","NO","YES","https://www.cashall.in/api/v1/catalog/image/poco-m6-5g"
"MOBILE","POCO","poco","POCO M6 5G","poco-m6-5g","128 GB","6 GB","6191","NO","YES","https://www.cashall.in/api/v1/catalog/image/poco-m6-5g"
"MOBILE","POCO","poco","POCO M6 5G","poco-m6-5g","256 GB","8 GB","6333","NO","YES","https://www.cashall.in/api/v1/catalog/image/poco-m6-5g"
"MOBILE","POCO","poco","POCO M6 5G","poco-m6-5g","64 GB","4 GB","5676","NO","YES","https://www.cashall.in/api/v1/catalog/image/poco-m6-5g"
"MOBILE","POCO","poco","POCO M6 Plus 5G","poco-m6-plus-5g","128 GB","6 GB","6464","NO","YES","https://www.cashall.in/api/v1/catalog/image/poco-m6-plus-5g"
"MOBILE","POCO","poco","POCO M6 Plus 5G","poco-m6-plus-5g","128 GB","8 GB","6666","NO","YES","https://www.cashall.in/api/v1/catalog/image/poco-m6-plus-5g"
"MOBILE","POCO","poco","POCO M6 Pro 5G","poco-m6-pro-5g","128 GB","4 GB","8090","NO","YES","https://www.cashall.in/api/v1/catalog/image/poco-m6-pro-5g"
"MOBILE","POCO","poco","POCO M6 Pro 5G","poco-m6-pro-5g","128 GB","6 GB","8494","NO","YES","https://www.cashall.in/api/v1/catalog/image/poco-m6-pro-5g"
"MOBILE","POCO","poco","POCO M6 Pro 5G","poco-m6-pro-5g","256 GB","8 GB","8666","NO","YES","https://www.cashall.in/api/v1/catalog/image/poco-m6-pro-5g"
"MOBILE","POCO","poco","POCO M6 Pro 5G","poco-m6-pro-5g","64 GB","4 GB","6545","NO","YES","https://www.cashall.in/api/v1/catalog/image/poco-m6-pro-5g"
"MOBILE","POCO","poco","POCO M7 5G","poco-m7-5g","128 GB","6 GB","5959","NO","YES","https://www.cashall.in/api/v1/catalog/image/poco-m7-5g"
"MOBILE","POCO","poco","POCO M7 5G","poco-m7-5g","128 GB","8 GB","6616","NO","YES","https://www.cashall.in/api/v1/catalog/image/poco-m7-5g"
"MOBILE","POCO","poco","POCO M7 Plus 5G","poco-m7-plus-5g","128 GB","4 GB","7868","NO","YES","https://www.cashall.in/api/v1/catalog/image/poco-m7-plus-5g"
"MOBILE","POCO","poco","POCO M7 Plus 5G","poco-m7-plus-5g","128 GB","6 GB","9171","NO","YES","https://www.cashall.in/api/v1/catalog/image/poco-m7-plus-5g"
"MOBILE","POCO","poco","POCO M7 Plus 5G","poco-m7-plus-5g","128 GB","8 GB","9242","NO","YES","https://www.cashall.in/api/v1/catalog/image/poco-m7-plus-5g"
"MOBILE","POCO","poco","POCO M7 Pro 5G","poco-m7-pro-5g","128 GB","6 GB","8585","NO","YES","https://www.cashall.in/api/v1/catalog/image/poco-m7-pro-5g"
"MOBILE","POCO","poco","POCO M7 Pro 5G","poco-m7-pro-5g","256 GB","8 GB","8938","NO","YES","https://www.cashall.in/api/v1/catalog/image/poco-m7-pro-5g"
"MOBILE","POCO","poco","POCO M8 5G","poco-m8-5g","128 GB","6 GB","13817","NO","YES","https://www.cashall.in/api/v1/catalog/image/poco-m8-5g"
"MOBILE","POCO","poco","POCO M8 5G","poco-m8-5g","128 GB","8 GB","14140","NO","YES","https://www.cashall.in/api/v1/catalog/image/poco-m8-5g"
"MOBILE","POCO","poco","POCO M8 5G","poco-m8-5g","256 GB","8 GB","15655","NO","YES","https://www.cashall.in/api/v1/catalog/image/poco-m8-5g"
"MOBILE","POCO","poco","POCO X2","poco-x2","128 GB","6 GB","4555","NO","YES","https://www.cashall.in/api/v1/catalog/image/poco-x2"
"MOBILE","POCO","poco","POCO X2","poco-x2","256 GB","8 GB","4777","NO","YES","https://www.cashall.in/api/v1/catalog/image/poco-x2"
"MOBILE","POCO","poco","POCO X2","poco-x2","64 GB","6 GB","4282","NO","YES","https://www.cashall.in/api/v1/catalog/image/poco-x2"
"MOBILE","POCO","poco","POCO X3","poco-x3","128 GB","6 GB","4969","NO","YES","https://www.cashall.in/api/v1/catalog/image/poco-x3"
"MOBILE","POCO","poco","POCO X3","poco-x3","128 GB","8 GB","5202","NO","YES","https://www.cashall.in/api/v1/catalog/image/poco-x3"
"MOBILE","POCO","poco","POCO X3","poco-x3","64 GB","6 GB","4626","NO","YES","https://www.cashall.in/api/v1/catalog/image/poco-x3"
"MOBILE","POCO","poco","POCO X3 Pro","poco-x3-pro","128 GB","6 GB","5333","NO","YES","https://www.cashall.in/api/v1/catalog/image/poco-x3-pro"
"MOBILE","POCO","poco","POCO X3 Pro","poco-x3-pro","128 GB","8 GB","5626","NO","YES","https://www.cashall.in/api/v1/catalog/image/poco-x3-pro"
"MOBILE","POCO","poco","POCO X4 Pro 5G","poco-x4-pro-5g","128 GB","6 GB","7878","NO","YES","https://www.cashall.in/api/v1/catalog/image/poco-x4-pro-5g"
"MOBILE","POCO","poco","POCO X4 Pro 5G","poco-x4-pro-5g","128 GB","8 GB","8070","NO","YES","https://www.cashall.in/api/v1/catalog/image/poco-x4-pro-5g"
"MOBILE","POCO","poco","POCO X4 Pro 5G","poco-x4-pro-5g","64 GB","6 GB","6767","NO","YES","https://www.cashall.in/api/v1/catalog/image/poco-x4-pro-5g"
"MOBILE","POCO","poco","POCO X5 5G","poco-x5-5g","128 GB","6 GB","10019","NO","YES","https://www.cashall.in/api/v1/catalog/image/poco-x5-5g"
"MOBILE","POCO","poco","POCO X5 5G","poco-x5-5g","256 GB","8 GB","10393","NO","YES","https://www.cashall.in/api/v1/catalog/image/poco-x5-5g"
"MOBILE","POCO","poco","POCO X5 Pro 5G","poco-x5-pro-5g","128 GB","6 GB","10898","NO","YES","https://www.cashall.in/api/v1/catalog/image/poco-x5-pro-5g"
"MOBILE","POCO","poco","POCO X5 Pro 5G","poco-x5-pro-5g","256 GB","8 GB","11231","NO","YES","https://www.cashall.in/api/v1/catalog/image/poco-x5-pro-5g"
"MOBILE","POCO","poco","POCO X6 5G","poco-x6-5g","256 GB","8 GB","11019","NO","YES","https://www.cashall.in/api/v1/catalog/image/poco-x6-5g"
"MOBILE","POCO","poco","POCO X6 5G","poco-x6-5g","256 GB","12 GB","11383","NO","YES","https://www.cashall.in/api/v1/catalog/image/poco-x6-5g"
"MOBILE","POCO","poco","POCO X6 5G","poco-x6-5g","512 GB","12 GB","12524","NO","YES","https://www.cashall.in/api/v1/catalog/image/poco-x6-5g"
"MOBILE","POCO","poco","POCO X6 Neo 5G","poco-x6-neo-5g","128 GB","8 GB","8565","NO","YES","https://www.cashall.in/api/v1/catalog/image/poco-x6-neo-5g"
"MOBILE","POCO","poco","POCO X6 Neo 5G","poco-x6-neo-5g","256 GB","12 GB","9009","NO","YES","https://www.cashall.in/api/v1/catalog/image/poco-x6-neo-5g"
"MOBILE","POCO","poco","POCO X6 Pro 5G","poco-x6-pro-5g","256 GB","8 GB","15443","NO","YES","https://www.cashall.in/api/v1/catalog/image/poco-x6-pro-5g"
"MOBILE","POCO","poco","POCO X6 Pro 5G","poco-x6-pro-5g","512 GB","12 GB","15594","NO","YES","https://www.cashall.in/api/v1/catalog/image/poco-x6-pro-5g"
"MOBILE","POCO","poco","POCO X7 5G","poco-x7-5g","128 GB","","11464","NO","YES","https://www.cashall.in/api/v1/catalog/image/poco-x7-5g"
"MOBILE","POCO","poco","POCO X7 5G","poco-x7-5g","256 GB","","12120","NO","YES","https://www.cashall.in/api/v1/catalog/image/poco-x7-5g"
"MOBILE","POCO","poco","POCO X7 Pro 5G","poco-x7-pro-5g","256 GB","8 GB","14433","NO","YES","https://www.cashall.in/api/v1/catalog/image/poco-x7-pro-5g"
"MOBILE","POCO","poco","POCO X7 Pro 5G","poco-x7-pro-5g","256 GB","12 GB","16170","NO","YES","https://www.cashall.in/api/v1/catalog/image/poco-x7-pro-5g"
"MOBILE","POCO","poco","POCO X8 Pro","poco-x8-pro","256 GB","8 GB","21614","NO","YES","https://www.cashall.in/api/v1/catalog/image/poco-x8-pro"
"MOBILE","POCO","poco","POCO X8 Pro","poco-x8-pro","256 GB","12 GB","23382","NO","YES","https://www.cashall.in/api/v1/catalog/image/poco-x8-pro"
"MOBILE","POCO","poco","Poco X8 Pro Max 5G","poco-x8-pro-max-5g","256 GB","","28179","NO","YES","https://www.cashall.in/api/v1/catalog/image/poco-x8-pro-max-5g"
"MOBILE","POCO","poco","Poco X8 Pro Max 5G","poco-x8-pro-max-5g","512 GB","","30502","NO","YES","https://www.cashall.in/api/v1/catalog/image/poco-x8-pro-max-5g"
"MOBILE","Realme","realme","Realme 1","realme-1","128 GB","6 GB","2980","NO","YES","https://www.cashall.in/api/v1/catalog/image/realme-1"
"MOBILE","Realme","realme","Realme 1","realme-1","32 GB","3 GB","2101","NO","YES","https://www.cashall.in/api/v1/catalog/image/realme-1"
"MOBILE","Realme","realme","Realme 1","realme-1","64 GB","4 GB","2252","NO","YES","https://www.cashall.in/api/v1/catalog/image/realme-1"
"MOBILE","Realme","realme","Realme 10 Pro 5G","realme-10-pro-5g","128 GB","6 GB","8585","YES","YES","https://www.cashall.in/api/v1/catalog/image/realme-10-pro-5g"
"MOBILE","Realme","realme","Realme 10 Pro 5G","realme-10-pro-5g","128 GB","8 GB","8838","YES","YES","https://www.cashall.in/api/v1/catalog/image/realme-10-pro-5g"
"MOBILE","Realme","realme","Realme 10 Pro Plus 5G","realme-10-pro-plus-5g","128 GB","6 GB","9979","YES","YES","https://www.cashall.in/api/v1/catalog/image/realme-10-pro-plus-5g"
"MOBILE","Realme","realme","Realme 10 Pro Plus 5G","realme-10-pro-plus-5g","128 GB","8 GB","10231","YES","YES","https://www.cashall.in/api/v1/catalog/image/realme-10-pro-plus-5g"
"MOBILE","Realme","realme","Realme 10 Pro Plus 5G","realme-10-pro-plus-5g","256 GB","8 GB","10443","YES","YES","https://www.cashall.in/api/v1/catalog/image/realme-10-pro-plus-5g"
"MOBILE","Realme","realme","Realme 11 Pro 5G","realme-11-pro-5g","128 GB","8 GB","14574","YES","YES","https://www.cashall.in/api/v1/catalog/image/realme-11-pro-5g"
"MOBILE","Realme","realme","Realme 11 Pro 5G","realme-11-pro-5g","256 GB","8 GB","14988","YES","YES","https://www.cashall.in/api/v1/catalog/image/realme-11-pro-5g"
"MOBILE","Realme","realme","Realme 11 Pro 5G","realme-11-pro-5g","256 GB","12 GB","15443","YES","YES","https://www.cashall.in/api/v1/catalog/image/realme-11-pro-5g"
"MOBILE","Realme","realme","Realme 11 Pro Plus 5G","realme-11-pro-plus-5g","256 GB","8 GB","16170","YES","YES","https://www.cashall.in/api/v1/catalog/image/realme-11-pro-plus-5g"
"MOBILE","Realme","realme","Realme 11 Pro Plus 5G","realme-11-pro-plus-5g","256 GB","12 GB","16534","YES","YES","https://www.cashall.in/api/v1/catalog/image/realme-11-pro-plus-5g"
"MOBILE","Realme","realme","Realme 11x 5G","realme-11x-5g","128 GB","6 GB","9312","YES","YES","https://www.cashall.in/api/v1/catalog/image/realme-11x-5g"
"MOBILE","Realme","realme","Realme 11x 5G","realme-11x-5g","128 GB","8 GB","9827","YES","YES","https://www.cashall.in/api/v1/catalog/image/realme-11x-5g"
"MOBILE","Realme","realme","Realme 12 Pro 5G","realme-12-pro-5g","128 GB","8 GB","14170","YES","YES","https://www.cashall.in/api/v1/catalog/image/realme-12-pro-5g"
"MOBILE","Realme","realme","Realme 12 Pro 5G","realme-12-pro-5g","256 GB","8 GB","15059","YES","YES","https://www.cashall.in/api/v1/catalog/image/realme-12-pro-5g"
"MOBILE","Realme","realme","Realme 12 Pro 5G","realme-12-pro-5g","256 GB","12 GB","15604","YES","YES","https://www.cashall.in/api/v1/catalog/image/realme-12-pro-5g"
"MOBILE","Realme","realme","Realme 12x 5G","realme-12x-5g","128 GB","4 GB","7626","YES","YES","https://www.cashall.in/api/v1/catalog/image/realme-12x-5g"
"MOBILE","Realme","realme","Realme 12x 5G","realme-12x-5g","128 GB","6 GB","10534","YES","YES","https://www.cashall.in/api/v1/catalog/image/realme-12x-5g"
"MOBILE","Realme","realme","Realme 12x 5G","realme-12x-5g","128 GB","8 GB","10878","YES","YES","https://www.cashall.in/api/v1/catalog/image/realme-12x-5g"
"MOBILE","Realme","realme","Realme 13 Plus 5G","realme-13-plus-5g","128 GB","8 GB","11302","YES","YES","https://www.cashall.in/api/v1/catalog/image/realme-13-plus-5g"
"MOBILE","Realme","realme","Realme 13 Plus 5G","realme-13-plus-5g","256 GB","8 GB","11908","YES","YES","https://www.cashall.in/api/v1/catalog/image/realme-13-plus-5g"
"MOBILE","Realme","realme","Realme 13 Plus 5G","realme-13-plus-5g","256 GB","12 GB","12918","YES","YES","https://www.cashall.in/api/v1/catalog/image/realme-13-plus-5g"
"MOBILE","Realme","realme","Realme 13 Pro 5G","realme-13-pro-5g","128 GB","8 GB","14716","YES","YES","https://www.cashall.in/api/v1/catalog/image/realme-13-pro-5g"
"MOBILE","Realme","realme","Realme 13 Pro 5G","realme-13-pro-5g","256 GB","8 GB","16776","YES","YES","https://www.cashall.in/api/v1/catalog/image/realme-13-pro-5g"
"MOBILE","Realme","realme","Realme 13 Pro 5G","realme-13-pro-5g","512 GB","12 GB","17322","YES","YES","https://www.cashall.in/api/v1/catalog/image/realme-13-pro-5g"
"MOBILE","Realme","realme","Realme 13 Pro Plus 5G","realme-13-pro-plus-5g","256 GB","8 GB","16938","YES","YES","https://www.cashall.in/api/v1/catalog/image/realme-13-pro-plus-5g"
"MOBILE","Realme","realme","Realme 13 Pro Plus 5G","realme-13-pro-plus-5g","256 GB","12 GB","17261","YES","YES","https://www.cashall.in/api/v1/catalog/image/realme-13-pro-plus-5g"
"MOBILE","Realme","realme","Realme 13 Pro Plus 5G","realme-13-pro-plus-5g","512 GB","12 GB","17574","YES","YES","https://www.cashall.in/api/v1/catalog/image/realme-13-pro-plus-5g"
"MOBILE","Realme","realme","Realme 14 Pro 5G","realme-14-pro-5g","128 GB","8 GB","16695","YES","YES","https://www.cashall.in/api/v1/catalog/image/realme-14-pro-5g"
"MOBILE","Realme","realme","Realme 14 Pro 5G","realme-14-pro-5g","256 GB","8 GB","17018","YES","YES","https://www.cashall.in/api/v1/catalog/image/realme-14-pro-5g"
"MOBILE","Realme","realme","Realme 15 Pro 5G","realme-15-pro-5g","128 GB","8 GB","18130","YES","YES","https://www.cashall.in/api/v1/catalog/image/realme-15-pro-5g"
"MOBILE","Realme","realme","Realme 15 Pro 5G","realme-15-pro-5g","256 GB","8 GB","19150","YES","YES","https://www.cashall.in/api/v1/catalog/image/realme-15-pro-5g"
"MOBILE","Realme","realme","Realme 15 Pro 5G","realme-15-pro-5g","256 GB","12 GB","19695","YES","YES","https://www.cashall.in/api/v1/catalog/image/realme-15-pro-5g"
"MOBILE","Realme","realme","Realme 15 Pro 5G","realme-15-pro-5g","512 GB","12 GB","22372","YES","YES","https://www.cashall.in/api/v1/catalog/image/realme-15-pro-5g"
"MOBILE","Realme","realme","Realme 15x 5G","realme-15x-5g","128 GB","6 GB","12070","YES","YES","https://www.cashall.in/api/v1/catalog/image/realme-15x-5g"
"MOBILE","Realme","realme","Realme 15x 5G","realme-15x-5g","128 GB","8 GB","13100","YES","YES","https://www.cashall.in/api/v1/catalog/image/realme-15x-5g"
"MOBILE","Realme","realme","Realme 15x 5G","realme-15x-5g","256 GB","8 GB","13958","YES","YES","https://www.cashall.in/api/v1/catalog/image/realme-15x-5g"
"MOBILE","Realme","realme","Realme 2","realme-2","32 GB","3 GB","2182","NO","YES","https://www.cashall.in/api/v1/catalog/image/realme-2"
"MOBILE","Realme","realme","Realme 2","realme-2","64 GB","4 GB","2788","NO","YES","https://www.cashall.in/api/v1/catalog/image/realme-2"
"MOBILE","Realme","realme","Realme 2 Pro","realme-2-pro","128 GB","8 GB","2980","NO","YES","https://www.cashall.in/api/v1/catalog/image/realme-2-pro"
"MOBILE","Realme","realme","Realme 2 Pro","realme-2-pro","64 GB","4 GB","2525","NO","YES","https://www.cashall.in/api/v1/catalog/image/realme-2-pro"
"MOBILE","Realme","realme","Realme 2 Pro","realme-2-pro","64 GB","6 GB","2717","NO","YES","https://www.cashall.in/api/v1/catalog/image/realme-2-pro"
"MOBILE","Realme","realme","Realme 3","realme-3","32 GB","3 GB","2384","NO","YES","https://www.cashall.in/api/v1/catalog/image/realme-3"
"MOBILE","Realme","realme","Realme 3","realme-3","64 GB","4 GB","2949","NO","YES","https://www.cashall.in/api/v1/catalog/image/realme-3"
"MOBILE","Realme","realme","Realme 3","realme-3","64 GB","3 GB","2636","NO","YES","https://www.cashall.in/api/v1/catalog/image/realme-3"
"MOBILE","Realme","realme","Realme 3 Pro","realme-3-pro","128 GB","6 GB","3858","NO","YES","https://www.cashall.in/api/v1/catalog/image/realme-3-pro"
"MOBILE","Realme","realme","Realme 3 Pro","realme-3-pro","64 GB","4 GB","3606","NO","YES","https://www.cashall.in/api/v1/catalog/image/realme-3-pro"
"MOBILE","Realme","realme","Realme 3 Pro","realme-3-pro","64 GB","6 GB","3656","NO","YES","https://www.cashall.in/api/v1/catalog/image/realme-3-pro"
"MOBILE","Realme","realme","Realme 3i","realme-3i","32 GB","3 GB","2374","NO","YES","https://www.cashall.in/api/v1/catalog/image/realme-3i"
"MOBILE","Realme","realme","Realme 3i","realme-3i","64 GB","4 GB","2788","NO","YES","https://www.cashall.in/api/v1/catalog/image/realme-3i"
"MOBILE","Realme","realme","Realme 5","realme-5","128 GB","4 GB","3555","NO","YES","https://www.cashall.in/api/v1/catalog/image/realme-5"
"MOBILE","Realme","realme","Realme 5","realme-5","32 GB","3 GB","2868","NO","YES","https://www.cashall.in/api/v1/catalog/image/realme-5"
"MOBILE","Realme","realme","Realme 5","realme-5","64 GB","4 GB","3171","NO","YES","https://www.cashall.in/api/v1/catalog/image/realme-5"
"MOBILE","Realme","realme","Realme 5 Pro","realme-5-pro","128 GB","8 GB","4171","NO","YES","https://www.cashall.in/api/v1/catalog/image/realme-5-pro"
"MOBILE","Realme","realme","Realme 5 Pro","realme-5-pro","64 GB","4 GB","3828","NO","YES","https://www.cashall.in/api/v1/catalog/image/realme-5-pro"
"MOBILE","Realme","realme","Realme 5 Pro","realme-5-pro","64 GB","6 GB","4020","NO","YES","https://www.cashall.in/api/v1/catalog/image/realme-5-pro"
"MOBILE","Realme","realme","Realme 5i","realme-5i","128 GB","4 GB","4212","NO","YES","https://www.cashall.in/api/v1/catalog/image/realme-5i"
"MOBILE","Realme","realme","Realme 5i","realme-5i","64 GB","4 GB","3990","NO","YES","https://www.cashall.in/api/v1/catalog/image/realme-5i"
"MOBILE","Realme","realme","Realme 5s","realme-5s","128 GB","","3707","NO","YES","https://www.cashall.in/api/v1/catalog/image/realme-5s"
"MOBILE","Realme","realme","Realme 5s","realme-5s","64 GB","","3232","NO","YES","https://www.cashall.in/api/v1/catalog/image/realme-5s"
"MOBILE","Realme","realme","Realme 6","realme-6","128 GB","6 GB","5090","NO","YES","https://www.cashall.in/api/v1/catalog/image/realme-6"
"MOBILE","Realme","realme","Realme 6","realme-6","128 GB","8 GB","5313","NO","YES","https://www.cashall.in/api/v1/catalog/image/realme-6"
"MOBILE","Realme","realme","Realme 6","realme-6","64 GB","4 GB","4515","NO","YES","https://www.cashall.in/api/v1/catalog/image/realme-6"
"MOBILE","Realme","realme","Realme 6","realme-6","64 GB","6 GB","4898","NO","YES","https://www.cashall.in/api/v1/catalog/image/realme-6"
"MOBILE","Realme","realme","Realme 6 Pro","realme-6-pro","128 GB","6 GB","5010","NO","YES","https://www.cashall.in/api/v1/catalog/image/realme-6-pro"
"MOBILE","Realme","realme","Realme 6 Pro","realme-6-pro","128 GB","8 GB","5262","NO","YES","https://www.cashall.in/api/v1/catalog/image/realme-6-pro"
"MOBILE","Realme","realme","Realme 6 Pro","realme-6-pro","64 GB","6 GB","4555","NO","YES","https://www.cashall.in/api/v1/catalog/image/realme-6-pro"
"MOBILE","Realme","realme","Realme 6i","realme-6i","64 GB","4 GB","4131","NO","YES","https://www.cashall.in/api/v1/catalog/image/realme-6i"
"MOBILE","Realme","realme","Realme 6i","realme-6i","64 GB","6 GB","4515","NO","YES","https://www.cashall.in/api/v1/catalog/image/realme-6i"
"MOBILE","Realme","realme","Realme 7","realme-7","128 GB","8 GB","5434","NO","YES","https://www.cashall.in/api/v1/catalog/image/realme-7"
"MOBILE","Realme","realme","Realme 7","realme-7","64 GB","6 GB","4919","NO","YES","https://www.cashall.in/api/v1/catalog/image/realme-7"
"MOBILE","Realme","realme","Realme 7 Pro","realme-7-pro","128 GB","6 GB","5696","NO","YES","https://www.cashall.in/api/v1/catalog/image/realme-7-pro"
"MOBILE","Realme","realme","Realme 7 Pro","realme-7-pro","128 GB","8 GB","6161","NO","YES","https://www.cashall.in/api/v1/catalog/image/realme-7-pro"
"MOBILE","Realme","realme","Realme 7i","realme-7i","128 GB","","4626","NO","YES","https://www.cashall.in/api/v1/catalog/image/realme-7i"
"MOBILE","Realme","realme","Realme 7i","realme-7i","64 GB","","4090","NO","YES","https://www.cashall.in/api/v1/catalog/image/realme-7i"
"MOBILE","Realme","realme","Realme 8","realme-8","128 GB","4 GB","5393","NO","YES","https://www.cashall.in/api/v1/catalog/image/realme-8"
"MOBILE","Realme","realme","Realme 8","realme-8","128 GB","6 GB","5545","NO","YES","https://www.cashall.in/api/v1/catalog/image/realme-8"
"MOBILE","Realme","realme","Realme 8","realme-8","128 GB","8 GB","6010","NO","YES","https://www.cashall.in/api/v1/catalog/image/realme-8"
"MOBILE","Realme","realme","Realme 8 Pro","realme-8-pro","128 GB","6 GB","6110","NO","YES","https://www.cashall.in/api/v1/catalog/image/realme-8-pro"
"MOBILE","Realme","realme","Realme 8 Pro","realme-8-pro","128 GB","8 GB","6383","NO","YES","https://www.cashall.in/api/v1/catalog/image/realme-8-pro"
"MOBILE","Realme","realme","Realme C1","realme-c1","16 GB","2 GB","1757","NO","YES","https://www.cashall.in/api/v1/catalog/image/realme-c1"
"MOBILE","Realme","realme","Realme C1 2019","realme-c1-2019","32 GB","2 GB","1838","NO","YES","https://www.cashall.in/api/v1/catalog/image/realme-c1-2019"
"MOBILE","Realme","realme","Realme C1 2019","realme-c1-2019","32 GB","3 GB","2030","NO","YES","https://www.cashall.in/api/v1/catalog/image/realme-c1-2019"
"MOBILE","Realme","realme","Realme C11","realme-c11","32 GB","2 GB","2717","NO","YES","https://www.cashall.in/api/v1/catalog/image/realme-c11"
"MOBILE","Realme","realme","Realme C12","realme-c12","32 GB","3 GB","3141","NO","YES","https://www.cashall.in/api/v1/catalog/image/realme-c12"
"MOBILE","Realme","realme","Realme C12","realme-c12","64 GB","4 GB","3626","NO","YES","https://www.cashall.in/api/v1/catalog/image/realme-c12"
"MOBILE","Realme","realme","Realme C15","realme-c15","32 GB","3 GB","3141","NO","YES","https://www.cashall.in/api/v1/catalog/image/realme-c15"
"MOBILE","Realme","realme","Realme C15","realme-c15","64 GB","3 GB","3515","NO","YES","https://www.cashall.in/api/v1/catalog/image/realme-c15"
"MOBILE","Realme","realme","Realme C15","realme-c15","64 GB","4 GB","3858","NO","YES","https://www.cashall.in/api/v1/catalog/image/realme-c15"
"MOBILE","Realme","realme","Realme C15 Qualcomm Edition","realme-c15-qualcomm-edition","32 GB","3 GB","3060","NO","YES","https://www.cashall.in/api/v1/catalog/image/realme-c15-qualcomm-edition"
"MOBILE","Realme","realme","Realme C15 Qualcomm Edition","realme-c15-qualcomm-edition","64 GB","4 GB","3363","NO","YES","https://www.cashall.in/api/v1/catalog/image/realme-c15-qualcomm-edition"
"MOBILE","Realme","realme","Realme C2","realme-c2","16 GB","2 GB","1949","NO","YES","https://www.cashall.in/api/v1/catalog/image/realme-c2"
"MOBILE","Realme","realme","Realme C2","realme-c2","32 GB","3 GB","2414","NO","YES","https://www.cashall.in/api/v1/catalog/image/realme-c2"
"MOBILE","Realme","realme","Realme C2","realme-c2","32 GB","2 GB","2222","NO","YES","https://www.cashall.in/api/v1/catalog/image/realme-c2"
"MOBILE","Realme","realme","Realme C20","realme-c20","32 GB","2 GB","2596","NO","YES","https://www.cashall.in/api/v1/catalog/image/realme-c20"
"MOBILE","Realme","realme","Realme C21","realme-c21","32 GB","3 GB","3141","NO","YES","https://www.cashall.in/api/v1/catalog/image/realme-c21"
"MOBILE","Realme","realme","Realme C21","realme-c21","64 GB","4 GB","3444","NO","YES","https://www.cashall.in/api/v1/catalog/image/realme-c21"
"MOBILE","Realme","realme","Realme C25","realme-c25","128 GB","4 GB","3707","NO","YES","https://www.cashall.in/api/v1/catalog/image/realme-c25"
"MOBILE","Realme","realme","Realme C25","realme-c25","64 GB","4 GB","3293","NO","YES","https://www.cashall.in/api/v1/catalog/image/realme-c25"
"MOBILE","Realme","realme","Realme C25s","realme-c25s","128 GB","","3979","NO","YES","https://www.cashall.in/api/v1/catalog/image/realme-c25s"
"MOBILE","Realme","realme","Realme C25s","realme-c25s","64 GB","","3707","NO","YES","https://www.cashall.in/api/v1/catalog/image/realme-c25s"
"MOBILE","Realme","realme","Realme C3","realme-c3","32 GB","3 GB","3020","NO","YES","https://www.cashall.in/api/v1/catalog/image/realme-c3"
"MOBILE","Realme","realme","Realme C3","realme-c3","64 GB","4 GB","3798","NO","YES","https://www.cashall.in/api/v1/catalog/image/realme-c3"
"MOBILE","Realme","realme","Realme GT 6","realme-gt-6","256 GB","8 GB","16928","YES","YES","https://www.cashall.in/api/v1/catalog/image/realme-gt-6"
"MOBILE","Realme","realme","Realme GT 6","realme-gt-6","256 GB","12 GB","17473","YES","YES","https://www.cashall.in/api/v1/catalog/image/realme-gt-6"
"MOBILE","Realme","realme","Realme GT 6","realme-gt-6","512 GB","16 GB","20584","YES","YES","https://www.cashall.in/api/v1/catalog/image/realme-gt-6"
"MOBILE","Realme","realme","Realme GT 6T","realme-gt-6t","128 GB","8 GB","14837","YES","YES","https://www.cashall.in/api/v1/catalog/image/realme-gt-6t"
"MOBILE","Realme","realme","Realme GT 6T","realme-gt-6t","256 GB","8 GB","16039","YES","YES","https://www.cashall.in/api/v1/catalog/image/realme-gt-6t"
"MOBILE","Realme","realme","Realme GT 6T","realme-gt-6t","256 GB","12 GB","16625","YES","YES","https://www.cashall.in/api/v1/catalog/image/realme-gt-6t"
"MOBILE","Realme","realme","Realme GT 6T","realme-gt-6t","512 GB","12 GB","18372","YES","YES","https://www.cashall.in/api/v1/catalog/image/realme-gt-6t"
"MOBILE","Realme","realme","Realme Narzo 10","realme-narzo-10","128 GB","4 GB","4050","NO","YES","https://www.cashall.in/api/v1/catalog/image/realme-narzo-10"
"MOBILE","Realme","realme","Realme Narzo 10A","realme-narzo-10a","32 GB","3 GB","3353","NO","YES","https://www.cashall.in/api/v1/catalog/image/realme-narzo-10a"
"MOBILE","Realme","realme","Realme Narzo 10A","realme-narzo-10a","64 GB","4 GB","3555","NO","YES","https://www.cashall.in/api/v1/catalog/image/realme-narzo-10a"
"MOBILE","Realme","realme","Realme Narzo 20","realme-narzo-20","128 GB","","4777","NO","YES","https://www.cashall.in/api/v1/catalog/image/realme-narzo-20"
"MOBILE","Realme","realme","Realme Narzo 20","realme-narzo-20","64 GB","","4434","NO","YES","https://www.cashall.in/api/v1/catalog/image/realme-narzo-20"
"MOBILE","Realme","realme","Realme Narzo 20 Pro","realme-narzo-20-pro","128 GB","8 GB","4798","NO","YES","https://www.cashall.in/api/v1/catalog/image/realme-narzo-20-pro"
"MOBILE","Realme","realme","Realme Narzo 20 Pro","realme-narzo-20-pro","64 GB","6 GB","4323","NO","YES","https://www.cashall.in/api/v1/catalog/image/realme-narzo-20-pro"
"MOBILE","Realme","realme","Realme Narzo 20A","realme-narzo-20a","32 GB","3 GB","3434","NO","YES","https://www.cashall.in/api/v1/catalog/image/realme-narzo-20a"
"MOBILE","Realme","realme","Realme Narzo 20A","realme-narzo-20a","64 GB","4 GB","3858","NO","YES","https://www.cashall.in/api/v1/catalog/image/realme-narzo-20a"
"MOBILE","Realme","realme","Realme Narzo 30 Pro 5G","realme-narzo-30-pro-5g","128 GB","8 GB","7454","NO","YES","https://www.cashall.in/api/v1/catalog/image/realme-narzo-30-pro-5g"
"MOBILE","Realme","realme","Realme Narzo 30 Pro 5G","realme-narzo-30-pro-5g","64 GB","6 GB","7302","NO","YES","https://www.cashall.in/api/v1/catalog/image/realme-narzo-30-pro-5g"
"MOBILE","Realme","realme","Realme Narzo 30A","realme-narzo-30a","32 GB","3 GB","3828","NO","YES","https://www.cashall.in/api/v1/catalog/image/realme-narzo-30a"
"MOBILE","Realme","realme","Realme Narzo 30A","realme-narzo-30a","64 GB","4 GB","4192","NO","YES","https://www.cashall.in/api/v1/catalog/image/realme-narzo-30a"
"MOBILE","Realme","realme","Realme Narzo 70 Pro 5G","realme-narzo-70-pro-5g","128 GB","8 GB","10292","YES","YES","https://www.cashall.in/api/v1/catalog/image/realme-narzo-70-pro-5g"
"MOBILE","Realme","realme","Realme Narzo 70x 5G","realme-narzo-70x-5g","128 GB","4 GB","6141","YES","YES","https://www.cashall.in/api/v1/catalog/image/realme-narzo-70x-5g"
"MOBILE","Realme","realme","Realme Narzo 70x 5G","realme-narzo-70x-5g","128 GB","6 GB","7222","YES","YES","https://www.cashall.in/api/v1/catalog/image/realme-narzo-70x-5g"
"MOBILE","Realme","realme","Realme Narzo 70x 5G","realme-narzo-70x-5g","128 GB","8 GB","7626","YES","YES","https://www.cashall.in/api/v1/catalog/image/realme-narzo-70x-5g"
"MOBILE","Realme","realme","Realme P1 5G","realme-p1-5g","128 GB","6 GB","9908","YES","YES","https://www.cashall.in/api/v1/catalog/image/realme-p1-5g"
"MOBILE","Realme","realme","Realme P1 5G","realme-p1-5g","128 GB","8 GB","10393","YES","YES","https://www.cashall.in/api/v1/catalog/image/realme-p1-5g"
"MOBILE","Realme","realme","Realme P1 5G","realme-p1-5g","256 GB","8 GB","10595","YES","YES","https://www.cashall.in/api/v1/catalog/image/realme-p1-5g"
"MOBILE","Realme","realme","Realme P1 Pro 5G","realme-p1-pro-5g","128 GB","8 GB","9090","YES","YES","https://www.cashall.in/api/v1/catalog/image/realme-p1-pro-5g"
"MOBILE","Realme","realme","Realme P1 Pro 5G","realme-p1-pro-5g","256 GB","8 GB","9595","YES","YES","https://www.cashall.in/api/v1/catalog/image/realme-p1-pro-5g"
"MOBILE","Realme","realme","Realme P1 Pro 5G","realme-p1-pro-5g","256 GB","12 GB","9746","YES","YES","https://www.cashall.in/api/v1/catalog/image/realme-p1-pro-5g"
"MOBILE","Realme","realme","Realme P2 Pro 5G","realme-p2-pro-5g","128 GB","8 GB","9746","YES","YES","https://www.cashall.in/api/v1/catalog/image/realme-p2-pro-5g"
"MOBILE","Realme","realme","Realme P2 Pro 5G","realme-p2-pro-5g","256 GB","12 GB","10595","YES","YES","https://www.cashall.in/api/v1/catalog/image/realme-p2-pro-5g"
"MOBILE","Realme","realme","Realme P2 Pro 5G","realme-p2-pro-5g","512 GB","12 GB","12372","YES","YES","https://www.cashall.in/api/v1/catalog/image/realme-p2-pro-5g"
"MOBILE","Realme","realme","Realme U1","realme-u1","32 GB","3 GB","2343","NO","YES","https://www.cashall.in/api/v1/catalog/image/realme-u1"
"MOBILE","Realme","realme","Realme U1","realme-u1","64 GB","4 GB","2727","NO","YES","https://www.cashall.in/api/v1/catalog/image/realme-u1"
"MOBILE","Realme","realme","Realme U1","realme-u1","64 GB","3 GB","2454","NO","YES","https://www.cashall.in/api/v1/catalog/image/realme-u1"
"MOBILE","Realme","realme","Realme X","realme-x","128 GB","4 GB","5050","NO","YES","https://www.cashall.in/api/v1/catalog/image/realme-x"
"MOBILE","Realme","realme","Realme X","realme-x","128 GB","8 GB","5353","NO","YES","https://www.cashall.in/api/v1/catalog/image/realme-x"
"MOBILE","Realme","realme","Realme X2","realme-x2","128 GB","6 GB","4717","NO","YES","https://www.cashall.in/api/v1/catalog/image/realme-x2"
"MOBILE","Realme","realme","Realme X2","realme-x2","128 GB","8 GB","5050","NO","YES","https://www.cashall.in/api/v1/catalog/image/realme-x2"
"MOBILE","Realme","realme","Realme X2","realme-x2","256 GB","8 GB","5383","NO","YES","https://www.cashall.in/api/v1/catalog/image/realme-x2"
"MOBILE","Realme","realme","Realme X2","realme-x2","64 GB","4 GB","4131","NO","YES","https://www.cashall.in/api/v1/catalog/image/realme-x2"
"MOBILE","Realme","realme","Realme X2 Pro","realme-x2-pro","128 GB","8 GB","5121","NO","YES","https://www.cashall.in/api/v1/catalog/image/realme-x2-pro"
"MOBILE","Realme","realme","Realme X2 Pro","realme-x2-pro","256 GB","12 GB","5616","NO","YES","https://www.cashall.in/api/v1/catalog/image/realme-x2-pro"
"MOBILE","Realme","realme","Realme X2 Pro","realme-x2-pro","64 GB","6 GB","4707","NO","YES","https://www.cashall.in/api/v1/catalog/image/realme-x2-pro"
"MOBILE","Realme","realme","Realme X3","realme-x3","128 GB","6 GB","5535","NO","YES","https://www.cashall.in/api/v1/catalog/image/realme-x3"
"MOBILE","Realme","realme","Realme X3","realme-x3","128 GB","8 GB","5848","NO","YES","https://www.cashall.in/api/v1/catalog/image/realme-x3"
"MOBILE","Realme","realme","Realme X3 SuperZoom","realme-x3-superzoom","128 GB","8 GB","5121","NO","YES","https://www.cashall.in/api/v1/catalog/image/realme-x3-superzoom"
"MOBILE","Realme","realme","Realme X3 SuperZoom","realme-x3-superzoom","256 GB","8 GB","5818","NO","YES","https://www.cashall.in/api/v1/catalog/image/realme-x3-superzoom"
"MOBILE","Realme","realme","Realme X3 SuperZoom","realme-x3-superzoom","256 GB","12 GB","5969","NO","YES","https://www.cashall.in/api/v1/catalog/image/realme-x3-superzoom"
"MOBILE","Realme","realme","Realme X50 Pro","realme-x50-pro","128 GB","6 GB","6575","NO","YES","https://www.cashall.in/api/v1/catalog/image/realme-x50-pro"
"MOBILE","Realme","realme","Realme X50 Pro","realme-x50-pro","128 GB","8 GB","6767","NO","YES","https://www.cashall.in/api/v1/catalog/image/realme-x50-pro"
"MOBILE","Realme","realme","Realme X50 Pro","realme-x50-pro","256 GB","12 GB","7484","NO","YES","https://www.cashall.in/api/v1/catalog/image/realme-x50-pro"
"MOBILE","Realme","realme","Realme X7","realme-x7","128 GB","6 GB","7302","NO","YES","https://www.cashall.in/api/v1/catalog/image/realme-x7"
"MOBILE","Realme","realme","Realme X7","realme-x7","128 GB","8 GB","7535","NO","YES","https://www.cashall.in/api/v1/catalog/image/realme-x7"
"MOBILE","Realme","realme","Realme X7 Max 5G","realme-x7-max-5g","128 GB","8 GB","8413","NO","YES","https://www.cashall.in/api/v1/catalog/image/realme-x7-max-5g"
"MOBILE","Realme","realme","Realme X7 Max 5G","realme-x7-max-5g","256 GB","12 GB","8797","NO","YES","https://www.cashall.in/api/v1/catalog/image/realme-x7-max-5g"
"MOBILE","Realme","realme","Realme X7 Pro","realme-x7-pro","128 GB","8 GB","7726","NO","YES","https://www.cashall.in/api/v1/catalog/image/realme-x7-pro"
"MOBILE","Realme","realme","Realme XT","realme-xt","128 GB","8 GB","5090","NO","YES","https://www.cashall.in/api/v1/catalog/image/realme-xt"
"MOBILE","Realme","realme","Realme XT","realme-xt","64 GB","4 GB","4626","NO","YES","https://www.cashall.in/api/v1/catalog/image/realme-xt"
"MOBILE","Realme","realme","Realme XT","realme-xt","64 GB","6 GB","4858","NO","YES","https://www.cashall.in/api/v1/catalog/image/realme-xt"
"MOBILE","Samsung","samsung","Samsung Galaxy A03","samsung-galaxy-a03","32 GB","3 GB","2384","NO","YES","https://www.cashall.in/api/v1/catalog/image/samsung-galaxy-a03"
"MOBILE","Samsung","samsung","Samsung Galaxy A03","samsung-galaxy-a03","64 GB","4 GB","2717","NO","YES","https://www.cashall.in/api/v1/catalog/image/samsung-galaxy-a03"
"MOBILE","Samsung","samsung","Samsung Galaxy A03 Core","samsung-galaxy-a03-core","32 GB","2 GB","2252","NO","YES","https://www.cashall.in/api/v1/catalog/image/samsung-galaxy-a03-core"
"MOBILE","Samsung","samsung","Samsung Galaxy A03s","samsung-galaxy-a03s","32 GB","3 GB","2579","NO","YES","https://www.cashall.in/api/v1/catalog/image/samsung-galaxy-a03s"
"MOBILE","Samsung","samsung","Samsung Galaxy A03s","samsung-galaxy-a03s","64 GB","4 GB","3477","NO","YES","https://www.cashall.in/api/v1/catalog/image/samsung-galaxy-a03s"
"MOBILE","Samsung","samsung","Samsung Galaxy A04","samsung-galaxy-a04","128 GB","4 GB","3838","NO","YES","https://www.cashall.in/api/v1/catalog/image/samsung-galaxy-a04"
"MOBILE","Samsung","samsung","Samsung Galaxy A04","samsung-galaxy-a04","32 GB","3 GB","2525","NO","YES","https://www.cashall.in/api/v1/catalog/image/samsung-galaxy-a04"
"MOBILE","Samsung","samsung","Samsung Galaxy A04","samsung-galaxy-a04","64 GB","4 GB","3131","NO","YES","https://www.cashall.in/api/v1/catalog/image/samsung-galaxy-a04"
"MOBILE","Samsung","samsung","Samsung Galaxy A04s","samsung-galaxy-a04s","128 GB","4 GB","3535","NO","YES","https://www.cashall.in/api/v1/catalog/image/samsung-galaxy-a04s"
"MOBILE","Samsung","samsung","Samsung Galaxy A04s","samsung-galaxy-a04s","64 GB","4 GB","3333","NO","YES","https://www.cashall.in/api/v1/catalog/image/samsung-galaxy-a04s"
"MOBILE","Samsung","samsung","Samsung Galaxy A05","samsung-galaxy-a05","128 GB","6 GB","5454","NO","YES","https://www.cashall.in/api/v1/catalog/image/samsung-galaxy-a05"
"MOBILE","Samsung","samsung","Samsung Galaxy A05","samsung-galaxy-a05","64 GB","4 GB","5050","NO","YES","https://www.cashall.in/api/v1/catalog/image/samsung-galaxy-a05"
"MOBILE","Samsung","samsung","Samsung Galaxy A05s","samsung-galaxy-a05s","128 GB","6 GB","5959","NO","YES","https://www.cashall.in/api/v1/catalog/image/samsung-galaxy-a05s"
"MOBILE","Samsung","samsung","Samsung Galaxy A05s","samsung-galaxy-a05s","128 GB","4 GB","5454","NO","YES","https://www.cashall.in/api/v1/catalog/image/samsung-galaxy-a05s"
"MOBILE","Samsung","samsung","Samsung Galaxy A06","samsung-galaxy-a06","128 GB","6 GB","5454","NO","YES","https://www.cashall.in/api/v1/catalog/image/samsung-galaxy-a06"
"MOBILE","Samsung","samsung","Samsung Galaxy A06","samsung-galaxy-a06","128 GB","4 GB","5252","NO","YES","https://www.cashall.in/api/v1/catalog/image/samsung-galaxy-a06"
"MOBILE","Samsung","samsung","Samsung Galaxy A06","samsung-galaxy-a06","64 GB","4 GB","4848","NO","YES","https://www.cashall.in/api/v1/catalog/image/samsung-galaxy-a06"
"MOBILE","Samsung","samsung","Samsung Galaxy A06 5G","samsung-galaxy-a06-5g","128 GB","6 GB","7777","NO","YES","https://www.cashall.in/api/v1/catalog/image/samsung-galaxy-a06-5g"
"MOBILE","Samsung","samsung","Samsung Galaxy A06 5G","samsung-galaxy-a06-5g","128 GB","4 GB","6969","NO","YES","https://www.cashall.in/api/v1/catalog/image/samsung-galaxy-a06-5g"
"MOBILE","Samsung","samsung","Samsung Galaxy A06 5G","samsung-galaxy-a06-5g","64 GB","4 GB","6060","NO","YES","https://www.cashall.in/api/v1/catalog/image/samsung-galaxy-a06-5g"
"MOBILE","Samsung","samsung","Samsung Galaxy A07","samsung-galaxy-a07","64 GB","4 GB","5656","NO","YES","https://www.cashall.in/api/v1/catalog/image/samsung-galaxy-a07"
"MOBILE","Samsung","samsung","Samsung Galaxy A07 5G","samsung-galaxy-a07-5g","128 GB","6 GB","11514","NO","YES","https://www.cashall.in/api/v1/catalog/image/samsung-galaxy-a07-5g"
"MOBILE","Samsung","samsung","Samsung Galaxy A07 5G","samsung-galaxy-a07-5g","128 GB","4 GB","10201","NO","YES","https://www.cashall.in/api/v1/catalog/image/samsung-galaxy-a07-5g"
"MOBILE","Samsung","samsung","Samsung Galaxy A10","samsung-galaxy-a10","32 GB","3 GB","1980","NO","YES","https://www.cashall.in/api/v1/catalog/image/samsung-galaxy-a10"
"MOBILE","Samsung","samsung","Samsung Galaxy A10s","samsung-galaxy-a10s","32 GB","2 GB","2280","NO","YES","https://www.cashall.in/api/v1/catalog/image/samsung-galaxy-a10s"
"MOBILE","Samsung","samsung","Samsung Galaxy A10s","samsung-galaxy-a10s","32 GB","3 GB","2366","NO","YES","https://www.cashall.in/api/v1/catalog/image/samsung-galaxy-a10s"
"MOBILE","Samsung","samsung","Samsung Galaxy A12","samsung-galaxy-a12","128 GB","4 GB","4451","NO","YES","https://www.cashall.in/api/v1/catalog/image/samsung-galaxy-a12"
"MOBILE","Samsung","samsung","Samsung Galaxy A12","samsung-galaxy-a12","128 GB","6 GB","4655","NO","YES","https://www.cashall.in/api/v1/catalog/image/samsung-galaxy-a12"
"MOBILE","Samsung","samsung","Samsung Galaxy A12","samsung-galaxy-a12","64 GB","4 GB","4071","NO","YES","https://www.cashall.in/api/v1/catalog/image/samsung-galaxy-a12"
"MOBILE","Samsung","samsung","Samsung Galaxy A13","samsung-galaxy-a13","128 GB","4 GB","4282","NO","YES","https://www.cashall.in/api/v1/catalog/image/samsung-galaxy-a13"
"MOBILE","Samsung","samsung","Samsung Galaxy A13","samsung-galaxy-a13","128 GB","6 GB","4858","NO","YES","https://www.cashall.in/api/v1/catalog/image/samsung-galaxy-a13"
"MOBILE","Samsung","samsung","Samsung Galaxy A13","samsung-galaxy-a13","64 GB","4 GB","3939","NO","YES","https://www.cashall.in/api/v1/catalog/image/samsung-galaxy-a13"
"MOBILE","Samsung","samsung","Samsung Galaxy A13 5G","samsung-galaxy-a13-5g","128 GB","6 GB","4949","NO","YES","https://www.cashall.in/api/v1/catalog/image/samsung-galaxy-a13-5g"
"MOBILE","Samsung","samsung","Samsung Galaxy A13 5G","samsung-galaxy-a13-5g","128 GB","4 GB","4444","NO","YES","https://www.cashall.in/api/v1/catalog/image/samsung-galaxy-a13-5g"
"MOBILE","Samsung","samsung","Samsung Galaxy A13 5G","samsung-galaxy-a13-5g","64 GB","4 GB","3939","NO","YES","https://www.cashall.in/api/v1/catalog/image/samsung-galaxy-a13-5g"
"MOBILE","Samsung","samsung","Samsung Galaxy A14 5G","samsung-galaxy-a14-5g","128 GB","4 GB","7950","NO","YES","https://www.cashall.in/api/v1/catalog/image/samsung-galaxy-a14-5g"
"MOBILE","Samsung","samsung","Samsung Galaxy A14 5G","samsung-galaxy-a14-5g","128 GB","6 GB","8440","NO","YES","https://www.cashall.in/api/v1/catalog/image/samsung-galaxy-a14-5g"
"MOBILE","Samsung","samsung","Samsung Galaxy A14 5G","samsung-galaxy-a14-5g","128 GB","8 GB","8970","NO","YES","https://www.cashall.in/api/v1/catalog/image/samsung-galaxy-a14-5g"
"MOBILE","Samsung","samsung","Samsung Galaxy A14 5G","samsung-galaxy-a14-5g","64 GB","4 GB","7280","NO","YES","https://www.cashall.in/api/v1/catalog/image/samsung-galaxy-a14-5g"
"MOBILE","Samsung","samsung","Samsung Galaxy A15 5G","samsung-galaxy-a15-5g","128 GB","8 GB","9494","NO","YES","https://www.cashall.in/api/v1/catalog/image/samsung-galaxy-a15-5g"
"MOBILE","Samsung","samsung","Samsung Galaxy A15 5G","samsung-galaxy-a15-5g","128 GB","6 GB","9393","NO","YES","https://www.cashall.in/api/v1/catalog/image/samsung-galaxy-a15-5g"
"MOBILE","Samsung","samsung","Samsung Galaxy A15 5G","samsung-galaxy-a15-5g","256 GB","8 GB","9999","NO","YES","https://www.cashall.in/api/v1/catalog/image/samsung-galaxy-a15-5g"
"MOBILE","Samsung","samsung","Samsung Galaxy A16","samsung-galaxy-a16","128 GB","6 GB","9999","NO","YES","https://www.cashall.in/api/v1/catalog/image/samsung-galaxy-a16"
"MOBILE","Samsung","samsung","Samsung Galaxy A16","samsung-galaxy-a16","256 GB","8 GB","11514","NO","YES","https://www.cashall.in/api/v1/catalog/image/samsung-galaxy-a16"
"MOBILE","Samsung","samsung","Samsung Galaxy A16 5G","samsung-galaxy-a16-5g","128 GB","8 GB","10908","NO","YES","https://www.cashall.in/api/v1/catalog/image/samsung-galaxy-a16-5g"
"MOBILE","Samsung","samsung","Samsung Galaxy A16 5G","samsung-galaxy-a16-5g","128 GB","6 GB","10201","NO","YES","https://www.cashall.in/api/v1/catalog/image/samsung-galaxy-a16-5g"
"MOBILE","Samsung","samsung","Samsung Galaxy A16 5G","samsung-galaxy-a16-5g","256 GB","8 GB","11413","NO","YES","https://www.cashall.in/api/v1/catalog/image/samsung-galaxy-a16-5g"
"MOBILE","Samsung","samsung","Samsung Galaxy A17 5G","samsung-galaxy-a17-5g","128 GB","8 GB","12878","NO","YES","https://www.cashall.in/api/v1/catalog/image/samsung-galaxy-a17-5g"
"MOBILE","Samsung","samsung","Samsung Galaxy A17 5G","samsung-galaxy-a17-5g","128 GB","6 GB","11918","NO","YES","https://www.cashall.in/api/v1/catalog/image/samsung-galaxy-a17-5g"
"MOBILE","Samsung","samsung","Samsung Galaxy A17 5G","samsung-galaxy-a17-5g","256 GB","8 GB","13736","NO","YES","https://www.cashall.in/api/v1/catalog/image/samsung-galaxy-a17-5g"
"MOBILE","Samsung","samsung","Samsung Galaxy A20","samsung-galaxy-a20","32 GB","3 GB","2565","NO","YES","https://www.cashall.in/api/v1/catalog/image/samsung-galaxy-a20"
"MOBILE","Samsung","samsung","Samsung Galaxy A20s","samsung-galaxy-a20s","32 GB","3 GB","2812","NO","YES","https://www.cashall.in/api/v1/catalog/image/samsung-galaxy-a20s"
"MOBILE","Samsung","samsung","Samsung Galaxy A20s","samsung-galaxy-a20s","64 GB","4 GB","3235","NO","YES","https://www.cashall.in/api/v1/catalog/image/samsung-galaxy-a20s"
"MOBILE","Samsung","samsung","Samsung Galaxy A21s","samsung-galaxy-a21s","128 GB","6 GB","4427","NO","YES","https://www.cashall.in/api/v1/catalog/image/samsung-galaxy-a21s"
"MOBILE","Samsung","samsung","Samsung Galaxy A21s","samsung-galaxy-a21s","64 GB","4 GB","3881","NO","YES","https://www.cashall.in/api/v1/catalog/image/samsung-galaxy-a21s"
"MOBILE","Samsung","samsung","Samsung Galaxy A21s","samsung-galaxy-a21s","64 GB","6 GB","4194","NO","YES","https://www.cashall.in/api/v1/catalog/image/samsung-galaxy-a21s"
"MOBILE","Samsung","samsung","Samsung Galaxy A22","samsung-galaxy-a22","128 GB","4 GB","4237","NO","YES","https://www.cashall.in/api/v1/catalog/image/samsung-galaxy-a22"
"MOBILE","Samsung","samsung","Samsung Galaxy A22","samsung-galaxy-a22","128 GB","6 GB","4916","NO","YES","https://www.cashall.in/api/v1/catalog/image/samsung-galaxy-a22"
"MOBILE","Samsung","samsung","Samsung Galaxy A22 5G","samsung-galaxy-a22-5g","128 GB","6 GB","7082","NO","YES","https://www.cashall.in/api/v1/catalog/image/samsung-galaxy-a22-5g"
"MOBILE","Samsung","samsung","Samsung Galaxy A22 5G","samsung-galaxy-a22-5g","128 GB","8 GB","7600","NO","YES","https://www.cashall.in/api/v1/catalog/image/samsung-galaxy-a22-5g"
"MOBILE","Samsung","samsung","Samsung Galaxy A23","samsung-galaxy-a23","128 GB","6 GB","5216","NO","YES","https://www.cashall.in/api/v1/catalog/image/samsung-galaxy-a23"
"MOBILE","Samsung","samsung","Samsung Galaxy A23","samsung-galaxy-a23","128 GB","8 GB","5790","NO","YES","https://www.cashall.in/api/v1/catalog/image/samsung-galaxy-a23"
"MOBILE","Samsung","samsung","Samsung Galaxy A25 5G","samsung-galaxy-a25-5g","128 GB","8 GB","11817","NO","YES","https://www.cashall.in/api/v1/catalog/image/samsung-galaxy-a25-5g"
"MOBILE","Samsung","samsung","Samsung Galaxy A25 5G","samsung-galaxy-a25-5g","128 GB","6 GB","10403","NO","YES","https://www.cashall.in/api/v1/catalog/image/samsung-galaxy-a25-5g"
"MOBILE","Samsung","samsung","Samsung Galaxy A25 5G","samsung-galaxy-a25-5g","256 GB","8 GB","12019","NO","YES","https://www.cashall.in/api/v1/catalog/image/samsung-galaxy-a25-5g"
"MOBILE","Samsung","samsung","Samsung Galaxy A26 5G","samsung-galaxy-a26-5g","128 GB","8 GB","12827","NO","YES","https://www.cashall.in/api/v1/catalog/image/samsung-galaxy-a26-5g"
"MOBILE","Samsung","samsung","Samsung Galaxy A26 5G","samsung-galaxy-a26-5g","128 GB","6 GB","11817","NO","YES","https://www.cashall.in/api/v1/catalog/image/samsung-galaxy-a26-5g"
"MOBILE","Samsung","samsung","Samsung Galaxy A26 5G","samsung-galaxy-a26-5g","256 GB","8 GB","13534","NO","YES","https://www.cashall.in/api/v1/catalog/image/samsung-galaxy-a26-5g"
"MOBILE","Samsung","samsung","Samsung Galaxy A27 5G","samsung-galaxy-a27-5g","128 GB","8 GB","16160","NO","YES","https://www.cashall.in/api/v1/catalog/image/samsung-galaxy-a27-5g"
"MOBILE","Samsung","samsung","Samsung Galaxy A27 5G","samsung-galaxy-a27-5g","128 GB","6 GB","15150","NO","YES","https://www.cashall.in/api/v1/catalog/image/samsung-galaxy-a27-5g"
"MOBILE","Samsung","samsung","Samsung Galaxy A27 5G","samsung-galaxy-a27-5g","256 GB","8 GB","18886","NO","YES","https://www.cashall.in/api/v1/catalog/image/samsung-galaxy-a27-5g"
"MOBILE","Samsung","samsung","Samsung Galaxy A30","samsung-galaxy-a30","64 GB","4 GB","2717","NO","YES","https://www.cashall.in/api/v1/catalog/image/samsung-galaxy-a30"
"MOBILE","Samsung","samsung","Samsung Galaxy A30s","samsung-galaxy-a30s","128 GB","","2889","NO","YES","https://www.cashall.in/api/v1/catalog/image/samsung-galaxy-a30s"
"MOBILE","Samsung","samsung","Samsung Galaxy A30s","samsung-galaxy-a30s","128 GB","4 GB","2889","NO","YES","https://www.cashall.in/api/v1/catalog/image/samsung-galaxy-a30s"
"MOBILE","Samsung","samsung","Samsung Galaxy A30s","samsung-galaxy-a30s","64 GB","","2565","NO","YES","https://www.cashall.in/api/v1/catalog/image/samsung-galaxy-a30s"
"MOBILE","Samsung","samsung","Samsung Galaxy A30s","samsung-galaxy-a30s","64 GB","4 GB","2565","NO","YES","https://www.cashall.in/api/v1/catalog/image/samsung-galaxy-a30s"
"MOBILE","Samsung","samsung","Samsung Galaxy A31","samsung-galaxy-a31","128 GB","6 GB","3828","NO","YES","https://www.cashall.in/api/v1/catalog/image/samsung-galaxy-a31"
"MOBILE","Samsung","samsung","Samsung Galaxy A32","samsung-galaxy-a32","128 GB","6 GB","5776","NO","YES","https://www.cashall.in/api/v1/catalog/image/samsung-galaxy-a32"
"MOBILE","Samsung","samsung","Samsung Galaxy A32","samsung-galaxy-a32","128 GB","8 GB","6090","NO","YES","https://www.cashall.in/api/v1/catalog/image/samsung-galaxy-a32"
"MOBILE","Samsung","samsung","Samsung Galaxy A33","samsung-galaxy-a33","128 GB","8 GB","9191","NO","YES","https://www.cashall.in/api/v1/catalog/image/samsung-galaxy-a33"
"MOBILE","Samsung","samsung","Samsung Galaxy A33","samsung-galaxy-a33","128 GB","6 GB","8787","NO","YES","https://www.cashall.in/api/v1/catalog/image/samsung-galaxy-a33"
"MOBILE","Samsung","samsung","Samsung Galaxy A34 5G","samsung-galaxy-a34-5g","128 GB","8 GB","10706","NO","YES","https://www.cashall.in/api/v1/catalog/image/samsung-galaxy-a34-5g"
"MOBILE","Samsung","samsung","Samsung Galaxy A34 5G","samsung-galaxy-a34-5g","128 GB","6 GB","10403","NO","YES","https://www.cashall.in/api/v1/catalog/image/samsung-galaxy-a34-5g"
"MOBILE","Samsung","samsung","Samsung Galaxy A34 5G","samsung-galaxy-a34-5g","256 GB","8 GB","11413","NO","YES","https://www.cashall.in/api/v1/catalog/image/samsung-galaxy-a34-5g"
"MOBILE","Samsung","samsung","Samsung Galaxy A35 5G","samsung-galaxy-a35-5g","128 GB","8 GB","12928","NO","YES","https://www.cashall.in/api/v1/catalog/image/samsung-galaxy-a35-5g"
"MOBILE","Samsung","samsung","Samsung Galaxy A35 5G","samsung-galaxy-a35-5g","256 GB","8 GB","13736","NO","YES","https://www.cashall.in/api/v1/catalog/image/samsung-galaxy-a35-5g"
"MOBILE","Samsung","samsung","Samsung Galaxy A36 5G","samsung-galaxy-a36-5g","128 GB","8 GB","18180","NO","YES","https://www.cashall.in/api/v1/catalog/image/samsung-galaxy-a36-5g"
"MOBILE","Samsung","samsung","Samsung Galaxy A36 5G","samsung-galaxy-a36-5g","256 GB","12 GB","20099","NO","YES","https://www.cashall.in/api/v1/catalog/image/samsung-galaxy-a36-5g"
"MOBILE","Samsung","samsung","Samsung Galaxy A36 5G","samsung-galaxy-a36-5g","256 GB","8 GB","19089","NO","YES","https://www.cashall.in/api/v1/catalog/image/samsung-galaxy-a36-5g"
"MOBILE","Samsung","samsung","Samsung Galaxy A37 5G","samsung-galaxy-a37-5g","128 GB","8 GB","25755","NO","YES","https://www.cashall.in/api/v1/catalog/image/samsung-galaxy-a37-5g"
"MOBILE","Samsung","samsung","Samsung Galaxy A37 5G","samsung-galaxy-a37-5g","256 GB","12 GB","33330","NO","YES","https://www.cashall.in/api/v1/catalog/image/samsung-galaxy-a37-5g"
"MOBILE","Samsung","samsung","Samsung Galaxy A37 5G","samsung-galaxy-a37-5g","256 GB","8 GB","29290","NO","YES","https://www.cashall.in/api/v1/catalog/image/samsung-galaxy-a37-5g"
"MOBILE","Samsung","samsung","Samsung Galaxy A5 2017","samsung-galaxy-a5-2017","32 GB","3 GB","1091","NO","YES","https://www.cashall.in/api/v1/catalog/image/samsung-galaxy-a5-2017"
"MOBILE","Samsung","samsung","Samsung Galaxy A50","samsung-galaxy-a50","128 GB","6 GB","3933","NO","YES","https://www.cashall.in/api/v1/catalog/image/samsung-galaxy-a50"
"MOBILE","Samsung","samsung","Samsung Galaxy A50","samsung-galaxy-a50","64 GB","4 GB","3491","NO","YES","https://www.cashall.in/api/v1/catalog/image/samsung-galaxy-a50"
"MOBILE","Samsung","samsung","Samsung Galaxy A50","samsung-galaxy-a50","64 GB","6 GB","3748","NO","YES","https://www.cashall.in/api/v1/catalog/image/samsung-galaxy-a50"
"MOBILE","Samsung","samsung","Samsung Galaxy A50s","samsung-galaxy-a50s","128 GB","4 GB","3296","NO","YES","https://www.cashall.in/api/v1/catalog/image/samsung-galaxy-a50s"
"MOBILE","Samsung","samsung","Samsung Galaxy A50s","samsung-galaxy-a50s","128 GB","6 GB","3434","NO","YES","https://www.cashall.in/api/v1/catalog/image/samsung-galaxy-a50s"
"MOBILE","Samsung","samsung","Samsung Galaxy A51","samsung-galaxy-a51","128 GB","6 GB","4536","NO","YES","https://www.cashall.in/api/v1/catalog/image/samsung-galaxy-a51"
"MOBILE","Samsung","samsung","Samsung Galaxy A51","samsung-galaxy-a51","128 GB","8 GB","4864","NO","YES","https://www.cashall.in/api/v1/catalog/image/samsung-galaxy-a51"
"MOBILE","Samsung","samsung","Samsung Galaxy A52","samsung-galaxy-a52","128 GB","6 GB","6308","NO","YES","https://www.cashall.in/api/v1/catalog/image/samsung-galaxy-a52"
"MOBILE","Samsung","samsung","Samsung Galaxy A52","samsung-galaxy-a52","128 GB","8 GB","6707","NO","YES","https://www.cashall.in/api/v1/catalog/image/samsung-galaxy-a52"
"MOBILE","Samsung","samsung","Samsung Galaxy A52s 5G","samsung-galaxy-a52s-5g","128 GB","6 GB","8797","NO","YES","https://www.cashall.in/api/v1/catalog/image/samsung-galaxy-a52s-5g"
"MOBILE","Samsung","samsung","Samsung Galaxy A52s 5G","samsung-galaxy-a52s-5g","128 GB","8 GB","9324","NO","YES","https://www.cashall.in/api/v1/catalog/image/samsung-galaxy-a52s-5g"
"MOBILE","Samsung","samsung","Samsung Galaxy A53 5G","samsung-galaxy-a53-5g","128 GB","6 GB","7504","NO","YES","https://www.cashall.in/api/v1/catalog/image/samsung-galaxy-a53-5g"
"MOBILE","Samsung","samsung","Samsung Galaxy A53 5G","samsung-galaxy-a53-5g","128 GB","8 GB","7666","NO","YES","https://www.cashall.in/api/v1/catalog/image/samsung-galaxy-a53-5g"
"MOBILE","Samsung","samsung","Samsung Galaxy A53 5G","samsung-galaxy-a53-5g","256 GB","8 GB","8120","NO","YES","https://www.cashall.in/api/v1/catalog/image/samsung-galaxy-a53-5g"
"MOBILE","Samsung","samsung","Samsung Galaxy A54 5G","samsung-galaxy-a54-5g","128 GB","8 GB","13332","NO","YES","https://www.cashall.in/api/v1/catalog/image/samsung-galaxy-a54-5g"
"MOBILE","Samsung","samsung","Samsung Galaxy A54 5G","samsung-galaxy-a54-5g","128 GB","6 GB","13130","NO","YES","https://www.cashall.in/api/v1/catalog/image/samsung-galaxy-a54-5g"
"MOBILE","Samsung","samsung","Samsung Galaxy A54 5G","samsung-galaxy-a54-5g","256 GB","8 GB","14443","NO","YES","https://www.cashall.in/api/v1/catalog/image/samsung-galaxy-a54-5g"
"MOBILE","Samsung","samsung","Samsung Galaxy A55 5G","samsung-galaxy-a55-5g","128 GB","8 GB","16665","NO","YES","https://www.cashall.in/api/v1/catalog/image/samsung-galaxy-a55-5g"
"MOBILE","Samsung","samsung","Samsung Galaxy A55 5G","samsung-galaxy-a55-5g","256 GB","12 GB","18786","NO","YES","https://www.cashall.in/api/v1/catalog/image/samsung-galaxy-a55-5g"
"MOBILE","Samsung","samsung","Samsung Galaxy A55 5G","samsung-galaxy-a55-5g","256 GB","8 GB","17675","NO","YES","https://www.cashall.in/api/v1/catalog/image/samsung-galaxy-a55-5g"
"MOBILE","Samsung","samsung","Samsung Galaxy A56 5G","samsung-galaxy-a56-5g","128 GB","8 GB","23230","NO","YES","https://www.cashall.in/api/v1/catalog/image/samsung-galaxy-a56-5g"
"MOBILE","Samsung","samsung","Samsung Galaxy A56 5G","samsung-galaxy-a56-5g","256 GB","12 GB","26765","NO","YES","https://www.cashall.in/api/v1/catalog/image/samsung-galaxy-a56-5g"
"MOBILE","Samsung","samsung","Samsung Galaxy A56 5G","samsung-galaxy-a56-5g","256 GB","8 GB","25250","NO","YES","https://www.cashall.in/api/v1/catalog/image/samsung-galaxy-a56-5g"
"MOBILE","Samsung","samsung","Samsung Galaxy A57 5G","samsung-galaxy-a57-5g","256 GB","12 GB","40400","NO","YES","https://www.cashall.in/api/v1/catalog/image/samsung-galaxy-a57-5g"
"MOBILE","Samsung","samsung","Samsung Galaxy A57 5G","samsung-galaxy-a57-5g","256 GB","8 GB","36865","NO","YES","https://www.cashall.in/api/v1/catalog/image/samsung-galaxy-a57-5g"
"MOBILE","Samsung","samsung","Samsung Galaxy A6","samsung-galaxy-a6","32 GB","3 GB","1563","NO","YES","https://www.cashall.in/api/v1/catalog/image/samsung-galaxy-a6"
"MOBILE","Samsung","samsung","Samsung Galaxy A6","samsung-galaxy-a6","32 GB","4 GB","1738","NO","YES","https://www.cashall.in/api/v1/catalog/image/samsung-galaxy-a6"
"MOBILE","Samsung","samsung","Samsung Galaxy A6","samsung-galaxy-a6","64 GB","4 GB","1966","NO","YES","https://www.cashall.in/api/v1/catalog/image/samsung-galaxy-a6"
"MOBILE","Samsung","samsung","Samsung Galaxy A6 Plus","samsung-galaxy-a6-plus","32 GB","3 GB","1776","NO","YES","https://www.cashall.in/api/v1/catalog/image/samsung-galaxy-a6-plus"
"MOBILE","Samsung","samsung","Samsung Galaxy A6 Plus","samsung-galaxy-a6-plus","32 GB","4 GB","1919","NO","YES","https://www.cashall.in/api/v1/catalog/image/samsung-galaxy-a6-plus"
"MOBILE","Samsung","samsung","Samsung Galaxy A6 Plus","samsung-galaxy-a6-plus","64 GB","4 GB","2052","NO","YES","https://www.cashall.in/api/v1/catalog/image/samsung-galaxy-a6-plus"
"MOBILE","Samsung","samsung","Samsung Galaxy A7 (2016)","samsung-galaxy-a7-2016","16 GB","3 GB","1222","NO","YES","https://www.cashall.in/api/v1/catalog/image/samsung-galaxy-a7-2016"
"MOBILE","Samsung","samsung","Samsung Galaxy A7 (2017)","samsung-galaxy-a7-2017","32 GB","3 GB","1374","NO","YES","https://www.cashall.in/api/v1/catalog/image/samsung-galaxy-a7-2017"
"MOBILE","Samsung","samsung","Samsung Galaxy A7 (2018)","samsung-galaxy-a7-2018","128 GB","4 GB","2030","NO","YES","https://www.cashall.in/api/v1/catalog/image/samsung-galaxy-a7-2018"
"MOBILE","Samsung","samsung","Samsung Galaxy A7 (2018)","samsung-galaxy-a7-2018","128 GB","6 GB","3434","NO","YES","https://www.cashall.in/api/v1/catalog/image/samsung-galaxy-a7-2018"
"MOBILE","Samsung","samsung","Samsung Galaxy A7 (2018)","samsung-galaxy-a7-2018","64 GB","4 GB","1838","NO","YES","https://www.cashall.in/api/v1/catalog/image/samsung-galaxy-a7-2018"
"MOBILE","Samsung","samsung","Samsung Galaxy A70","samsung-galaxy-a70","128 GB","6 GB","4030","NO","YES","https://www.cashall.in/api/v1/catalog/image/samsung-galaxy-a70"
"MOBILE","Samsung","samsung","Samsung Galaxy A70s","samsung-galaxy-a70s","128 GB","6 GB","4056","NO","YES","https://www.cashall.in/api/v1/catalog/image/samsung-galaxy-a70s"
"MOBILE","Samsung","samsung","Samsung Galaxy A70s","samsung-galaxy-a70s","128 GB","8 GB","4256","NO","YES","https://www.cashall.in/api/v1/catalog/image/samsung-galaxy-a70s"
"MOBILE","Samsung","samsung","Samsung Galaxy A71","samsung-galaxy-a71","128 GB","6 GB","4726","NO","YES","https://www.cashall.in/api/v1/catalog/image/samsung-galaxy-a71"
"MOBILE","Samsung","samsung","Samsung Galaxy A71","samsung-galaxy-a71","128 GB","8 GB","5225","NO","YES","https://www.cashall.in/api/v1/catalog/image/samsung-galaxy-a71"
"MOBILE","Samsung","samsung","Samsung Galaxy A72","samsung-galaxy-a72","128 GB","","6504","NO","YES","https://www.cashall.in/api/v1/catalog/image/samsung-galaxy-a72"
"MOBILE","Samsung","samsung","Samsung Galaxy A72","samsung-galaxy-a72","128 GB","8 GB","6504","NO","YES","https://www.cashall.in/api/v1/catalog/image/samsung-galaxy-a72"
"MOBILE","Samsung","samsung","Samsung Galaxy A72","samsung-galaxy-a72","256 GB","","7060","NO","YES","https://www.cashall.in/api/v1/catalog/image/samsung-galaxy-a72"
"MOBILE","Samsung","samsung","Samsung Galaxy A72","samsung-galaxy-a72","256 GB","8 GB","7060","NO","YES","https://www.cashall.in/api/v1/catalog/image/samsung-galaxy-a72"
"MOBILE","Samsung","samsung","Samsung Galaxy A73 5G","samsung-galaxy-a73-5g","128 GB","","8777","NO","YES","https://www.cashall.in/api/v1/catalog/image/samsung-galaxy-a73-5g"
"MOBILE","Samsung","samsung","Samsung Galaxy A73 5G","samsung-galaxy-a73-5g","128 GB","8 GB","8777","NO","YES","https://www.cashall.in/api/v1/catalog/image/samsung-galaxy-a73-5g"
"MOBILE","Samsung","samsung","Samsung Galaxy A73 5G","samsung-galaxy-a73-5g","256 GB","","9716","NO","YES","https://www.cashall.in/api/v1/catalog/image/samsung-galaxy-a73-5g"
"MOBILE","Samsung","samsung","Samsung Galaxy A73 5G","samsung-galaxy-a73-5g","256 GB","8 GB","9716","NO","YES","https://www.cashall.in/api/v1/catalog/image/samsung-galaxy-a73-5g"
"MOBILE","Samsung","samsung","Samsung Galaxy A8 Plus","samsung-galaxy-a8-plus","64 GB","6 GB","2323","NO","YES","https://www.cashall.in/api/v1/catalog/image/samsung-galaxy-a8-plus"
"MOBILE","Samsung","samsung","Samsung Galaxy A8 Star","samsung-galaxy-a8-star","64 GB","6 GB","1798","NO","YES","https://www.cashall.in/api/v1/catalog/image/samsung-galaxy-a8-star"
"MOBILE","Samsung","samsung","Samsung Galaxy A80","samsung-galaxy-a80","128 GB","8 GB","5010","NO","YES","https://www.cashall.in/api/v1/catalog/image/samsung-galaxy-a80"
"MOBILE","Samsung","samsung","Samsung Galaxy A9 2018","samsung-galaxy-a9-2018","128 GB","6 GB","3535","NO","YES","https://www.cashall.in/api/v1/catalog/image/samsung-galaxy-a9-2018"
"MOBILE","Samsung","samsung","Samsung Galaxy A9 2018","samsung-galaxy-a9-2018","128 GB","8 GB","3737","NO","YES","https://www.cashall.in/api/v1/catalog/image/samsung-galaxy-a9-2018"
"MOBILE","Samsung","samsung","Samsung Galaxy A9 Pro","samsung-galaxy-a9-pro","32 GB","4 GB","1454","NO","YES","https://www.cashall.in/api/v1/catalog/image/samsung-galaxy-a9-pro"
"MOBILE","Samsung","samsung","Samsung Galaxy C5","samsung-galaxy-c5","32 GB","","1970","NO","YES","https://www.cashall.in/api/v1/catalog/image/samsung-galaxy-c5"
"MOBILE","Samsung","samsung","Samsung Galaxy C5","samsung-galaxy-c5","32 GB","4 GB","1970","NO","YES","https://www.cashall.in/api/v1/catalog/image/samsung-galaxy-c5"
"MOBILE","Samsung","samsung","Samsung Galaxy C5","samsung-galaxy-c5","64 GB","","2030","NO","YES","https://www.cashall.in/api/v1/catalog/image/samsung-galaxy-c5"
"MOBILE","Samsung","samsung","Samsung Galaxy C5","samsung-galaxy-c5","64 GB","4 GB","2030","NO","YES","https://www.cashall.in/api/v1/catalog/image/samsung-galaxy-c5"
"MOBILE","Samsung","samsung","Samsung Galaxy C5 Pro","samsung-galaxy-c5-pro","64 GB","4 GB","2060","NO","YES","https://www.cashall.in/api/v1/catalog/image/samsung-galaxy-c5-pro"
"MOBILE","Samsung","samsung","Samsung Galaxy C7 Pro","samsung-galaxy-c7-pro","64 GB","4 GB","2131","NO","YES","https://www.cashall.in/api/v1/catalog/image/samsung-galaxy-c7-pro"
"MOBILE","Samsung","samsung","Samsung Galaxy C9 Pro","samsung-galaxy-c9-pro","64 GB","6 GB","2172","NO","YES","https://www.cashall.in/api/v1/catalog/image/samsung-galaxy-c9-pro"
"MOBILE","Samsung","samsung","Samsung Galaxy F02s","samsung-galaxy-f02s","32 GB","3 GB","3102","NO","YES","https://www.cashall.in/api/v1/catalog/image/samsung-galaxy-f02s"
"MOBILE","Samsung","samsung","Samsung Galaxy F02s","samsung-galaxy-f02s","64 GB","4 GB","3220","NO","YES","https://www.cashall.in/api/v1/catalog/image/samsung-galaxy-f02s"
"MOBILE","Samsung","samsung","Samsung Galaxy F04","samsung-galaxy-f04","64 GB","4 GB","4040","NO","YES","https://www.cashall.in/api/v1/catalog/image/samsung-galaxy-f04"
"MOBILE","Samsung","samsung","Samsung Galaxy F05","samsung-galaxy-f05","64 GB","4 GB","4242","NO","YES","https://www.cashall.in/api/v1/catalog/image/samsung-galaxy-f05"
"MOBILE","Samsung","samsung","Samsung Galaxy F06 5G","samsung-galaxy-f06-5g","128 GB","6 GB","6464","NO","YES","https://www.cashall.in/api/v1/catalog/image/samsung-galaxy-f06-5g"
"MOBILE","Samsung","samsung","Samsung Galaxy F06 5G","samsung-galaxy-f06-5g","128 GB","4 GB","5757","NO","YES","https://www.cashall.in/api/v1/catalog/image/samsung-galaxy-f06-5g"
"MOBILE","Samsung","samsung","Samsung Galaxy F06 5G","samsung-galaxy-f06-5g","64 GB","4 GB","5252","NO","YES","https://www.cashall.in/api/v1/catalog/image/samsung-galaxy-f06-5g"
"MOBILE","Samsung","samsung","Samsung Galaxy F07","samsung-galaxy-f07","64 GB","4 GB","5252","NO","YES","https://www.cashall.in/api/v1/catalog/image/samsung-galaxy-f07"
"MOBILE","Samsung","samsung","Samsung Galaxy F12","samsung-galaxy-f12","128 GB","4 GB","4194","NO","YES","https://www.cashall.in/api/v1/catalog/image/samsung-galaxy-f12"
"MOBILE","Samsung","samsung","Samsung Galaxy F12","samsung-galaxy-f12","64 GB","4 GB","3705","NO","YES","https://www.cashall.in/api/v1/catalog/image/samsung-galaxy-f12"
"MOBILE","Samsung","samsung","Samsung Galaxy F13","samsung-galaxy-f13","128 GB","","4171","NO","YES","https://www.cashall.in/api/v1/catalog/image/samsung-galaxy-f13"
"MOBILE","Samsung","samsung","Samsung Galaxy F13","samsung-galaxy-f13","128 GB","4 GB","4171","NO","YES","https://www.cashall.in/api/v1/catalog/image/samsung-galaxy-f13"
"MOBILE","Samsung","samsung","Samsung Galaxy F13","samsung-galaxy-f13","64 GB","","3939","NO","YES","https://www.cashall.in/api/v1/catalog/image/samsung-galaxy-f13"
"MOBILE","Samsung","samsung","Samsung Galaxy F13","samsung-galaxy-f13","64 GB","4 GB","3939","NO","YES","https://www.cashall.in/api/v1/catalog/image/samsung-galaxy-f13"
"MOBILE","Samsung","samsung","Samsung Galaxy F14 5G","samsung-galaxy-f14-5g","128 GB","6 GB","7272","NO","YES","https://www.cashall.in/api/v1/catalog/image/samsung-galaxy-f14-5g"
"MOBILE","Samsung","samsung","Samsung Galaxy F14 5G","samsung-galaxy-f14-5g","128 GB","4 GB","6969","NO","YES","https://www.cashall.in/api/v1/catalog/image/samsung-galaxy-f14-5g"
"MOBILE","Samsung","samsung","Samsung Galaxy F15 5G","samsung-galaxy-f15-5g","128 GB","8 GB","9393","NO","YES","https://www.cashall.in/api/v1/catalog/image/samsung-galaxy-f15-5g"
"MOBILE","Samsung","samsung","Samsung Galaxy F15 5G","samsung-galaxy-f15-5g","128 GB","6 GB","8686","NO","YES","https://www.cashall.in/api/v1/catalog/image/samsung-galaxy-f15-5g"
"MOBILE","Samsung","samsung","Samsung Galaxy F15 5G","samsung-galaxy-f15-5g","128 GB","4 GB","7575","NO","YES","https://www.cashall.in/api/v1/catalog/image/samsung-galaxy-f15-5g"
"MOBILE","Samsung","samsung","Samsung Galaxy F16 5G","samsung-galaxy-f16-5g","128 GB","8 GB","9898","NO","YES","https://www.cashall.in/api/v1/catalog/image/samsung-galaxy-f16-5g"
"MOBILE","Samsung","samsung","Samsung Galaxy F16 5G","samsung-galaxy-f16-5g","128 GB","6 GB","9191","NO","YES","https://www.cashall.in/api/v1/catalog/image/samsung-galaxy-f16-5g"
"MOBILE","Samsung","samsung","Samsung Galaxy F16 5G","samsung-galaxy-f16-5g","128 GB","4 GB","8888","NO","YES","https://www.cashall.in/api/v1/catalog/image/samsung-galaxy-f16-5g"
"MOBILE","Samsung","samsung","Samsung Galaxy F17 5G","samsung-galaxy-f17-5g","128 GB","6 GB","10201","NO","YES","https://www.cashall.in/api/v1/catalog/image/samsung-galaxy-f17-5g"
"MOBILE","Samsung","samsung","Samsung Galaxy F17 5G","samsung-galaxy-f17-5g","128 GB","4 GB","8989","NO","YES","https://www.cashall.in/api/v1/catalog/image/samsung-galaxy-f17-5g"
"MOBILE","Samsung","samsung","Samsung Galaxy F22","samsung-galaxy-f22","128 GB","6 GB","4365","NO","YES","https://www.cashall.in/api/v1/catalog/image/samsung-galaxy-f22"
"MOBILE","Samsung","samsung","Samsung Galaxy F22","samsung-galaxy-f22","64 GB","4 GB","4166","NO","YES","https://www.cashall.in/api/v1/catalog/image/samsung-galaxy-f22"
"MOBILE","Samsung","samsung","Samsung Galaxy F23 5G","samsung-galaxy-f23-5g","128 GB","6 GB","8888","NO","YES","https://www.cashall.in/api/v1/catalog/image/samsung-galaxy-f23-5g"
"MOBILE","Samsung","samsung","Samsung Galaxy F23 5G","samsung-galaxy-f23-5g","128 GB","4 GB","8787","NO","YES","https://www.cashall.in/api/v1/catalog/image/samsung-galaxy-f23-5g"
"MOBILE","Samsung","samsung","Samsung Galaxy F34 5G","samsung-galaxy-f34-5g","128 GB","8 GB","9595","NO","YES","https://www.cashall.in/api/v1/catalog/image/samsung-galaxy-f34-5g"
"MOBILE","Samsung","samsung","Samsung Galaxy F34 5G","samsung-galaxy-f34-5g","128 GB","6 GB","9090","NO","YES","https://www.cashall.in/api/v1/catalog/image/samsung-galaxy-f34-5g"
"MOBILE","Samsung","samsung","Samsung Galaxy F36 5G","samsung-galaxy-f36-5g","128 GB","8 GB","12928","NO","YES","https://www.cashall.in/api/v1/catalog/image/samsung-galaxy-f36-5g"
"MOBILE","Samsung","samsung","Samsung Galaxy F36 5G","samsung-galaxy-f36-5g","128 GB","6 GB","11817","NO","YES","https://www.cashall.in/api/v1/catalog/image/samsung-galaxy-f36-5g"
"MOBILE","Samsung","samsung","Samsung Galaxy F36 5G","samsung-galaxy-f36-5g","256 GB","8 GB","14039","NO","YES","https://www.cashall.in/api/v1/catalog/image/samsung-galaxy-f36-5g"
"MOBILE","Samsung","samsung","Samsung Galaxy F41","samsung-galaxy-f41","128 GB","6 GB","5252","NO","YES","https://www.cashall.in/api/v1/catalog/image/samsung-galaxy-f41"
"MOBILE","Samsung","samsung","Samsung Galaxy F41","samsung-galaxy-f41","64 GB","6 GB","4646","NO","YES","https://www.cashall.in/api/v1/catalog/image/samsung-galaxy-f41"
"MOBILE","Samsung","samsung","Samsung Galaxy F42 5G","samsung-galaxy-f42-5g","128 GB","8 GB","10100","NO","YES","https://www.cashall.in/api/v1/catalog/image/samsung-galaxy-f42-5g"
"MOBILE","Samsung","samsung","Samsung Galaxy F42 5G","samsung-galaxy-f42-5g","128 GB","6 GB","9090","NO","YES","https://www.cashall.in/api/v1/catalog/image/samsung-galaxy-f42-5g"
"MOBILE","Samsung","samsung","Samsung Galaxy F54 5G","samsung-galaxy-f54-5g","256 GB","8 GB","10908","NO","YES","https://www.cashall.in/api/v1/catalog/image/samsung-galaxy-f54-5g"
"MOBILE","Samsung","samsung","Samsung Galaxy F55 5G","samsung-galaxy-f55-5g","128 GB","8 GB","11413","NO","YES","https://www.cashall.in/api/v1/catalog/image/samsung-galaxy-f55-5g"
"MOBILE","Samsung","samsung","Samsung Galaxy F55 5G","samsung-galaxy-f55-5g","256 GB","12 GB","13635","NO","YES","https://www.cashall.in/api/v1/catalog/image/samsung-galaxy-f55-5g"
"MOBILE","Samsung","samsung","Samsung Galaxy F55 5G","samsung-galaxy-f55-5g","256 GB","8 GB","12625","NO","YES","https://www.cashall.in/api/v1/catalog/image/samsung-galaxy-f55-5g"
"MOBILE","Samsung","samsung","Samsung Galaxy F56 5G","samsung-galaxy-f56-5g","128 GB","8 GB","16261","NO","YES","https://www.cashall.in/api/v1/catalog/image/samsung-galaxy-f56-5g"
"MOBILE","Samsung","samsung","Samsung Galaxy F56 5G","samsung-galaxy-f56-5g","256 GB","8 GB","18786","NO","YES","https://www.cashall.in/api/v1/catalog/image/samsung-galaxy-f56-5g"
"MOBILE","Samsung","samsung","Samsung Galaxy F62","samsung-galaxy-f62","128 GB","8 GB","7070","NO","YES","https://www.cashall.in/api/v1/catalog/image/samsung-galaxy-f62"
"MOBILE","Samsung","samsung","Samsung Galaxy F62","samsung-galaxy-f62","128 GB","6 GB","6666","NO","YES","https://www.cashall.in/api/v1/catalog/image/samsung-galaxy-f62"
"MOBILE","Samsung","samsung","Samsung Galaxy F70 Pro 5G","samsung-galaxy-f70-pro-5g","128 GB","8 GB","15150","NO","YES","https://www.cashall.in/api/v1/catalog/image/samsung-galaxy-f70-pro-5g"
"MOBILE","Samsung","samsung","Samsung Galaxy F70 Pro 5G","samsung-galaxy-f70-pro-5g","128 GB","6 GB","13130","NO","YES","https://www.cashall.in/api/v1/catalog/image/samsung-galaxy-f70-pro-5g"
"MOBILE","Samsung","samsung","Samsung Galaxy F70 Pro 5G","samsung-galaxy-f70-pro-5g","256 GB","8 GB","17674","NO","YES","https://www.cashall.in/api/v1/catalog/image/samsung-galaxy-f70-pro-5g"
"MOBILE","Samsung","samsung","Samsung Galaxy F70e 5G","samsung-galaxy-f70e-5g","128 GB","6 GB","9898","NO","YES","https://www.cashall.in/api/v1/catalog/image/samsung-galaxy-f70e-5g"
"MOBILE","Samsung","samsung","Samsung Galaxy F70e 5G","samsung-galaxy-f70e-5g","128 GB","4 GB","8888","NO","YES","https://www.cashall.in/api/v1/catalog/image/samsung-galaxy-f70e-5g"
"MOBILE","Samsung","samsung","Samsung Galaxy Fold","samsung-galaxy-fold","512 GB","12 GB","18180","NO","YES","https://www.cashall.in/api/v1/catalog/image/samsung-galaxy-fold"
"MOBILE","Samsung","samsung","Samsung Galaxy M01 Core","samsung-galaxy-m01-core","16 GB","2 GB","1919","NO","YES","https://www.cashall.in/api/v1/catalog/image/samsung-galaxy-m01-core"
"MOBILE","Samsung","samsung","Samsung Galaxy M01 Core","samsung-galaxy-m01-core","32 GB","2 GB","2124","NO","YES","https://www.cashall.in/api/v1/catalog/image/samsung-galaxy-m01-core"
"MOBILE","Samsung","samsung","Samsung Galaxy M02","samsung-galaxy-m02","32 GB","3 GB","3838","NO","YES","https://www.cashall.in/api/v1/catalog/image/samsung-galaxy-m02"
"MOBILE","Samsung","samsung","Samsung Galaxy M02","samsung-galaxy-m02","32 GB","2 GB","3535","NO","YES","https://www.cashall.in/api/v1/catalog/image/samsung-galaxy-m02"
"MOBILE","Samsung","samsung","Samsung Galaxy M02s","samsung-galaxy-m02s","32 GB","3 GB","3434","NO","YES","https://www.cashall.in/api/v1/catalog/image/samsung-galaxy-m02s"
"MOBILE","Samsung","samsung","Samsung Galaxy M02s","samsung-galaxy-m02s","64 GB","4 GB","4040","NO","YES","https://www.cashall.in/api/v1/catalog/image/samsung-galaxy-m02s"
"MOBILE","Samsung","samsung","Samsung Galaxy M04","samsung-galaxy-m04","128 GB","4 GB","5050","NO","YES","https://www.cashall.in/api/v1/catalog/image/samsung-galaxy-m04"
"MOBILE","Samsung","samsung","Samsung Galaxy M04","samsung-galaxy-m04","64 GB","4 GB","4848","NO","YES","https://www.cashall.in/api/v1/catalog/image/samsung-galaxy-m04"
"MOBILE","Samsung","samsung","Samsung Galaxy M05","samsung-galaxy-m05","64 GB","4 GB","4444","NO","YES","https://www.cashall.in/api/v1/catalog/image/samsung-galaxy-m05"
"MOBILE","Samsung","samsung","Samsung Galaxy M06 5G","samsung-galaxy-m06-5g","128 GB","6 GB","6363","NO","YES","https://www.cashall.in/api/v1/catalog/image/samsung-galaxy-m06-5g"
"MOBILE","Samsung","samsung","Samsung Galaxy M06 5G","samsung-galaxy-m06-5g","128 GB","4 GB","6060","NO","YES","https://www.cashall.in/api/v1/catalog/image/samsung-galaxy-m06-5g"
"MOBILE","Samsung","samsung","Samsung Galaxy M06 5G","samsung-galaxy-m06-5g","64 GB","4 GB","5454","NO","YES","https://www.cashall.in/api/v1/catalog/image/samsung-galaxy-m06-5g"
"MOBILE","Samsung","samsung","Samsung Galaxy M10","samsung-galaxy-m10","16 GB","3 GB","3030","NO","YES","https://www.cashall.in/api/v1/catalog/image/samsung-galaxy-m10"
"MOBILE","Samsung","samsung","Samsung Galaxy M10","samsung-galaxy-m10","32 GB","3 GB","3535","NO","YES","https://www.cashall.in/api/v1/catalog/image/samsung-galaxy-m10"
"MOBILE","Samsung","samsung","Samsung Galaxy M11","samsung-galaxy-m11","32 GB","3 GB","3737","NO","YES","https://www.cashall.in/api/v1/catalog/image/samsung-galaxy-m11"
"MOBILE","Samsung","samsung","Samsung Galaxy M11","samsung-galaxy-m11","64 GB","4 GB","4141","NO","YES","https://www.cashall.in/api/v1/catalog/image/samsung-galaxy-m11"
"MOBILE","Samsung","samsung","Samsung Galaxy M12","samsung-galaxy-m12","128 GB","6 GB","5555","NO","YES","https://www.cashall.in/api/v1/catalog/image/samsung-galaxy-m12"
"MOBILE","Samsung","samsung","Samsung Galaxy M12","samsung-galaxy-m12","64 GB","4 GB","5252","NO","YES","https://www.cashall.in/api/v1/catalog/image/samsung-galaxy-m12"
"MOBILE","Samsung","samsung","Samsung Galaxy M13","samsung-galaxy-m13","128 GB","6 GB","6161","NO","YES","https://www.cashall.in/api/v1/catalog/image/samsung-galaxy-m13"
"MOBILE","Samsung","samsung","Samsung Galaxy M13","samsung-galaxy-m13","64 GB","4 GB","5757","NO","YES","https://www.cashall.in/api/v1/catalog/image/samsung-galaxy-m13"
"MOBILE","Samsung","samsung","Samsung Galaxy M13 5G","samsung-galaxy-m13-5g","128 GB","6 GB","7575","NO","YES","https://www.cashall.in/api/v1/catalog/image/samsung-galaxy-m13-5g"
"MOBILE","Samsung","samsung","Samsung Galaxy M13 5G","samsung-galaxy-m13-5g","64 GB","4 GB","7373","NO","YES","https://www.cashall.in/api/v1/catalog/image/samsung-galaxy-m13-5g"
"MOBILE","Samsung","samsung","Samsung Galaxy M14 5G","samsung-galaxy-m14-5g","128 GB","6 GB","7676","NO","YES","https://www.cashall.in/api/v1/catalog/image/samsung-galaxy-m14-5g"
"MOBILE","Samsung","samsung","Samsung Galaxy M14 5G","samsung-galaxy-m14-5g","128 GB","4 GB","7575","NO","YES","https://www.cashall.in/api/v1/catalog/image/samsung-galaxy-m14-5g"
"MOBILE","Samsung","samsung","Samsung Galaxy M14 5G","samsung-galaxy-m14-5g","64 GB","4 GB","7373","NO","YES","https://www.cashall.in/api/v1/catalog/image/samsung-galaxy-m14-5g"
"MOBILE","Samsung","samsung","Samsung Galaxy M15","samsung-galaxy-m15","128 GB","8 GB","8181","NO","YES","https://www.cashall.in/api/v1/catalog/image/samsung-galaxy-m15"
"MOBILE","Samsung","samsung","Samsung Galaxy M15","samsung-galaxy-m15","128 GB","6 GB","7777","NO","YES","https://www.cashall.in/api/v1/catalog/image/samsung-galaxy-m15"
"MOBILE","Samsung","samsung","Samsung Galaxy M15","samsung-galaxy-m15","128 GB","4 GB","7373","NO","YES","https://www.cashall.in/api/v1/catalog/image/samsung-galaxy-m15"
"MOBILE","Samsung","samsung","Samsung Galaxy M15 5G Prime Edition","samsung-galaxy-m15-5g-prime-edition","128 GB","8 GB","8888","NO","YES","https://www.cashall.in/api/v1/catalog/image/samsung-galaxy-m15-5g-prime-edition"
"MOBILE","Samsung","samsung","Samsung Galaxy M15 5G Prime Edition","samsung-galaxy-m15-5g-prime-edition","128 GB","6 GB","7878","NO","YES","https://www.cashall.in/api/v1/catalog/image/samsung-galaxy-m15-5g-prime-edition"
"MOBILE","Samsung","samsung","Samsung Galaxy M15 5G Prime Edition","samsung-galaxy-m15-5g-prime-edition","128 GB","4 GB","7070","NO","YES","https://www.cashall.in/api/v1/catalog/image/samsung-galaxy-m15-5g-prime-edition"
"MOBILE","Samsung","samsung","Samsung Galaxy M16 5G","samsung-galaxy-m16-5g","128 GB","8 GB","9898","NO","YES","https://www.cashall.in/api/v1/catalog/image/samsung-galaxy-m16-5g"
"MOBILE","Samsung","samsung","Samsung Galaxy M16 5G","samsung-galaxy-m16-5g","128 GB","6 GB","8888","NO","YES","https://www.cashall.in/api/v1/catalog/image/samsung-galaxy-m16-5g"
"MOBILE","Samsung","samsung","Samsung Galaxy M16 5G","samsung-galaxy-m16-5g","128 GB","4 GB","8383","NO","YES","https://www.cashall.in/api/v1/catalog/image/samsung-galaxy-m16-5g"
"MOBILE","Samsung","samsung","Samsung Galaxy M17 5G","samsung-galaxy-m17-5g","128 GB","6 GB","10807","NO","YES","https://www.cashall.in/api/v1/catalog/image/samsung-galaxy-m17-5g"
"MOBILE","Samsung","samsung","Samsung Galaxy M17 5G","samsung-galaxy-m17-5g","128 GB","4 GB","9494","NO","YES","https://www.cashall.in/api/v1/catalog/image/samsung-galaxy-m17-5g"
"MOBILE","Samsung","samsung","Samsung Galaxy M17e 5G","samsung-galaxy-m17e-5g","128 GB","6 GB","10706","NO","YES","https://www.cashall.in/api/v1/catalog/image/samsung-galaxy-m17e-5g"
"MOBILE","Samsung","samsung","Samsung Galaxy M17e 5G","samsung-galaxy-m17e-5g","128 GB","4 GB","9191","NO","YES","https://www.cashall.in/api/v1/catalog/image/samsung-galaxy-m17e-5g"
"MOBILE","Samsung","samsung","Samsung Galaxy M20","samsung-galaxy-m20","32 GB","3 GB","3030","NO","YES","https://www.cashall.in/api/v1/catalog/image/samsung-galaxy-m20"
"MOBILE","Samsung","samsung","Samsung Galaxy M20","samsung-galaxy-m20","64 GB","4 GB","3232","NO","YES","https://www.cashall.in/api/v1/catalog/image/samsung-galaxy-m20"
"MOBILE","Samsung","samsung","Samsung Galaxy M21","samsung-galaxy-m21","128 GB","6 GB","5050","NO","YES","https://www.cashall.in/api/v1/catalog/image/samsung-galaxy-m21"
"MOBILE","Samsung","samsung","Samsung Galaxy M21","samsung-galaxy-m21","64 GB","4 GB","4545","NO","YES","https://www.cashall.in/api/v1/catalog/image/samsung-galaxy-m21"
"MOBILE","Samsung","samsung","Samsung Galaxy M21 2021 Edition","samsung-galaxy-m21-2021-edition","128 GB","6 GB","4848","NO","YES","https://www.cashall.in/api/v1/catalog/image/samsung-galaxy-m21-2021-edition"
"MOBILE","Samsung","samsung","Samsung Galaxy M21 2021 Edition","samsung-galaxy-m21-2021-edition","64 GB","4 GB","4545","NO","YES","https://www.cashall.in/api/v1/catalog/image/samsung-galaxy-m21-2021-edition"
"MOBILE","Samsung","samsung","Samsung Galaxy M30","samsung-galaxy-m30","128 GB","6 GB","4040","NO","YES","https://www.cashall.in/api/v1/catalog/image/samsung-galaxy-m30"
"MOBILE","Samsung","samsung","Samsung Galaxy M30","samsung-galaxy-m30","32 GB","3 GB","3535","NO","YES","https://www.cashall.in/api/v1/catalog/image/samsung-galaxy-m30"
"MOBILE","Samsung","samsung","Samsung Galaxy M30","samsung-galaxy-m30","64 GB","4 GB","3837","NO","YES","https://www.cashall.in/api/v1/catalog/image/samsung-galaxy-m30"
"MOBILE","Samsung","samsung","Samsung Galaxy M30s","samsung-galaxy-m30s","128 GB","6 GB","4949","NO","YES","https://www.cashall.in/api/v1/catalog/image/samsung-galaxy-m30s"
"MOBILE","Samsung","samsung","Samsung Galaxy M30s","samsung-galaxy-m30s","128 GB","4 GB","2949","NO","YES","https://www.cashall.in/api/v1/catalog/image/samsung-galaxy-m30s"
"MOBILE","Samsung","samsung","Samsung Galaxy M30s","samsung-galaxy-m30s","64 GB","4 GB","2707","NO","YES","https://www.cashall.in/api/v1/catalog/image/samsung-galaxy-m30s"
"MOBILE","Samsung","samsung","Samsung Galaxy M31","samsung-galaxy-m31","128 GB","8 GB","4949","NO","YES","https://www.cashall.in/api/v1/catalog/image/samsung-galaxy-m31"
"MOBILE","Samsung","samsung","Samsung Galaxy M31","samsung-galaxy-m31","128 GB","6 GB","4747","NO","YES","https://www.cashall.in/api/v1/catalog/image/samsung-galaxy-m31"
"MOBILE","Samsung","samsung","Samsung Galaxy M31","samsung-galaxy-m31","64 GB","6 GB","4343","NO","YES","https://www.cashall.in/api/v1/catalog/image/samsung-galaxy-m31"
"MOBILE","Samsung","samsung","Samsung Galaxy M31s","samsung-galaxy-m31s","128 GB","8 GB","5555","NO","YES","https://www.cashall.in/api/v1/catalog/image/samsung-galaxy-m31s"
"MOBILE","Samsung","samsung","Samsung Galaxy M31s","samsung-galaxy-m31s","128 GB","6 GB","4747","NO","YES","https://www.cashall.in/api/v1/catalog/image/samsung-galaxy-m31s"
"MOBILE","Samsung","samsung","Samsung Galaxy M32","samsung-galaxy-m32","128 GB","6 GB","5959","NO","YES","https://www.cashall.in/api/v1/catalog/image/samsung-galaxy-m32"
"MOBILE","Samsung","samsung","Samsung Galaxy M32","samsung-galaxy-m32","64 GB","4 GB","5050","NO","YES","https://www.cashall.in/api/v1/catalog/image/samsung-galaxy-m32"
"MOBILE","Samsung","samsung","Samsung Galaxy M32 5G","samsung-galaxy-m32-5g","128 GB","8 GB","8383","NO","YES","https://www.cashall.in/api/v1/catalog/image/samsung-galaxy-m32-5g"
"MOBILE","Samsung","samsung","Samsung Galaxy M32 5G","samsung-galaxy-m32-5g","128 GB","6 GB","7878","NO","YES","https://www.cashall.in/api/v1/catalog/image/samsung-galaxy-m32-5g"
"MOBILE","Samsung","samsung","Samsung Galaxy M32 Prime Edition","samsung-galaxy-m32-prime-edition","128 GB","6 GB","5454","NO","YES","https://www.cashall.in/api/v1/catalog/image/samsung-galaxy-m32-prime-edition"
"MOBILE","Samsung","samsung","Samsung Galaxy M32 Prime Edition","samsung-galaxy-m32-prime-edition","64 GB","4 GB","5252","NO","YES","https://www.cashall.in/api/v1/catalog/image/samsung-galaxy-m32-prime-edition"
"MOBILE","Samsung","samsung","Samsung Galaxy M33 5G","samsung-galaxy-m33-5g","128 GB","8 GB","9595","NO","YES","https://www.cashall.in/api/v1/catalog/image/samsung-galaxy-m33-5g"
"MOBILE","Samsung","samsung","Samsung Galaxy M33 5G","samsung-galaxy-m33-5g","128 GB","6 GB","9292","NO","YES","https://www.cashall.in/api/v1/catalog/image/samsung-galaxy-m33-5g"
"MOBILE","Samsung","samsung","Samsung Galaxy M34 5G","samsung-galaxy-m34-5g","128 GB","8 GB","9090","NO","YES","https://www.cashall.in/api/v1/catalog/image/samsung-galaxy-m34-5g"
"MOBILE","Samsung","samsung","Samsung Galaxy M34 5G","samsung-galaxy-m34-5g","128 GB","6 GB","8686","NO","YES","https://www.cashall.in/api/v1/catalog/image/samsung-galaxy-m34-5g"
"MOBILE","Samsung","samsung","Samsung Galaxy M34 5G","samsung-galaxy-m34-5g","256 GB","8 GB","9393","NO","YES","https://www.cashall.in/api/v1/catalog/image/samsung-galaxy-m34-5g"
"MOBILE","Samsung","samsung","Samsung Galaxy M35 5G","samsung-galaxy-m35-5g","128 GB","8 GB","10302","NO","YES","https://www.cashall.in/api/v1/catalog/image/samsung-galaxy-m35-5g"
"MOBILE","Samsung","samsung","Samsung Galaxy M35 5G","samsung-galaxy-m35-5g","128 GB","6 GB","9999","NO","YES","https://www.cashall.in/api/v1/catalog/image/samsung-galaxy-m35-5g"
"MOBILE","Samsung","samsung","Samsung Galaxy M35 5G","samsung-galaxy-m35-5g","256 GB","8 GB","10605","NO","YES","https://www.cashall.in/api/v1/catalog/image/samsung-galaxy-m35-5g"
"MOBILE","Samsung","samsung","Samsung Galaxy M36 5G","samsung-galaxy-m36-5g","128 GB","8 GB","12322","NO","YES","https://www.cashall.in/api/v1/catalog/image/samsung-galaxy-m36-5g"
"MOBILE","Samsung","samsung","Samsung Galaxy M36 5G","samsung-galaxy-m36-5g","128 GB","6 GB","10807","NO","YES","https://www.cashall.in/api/v1/catalog/image/samsung-galaxy-m36-5g"
"MOBILE","Samsung","samsung","Samsung Galaxy M36 5G","samsung-galaxy-m36-5g","256 GB","8 GB","12726","NO","YES","https://www.cashall.in/api/v1/catalog/image/samsung-galaxy-m36-5g"
"MOBILE","Samsung","samsung","Samsung Galaxy M42 5G","samsung-galaxy-m42-5g","128 GB","8 GB","8686","NO","YES","https://www.cashall.in/api/v1/catalog/image/samsung-galaxy-m42-5g"
"MOBILE","Samsung","samsung","Samsung Galaxy M42 5G","samsung-galaxy-m42-5g","128 GB","6 GB","8383","NO","YES","https://www.cashall.in/api/v1/catalog/image/samsung-galaxy-m42-5g"
"MOBILE","Samsung","samsung","Samsung Galaxy M47 5G","samsung-galaxy-m47-5g","128 GB","8 GB","16160","NO","YES","https://www.cashall.in/api/v1/catalog/image/samsung-galaxy-m47-5g"
"MOBILE","Samsung","samsung","Samsung Galaxy M47 5G","samsung-galaxy-m47-5g","128 GB","6 GB","15654","NO","YES","https://www.cashall.in/api/v1/catalog/image/samsung-galaxy-m47-5g"
"MOBILE","Samsung","samsung","Samsung Galaxy M47 5G","samsung-galaxy-m47-5g","256 GB","8 GB","18180","NO","YES","https://www.cashall.in/api/v1/catalog/image/samsung-galaxy-m47-5g"
"MOBILE","Samsung","samsung","Samsung Galaxy M51","samsung-galaxy-m51","128 GB","8 GB","6565","NO","YES","https://www.cashall.in/api/v1/catalog/image/samsung-galaxy-m51"
"MOBILE","Samsung","samsung","Samsung Galaxy M51","samsung-galaxy-m51","128 GB","6 GB","6262","NO","YES","https://www.cashall.in/api/v1/catalog/image/samsung-galaxy-m51"
"MOBILE","Samsung","samsung","Samsung Galaxy M52 5G","samsung-galaxy-m52-5g","128 GB","8 GB","10100","NO","YES","https://www.cashall.in/api/v1/catalog/image/samsung-galaxy-m52-5g"
"MOBILE","Samsung","samsung","Samsung Galaxy M52 5G","samsung-galaxy-m52-5g","128 GB","6 GB","9898","NO","YES","https://www.cashall.in/api/v1/catalog/image/samsung-galaxy-m52-5g"
"MOBILE","Samsung","samsung","Samsung Galaxy M53 5G","samsung-galaxy-m53-5g","128 GB","8 GB","9595","NO","YES","https://www.cashall.in/api/v1/catalog/image/samsung-galaxy-m53-5g"
"MOBILE","Samsung","samsung","Samsung Galaxy M55 5G","samsung-galaxy-m55-5g","128 GB","8 GB","13231","NO","YES","https://www.cashall.in/api/v1/catalog/image/samsung-galaxy-m55-5g"
"MOBILE","Samsung","samsung","Samsung Galaxy M55 5G","samsung-galaxy-m55-5g","256 GB","12 GB","15251","NO","YES","https://www.cashall.in/api/v1/catalog/image/samsung-galaxy-m55-5g"
"MOBILE","Samsung","samsung","Samsung Galaxy M55 5G","samsung-galaxy-m55-5g","256 GB","8 GB","14241","NO","YES","https://www.cashall.in/api/v1/catalog/image/samsung-galaxy-m55-5g"
"MOBILE","Samsung","samsung","Samsung Galaxy M55s 5G","samsung-galaxy-m55s-5g","128 GB","8 GB","11514","NO","YES","https://www.cashall.in/api/v1/catalog/image/samsung-galaxy-m55s-5g"
"MOBILE","Samsung","samsung","Samsung Galaxy M55s 5G","samsung-galaxy-m55s-5g","256 GB","8 GB","12625","NO","YES","https://www.cashall.in/api/v1/catalog/image/samsung-galaxy-m55s-5g"
"MOBILE","Samsung","samsung","Samsung Galaxy M56 5G","samsung-galaxy-m56-5g","128 GB","8 GB","15150","NO","YES","https://www.cashall.in/api/v1/catalog/image/samsung-galaxy-m56-5g"
"MOBILE","Samsung","samsung","Samsung Galaxy M56 5G","samsung-galaxy-m56-5g","256 GB","8 GB","17372","NO","YES","https://www.cashall.in/api/v1/catalog/image/samsung-galaxy-m56-5g"
"MOBILE","Samsung","samsung","Samsung Galaxy Note 10","samsung-galaxy-note-10","128 GB","8 GB","12625","NO","YES","https://www.cashall.in/api/v1/catalog/image/samsung-galaxy-note-10"
"MOBILE","Samsung","samsung","Samsung Galaxy Note 10","samsung-galaxy-note-10","256 GB","8 GB","13130","NO","YES","https://www.cashall.in/api/v1/catalog/image/samsung-galaxy-note-10"
"MOBILE","Samsung","samsung","Samsung Galaxy Note 10 Lite","samsung-galaxy-note-10-lite","128 GB","8 GB","8787","NO","YES","https://www.cashall.in/api/v1/catalog/image/samsung-galaxy-note-10-lite"
"MOBILE","Samsung","samsung","Samsung Galaxy Note 10 Lite","samsung-galaxy-note-10-lite","128 GB","6 GB","8585","NO","YES","https://www.cashall.in/api/v1/catalog/image/samsung-galaxy-note-10-lite"
"MOBILE","Samsung","samsung","Samsung Galaxy Note 10 Plus","samsung-galaxy-note-10-plus","256 GB","12 GB","15655","NO","YES","https://www.cashall.in/api/v1/catalog/image/samsung-galaxy-note-10-plus"
"MOBILE","Samsung","samsung","Samsung Galaxy Note 10 Plus","samsung-galaxy-note-10-plus","512 GB","12 GB","16665","NO","YES","https://www.cashall.in/api/v1/catalog/image/samsung-galaxy-note-10-plus"
"MOBILE","Samsung","samsung","Samsung Galaxy Note 10 Plus 5G","samsung-galaxy-note-10-plus-5g","512 GB","12 GB","16160","NO","YES","https://www.cashall.in/api/v1/catalog/image/samsung-galaxy-note-10-plus-5g"
"MOBILE","Samsung","samsung","Samsung Galaxy Note 20","samsung-galaxy-note-20","256 GB","8 GB","13635","NO","YES","https://www.cashall.in/api/v1/catalog/image/samsung-galaxy-note-20"
"MOBILE","Samsung","samsung","Samsung Galaxy Note 20 Ultra 5G","samsung-galaxy-note-20-ultra-5g","256 GB","12 GB","22220","NO","YES","https://www.cashall.in/api/v1/catalog/image/samsung-galaxy-note-20-ultra-5g"
"MOBILE","Samsung","samsung","Samsung Galaxy Note 8","samsung-galaxy-note-8","128 GB","6 GB","8080","NO","YES","https://www.cashall.in/api/v1/catalog/image/samsung-galaxy-note-8"
"MOBILE","Samsung","samsung","Samsung Galaxy Note 8","samsung-galaxy-note-8","256 GB","6 GB","8686","NO","YES","https://www.cashall.in/api/v1/catalog/image/samsung-galaxy-note-8"
"MOBILE","Samsung","samsung","Samsung Galaxy Note 8","samsung-galaxy-note-8","64 GB","6 GB","7777","NO","YES","https://www.cashall.in/api/v1/catalog/image/samsung-galaxy-note-8"
"MOBILE","Samsung","samsung","Samsung Galaxy Note 9","samsung-galaxy-note-9","128 GB","6 GB","8888","NO","YES","https://www.cashall.in/api/v1/catalog/image/samsung-galaxy-note-9"
"MOBILE","Samsung","samsung","Samsung Galaxy Note 9","samsung-galaxy-note-9","512 GB","8 GB","9595","NO","YES","https://www.cashall.in/api/v1/catalog/image/samsung-galaxy-note-9"
"MOBILE","Samsung","samsung","Samsung Galaxy Note Fan Edition","samsung-galaxy-note-fan-edition","64 GB","4 GB","6565","NO","YES","https://www.cashall.in/api/v1/catalog/image/samsung-galaxy-note-fan-edition"
"MOBILE","Samsung","samsung","Samsung Galaxy On8 2018","samsung-galaxy-on8-2018","64 GB","4 GB","3030","NO","YES","https://www.cashall.in/api/v1/catalog/image/samsung-galaxy-on8-2018"
"MOBILE","Samsung","samsung","Samsung Galaxy S10","samsung-galaxy-s10","128 GB","8 GB","10605","NO","YES","https://www.cashall.in/api/v1/catalog/image/samsung-galaxy-s10"
"MOBILE","Samsung","samsung","Samsung Galaxy S10","samsung-galaxy-s10","512 GB","8 GB","10908","NO","YES","https://www.cashall.in/api/v1/catalog/image/samsung-galaxy-s10"
"MOBILE","Samsung","samsung","Samsung Galaxy S10 Lite","samsung-galaxy-s10-lite","128 GB","8 GB","10201","NO","YES","https://www.cashall.in/api/v1/catalog/image/samsung-galaxy-s10-lite"
"MOBILE","Samsung","samsung","Samsung Galaxy S10 Lite","samsung-galaxy-s10-lite","512 GB","8 GB","10504","NO","YES","https://www.cashall.in/api/v1/catalog/image/samsung-galaxy-s10-lite"
"MOBILE","Samsung","samsung","Samsung Galaxy S10 Plus","samsung-galaxy-s10-plus","1 TB","12 GB","15554","NO","YES","https://www.cashall.in/api/v1/catalog/image/samsung-galaxy-s10-plus"
"MOBILE","Samsung","samsung","Samsung Galaxy S10 Plus","samsung-galaxy-s10-plus","128 GB","8 GB","12221","NO","YES","https://www.cashall.in/api/v1/catalog/image/samsung-galaxy-s10-plus"
"MOBILE","Samsung","samsung","Samsung Galaxy S10 Plus","samsung-galaxy-s10-plus","512 GB","8 GB","14342","NO","YES","https://www.cashall.in/api/v1/catalog/image/samsung-galaxy-s10-plus"
"MOBILE","Samsung","samsung","Samsung Galaxy S20","samsung-galaxy-s20","128 GB","8 GB","12827","NO","YES","https://www.cashall.in/api/v1/catalog/image/samsung-galaxy-s20"
"MOBILE","Samsung","samsung","Samsung Galaxy S20 FE","samsung-galaxy-s20-fe","128 GB","8 GB","10100","NO","YES","https://www.cashall.in/api/v1/catalog/image/samsung-galaxy-s20-fe"
"MOBILE","Samsung","samsung","Samsung Galaxy S20 FE","samsung-galaxy-s20-fe","256 GB","8 GB","11009","NO","YES","https://www.cashall.in/api/v1/catalog/image/samsung-galaxy-s20-fe"
"MOBILE","Samsung","samsung","Samsung Galaxy S20 FE 5G","samsung-galaxy-s20-fe-5g","128 GB","8 GB","12726","NO","YES","https://www.cashall.in/api/v1/catalog/image/samsung-galaxy-s20-fe-5g"
"MOBILE","Samsung","samsung","Samsung Galaxy S20 Plus","samsung-galaxy-s20-plus","128 GB","8 GB","13938","NO","YES","https://www.cashall.in/api/v1/catalog/image/samsung-galaxy-s20-plus"
"MOBILE","Samsung","samsung","Samsung Galaxy S20 Ultra 5G","samsung-galaxy-s20-ultra-5g","128 GB","12 GB","18685","NO","YES","https://www.cashall.in/api/v1/catalog/image/samsung-galaxy-s20-ultra-5g"
"MOBILE","Samsung","samsung","Samsung Galaxy S20 Ultra 5G","samsung-galaxy-s20-ultra-5g","256 GB","12 GB","19190","NO","YES","https://www.cashall.in/api/v1/catalog/image/samsung-galaxy-s20-ultra-5g"
"MOBILE","Samsung","samsung","Samsung Galaxy S21 5G","samsung-galaxy-s21-5g","128 GB","8 GB","17372","NO","YES","https://www.cashall.in/api/v1/catalog/image/samsung-galaxy-s21-5g"
"MOBILE","Samsung","samsung","Samsung Galaxy S21 5G","samsung-galaxy-s21-5g","256 GB","8 GB","18483","NO","YES","https://www.cashall.in/api/v1/catalog/image/samsung-galaxy-s21-5g"
"MOBILE","Samsung","samsung","Samsung Galaxy S21 FE 5G","samsung-galaxy-s21-fe-5g","128 GB","8 GB","15150","NO","YES","https://www.cashall.in/api/v1/catalog/image/samsung-galaxy-s21-fe-5g"
"MOBILE","Samsung","samsung","Samsung Galaxy S21 FE 5G","samsung-galaxy-s21-fe-5g","256 GB","8 GB","16160","NO","YES","https://www.cashall.in/api/v1/catalog/image/samsung-galaxy-s21-fe-5g"
"MOBILE","Samsung","samsung","Samsung Galaxy S21 Plus 5G","samsung-galaxy-s21-plus-5g","128 GB","8 GB","16160","NO","YES","https://www.cashall.in/api/v1/catalog/image/samsung-galaxy-s21-plus-5g"
"MOBILE","Samsung","samsung","Samsung Galaxy S21 Plus 5G","samsung-galaxy-s21-plus-5g","256 GB","8 GB","16665","NO","YES","https://www.cashall.in/api/v1/catalog/image/samsung-galaxy-s21-plus-5g"
"MOBILE","Samsung","samsung","Samsung Galaxy S21 Ultra 5G","samsung-galaxy-s21-ultra-5g","256 GB","12 GB","27270","NO","YES","https://www.cashall.in/api/v1/catalog/image/samsung-galaxy-s21-ultra-5g"
"MOBILE","Samsung","samsung","Samsung Galaxy S21 Ultra 5G","samsung-galaxy-s21-ultra-5g","512 GB","16 GB","29290","NO","YES","https://www.cashall.in/api/v1/catalog/image/samsung-galaxy-s21-ultra-5g"
"MOBILE","Samsung","samsung","Samsung Galaxy S22 5G","samsung-galaxy-s22-5g","128 GB","8 GB","21210","NO","YES","https://www.cashall.in/api/v1/catalog/image/samsung-galaxy-s22-5g"
"MOBILE","Samsung","samsung","Samsung Galaxy S22 5G","samsung-galaxy-s22-5g","256 GB","8 GB","22725","NO","YES","https://www.cashall.in/api/v1/catalog/image/samsung-galaxy-s22-5g"
"MOBILE","Samsung","samsung","Samsung Galaxy S22 Plus 5G","samsung-galaxy-s22-plus-5g","128 GB","8 GB","22624","NO","YES","https://www.cashall.in/api/v1/catalog/image/samsung-galaxy-s22-plus-5g"
"MOBILE","Samsung","samsung","Samsung Galaxy S22 Plus 5G","samsung-galaxy-s22-plus-5g","256 GB","8 GB","23735","NO","YES","https://www.cashall.in/api/v1/catalog/image/samsung-galaxy-s22-plus-5g"
"MOBILE","Samsung","samsung","Samsung Galaxy S22 Ultra 5G","samsung-galaxy-s22-ultra-5g","1 TB","12 GB","39390","NO","YES","https://www.cashall.in/api/v1/catalog/image/samsung-galaxy-s22-ultra-5g"
"MOBILE","Samsung","samsung","Samsung Galaxy S22 Ultra 5G","samsung-galaxy-s22-ultra-5g","256 GB","12 GB","35350","NO","YES","https://www.cashall.in/api/v1/catalog/image/samsung-galaxy-s22-ultra-5g"
"MOBILE","Samsung","samsung","Samsung Galaxy S22 Ultra 5G","samsung-galaxy-s22-ultra-5g","512 GB","12 GB","36865","NO","YES","https://www.cashall.in/api/v1/catalog/image/samsung-galaxy-s22-ultra-5g"
"MOBILE","Samsung","samsung","Samsung Galaxy S23 5G","samsung-galaxy-s23-5g","128 GB","8 GB","27775","YES","YES","https://www.cashall.in/api/v1/catalog/image/samsung-galaxy-s23-5g"
"MOBILE","Samsung","samsung","Samsung Galaxy S23 5G","samsung-galaxy-s23-5g","256 GB","8 GB","28785","YES","YES","https://www.cashall.in/api/v1/catalog/image/samsung-galaxy-s23-5g"
"MOBILE","Samsung","samsung","Samsung Galaxy S23 FE 5G","samsung-galaxy-s23-fe-5g","128 GB","8 GB","20200","YES","YES","https://www.cashall.in/api/v1/catalog/image/samsung-galaxy-s23-fe-5g"
"MOBILE","Samsung","samsung","Samsung Galaxy S23 FE 5G","samsung-galaxy-s23-fe-5g","256 GB","8 GB","22220","YES","YES","https://www.cashall.in/api/v1/catalog/image/samsung-galaxy-s23-fe-5g"
"MOBILE","Samsung","samsung","Samsung Galaxy S23 Plus 5G","samsung-galaxy-s23-plus-5g","256 GB","8 GB","33633","YES","YES","https://www.cashall.in/api/v1/catalog/image/samsung-galaxy-s23-plus-5g"
"MOBILE","Samsung","samsung","Samsung Galaxy S23 Plus 5G","samsung-galaxy-s23-plus-5g","512 GB","8 GB","34845","YES","YES","https://www.cashall.in/api/v1/catalog/image/samsung-galaxy-s23-plus-5g"
"MOBILE","Samsung","samsung","Samsung Galaxy S23 Ultra 5G","samsung-galaxy-s23-ultra-5g","1 TB","12 GB","48480","YES","YES","https://www.cashall.in/api/v1/catalog/image/samsung-galaxy-s23-ultra-5g"
"MOBILE","Samsung","samsung","Samsung Galaxy S23 Ultra 5G","samsung-galaxy-s23-ultra-5g","256 GB","12 GB","43430","YES","YES","https://www.cashall.in/api/v1/catalog/image/samsung-galaxy-s23-ultra-5g"
"MOBILE","Samsung","samsung","Samsung Galaxy S23 Ultra 5G","samsung-galaxy-s23-ultra-5g","512 GB","12 GB","46460","YES","YES","https://www.cashall.in/api/v1/catalog/image/samsung-galaxy-s23-ultra-5g"
"MOBILE","Samsung","samsung","Samsung Galaxy S24 5G","samsung-galaxy-s24-5g","128 GB","8 GB","32805","YES","YES","https://www.cashall.in/api/v1/catalog/image/samsung-galaxy-s24-5g"
"MOBILE","Samsung","samsung","Samsung Galaxy S24 5G","samsung-galaxy-s24-5g","256 GB","8 GB","35259","YES","YES","https://www.cashall.in/api/v1/catalog/image/samsung-galaxy-s24-5g"
"MOBILE","Samsung","samsung","Samsung Galaxy S24 5G","samsung-galaxy-s24-5g","512 GB","8 GB","36693","YES","YES","https://www.cashall.in/api/v1/catalog/image/samsung-galaxy-s24-5g"
"MOBILE","Samsung","samsung","Samsung Galaxy S24 FE","samsung-galaxy-s24-fe","128 GB","8 GB","23917","YES","YES","https://www.cashall.in/api/v1/catalog/image/samsung-galaxy-s24-fe"
"MOBILE","Samsung","samsung","Samsung Galaxy S24 FE","samsung-galaxy-s24-fe","256 GB","8 GB","25563","YES","YES","https://www.cashall.in/api/v1/catalog/image/samsung-galaxy-s24-fe"
"MOBILE","Samsung","samsung","Samsung Galaxy S24 PLUS 5G","samsung-galaxy-s24-plus-5g","256 GB","12 GB","39198","YES","YES","https://www.cashall.in/api/v1/catalog/image/samsung-galaxy-s24-plus-5g"
"MOBILE","Samsung","samsung","Samsung Galaxy S24 PLUS 5G","samsung-galaxy-s24-plus-5g","512 GB","12 GB","39380","YES","YES","https://www.cashall.in/api/v1/catalog/image/samsung-galaxy-s24-plus-5g"
"MOBILE","Samsung","samsung","Samsung Galaxy S24 Ultra 5G","samsung-galaxy-s24-ultra-5g","1 TB","12 GB","64357","YES","YES","https://www.cashall.in/api/v1/catalog/image/samsung-galaxy-s24-ultra-5g"
"MOBILE","Samsung","samsung","Samsung Galaxy S24 Ultra 5G","samsung-galaxy-s24-ultra-5g","256 GB","12 GB","63398","YES","YES","https://www.cashall.in/api/v1/catalog/image/samsung-galaxy-s24-ultra-5g"
"MOBILE","Samsung","samsung","Samsung Galaxy S24 Ultra 5G","samsung-galaxy-s24-ultra-5g","512 GB","12 GB","63872","YES","YES","https://www.cashall.in/api/v1/catalog/image/samsung-galaxy-s24-ultra-5g"
"MOBILE","Samsung","samsung","Samsung Galaxy S25 5g","samsung-galaxy-s25-5g","128 GB","12 GB","40804","NO","YES","https://www.cashall.in/api/v1/catalog/image/samsung-galaxy-s25-5g"
"MOBILE","Samsung","samsung","Samsung Galaxy S25 5g","samsung-galaxy-s25-5g","256 GB","12 GB","42420","NO","YES","https://www.cashall.in/api/v1/catalog/image/samsung-galaxy-s25-5g"
"MOBILE","Samsung","samsung","Samsung Galaxy S25 5g","samsung-galaxy-s25-5g","512 GB","12 GB","43935","NO","YES","https://www.cashall.in/api/v1/catalog/image/samsung-galaxy-s25-5g"
"MOBILE","Samsung","samsung","Samsung Galaxy S25 Edge","samsung-galaxy-s25-edge","256 GB","12 GB","46460","NO","YES","https://www.cashall.in/api/v1/catalog/image/samsung-galaxy-s25-edge"
"MOBILE","Samsung","samsung","Samsung Galaxy S25 Edge","samsung-galaxy-s25-edge","512 GB","12 GB","52015","NO","YES","https://www.cashall.in/api/v1/catalog/image/samsung-galaxy-s25-edge"
"MOBILE","Samsung","samsung","Samsung Galaxy S25 FE","samsung-galaxy-s25-fe","128 GB","8 GB","32623","NO","YES","https://www.cashall.in/api/v1/catalog/image/samsung-galaxy-s25-fe"
"MOBILE","Samsung","samsung","Samsung Galaxy S25 FE","samsung-galaxy-s25-fe","256 GB","8 GB","36360","NO","YES","https://www.cashall.in/api/v1/catalog/image/samsung-galaxy-s25-fe"
"MOBILE","Samsung","samsung","Samsung Galaxy S25 FE","samsung-galaxy-s25-fe","512 GB","8 GB","40400","NO","YES","https://www.cashall.in/api/v1/catalog/image/samsung-galaxy-s25-fe"
"MOBILE","Samsung","samsung","Samsung Galaxy S25 Plus 5g","samsung-galaxy-s25-plus-5g","256 GB","12 GB","49490","NO","YES","https://www.cashall.in/api/v1/catalog/image/samsung-galaxy-s25-plus-5g"
"MOBILE","Samsung","samsung","Samsung Galaxy S25 Plus 5g","samsung-galaxy-s25-plus-5g","512 GB","12 GB","53025","NO","YES","https://www.cashall.in/api/v1/catalog/image/samsung-galaxy-s25-plus-5g"
"MOBILE","Samsung","samsung","Samsung Galaxy S25 Ultra 5g","samsung-galaxy-s25-ultra-5g","1 TB","12 GB","76760","NO","YES","https://www.cashall.in/api/v1/catalog/image/samsung-galaxy-s25-ultra-5g"
"MOBILE","Samsung","samsung","Samsung Galaxy S25 Ultra 5g","samsung-galaxy-s25-ultra-5g","256 GB","12 GB","71710","NO","YES","https://www.cashall.in/api/v1/catalog/image/samsung-galaxy-s25-ultra-5g"
"MOBILE","Samsung","samsung","Samsung Galaxy S25 Ultra 5g","samsung-galaxy-s25-ultra-5g","512 GB","12 GB","74740","NO","YES","https://www.cashall.in/api/v1/catalog/image/samsung-galaxy-s25-ultra-5g"
"MOBILE","Samsung","samsung","Samsung Galaxy S26 5G","samsung-galaxy-s26-5g","256 GB","12 GB","53530","NO","YES","https://www.cashall.in/api/v1/catalog/image/samsung-galaxy-s26-5g"
"MOBILE","Samsung","samsung","Samsung Galaxy S26 5G","samsung-galaxy-s26-5g","512 GB","12 GB","62620","NO","YES","https://www.cashall.in/api/v1/catalog/image/samsung-galaxy-s26-5g"
"MOBILE","Samsung","samsung","Samsung Galaxy S26 Plus","samsung-galaxy-s26-plus","256 GB","12 GB","65650","NO","YES","https://www.cashall.in/api/v1/catalog/image/samsung-galaxy-s26-plus"
"MOBILE","Samsung","samsung","Samsung Galaxy S26 Plus","samsung-galaxy-s26-plus","512 GB","12 GB","68680","NO","YES","https://www.cashall.in/api/v1/catalog/image/samsung-galaxy-s26-plus"
"MOBILE","Samsung","samsung","Samsung Galaxy S26 Ultra 5G","samsung-galaxy-s26-ultra-5g","1 TB","16 GB","107060","NO","YES","https://www.cashall.in/api/v1/catalog/image/samsung-galaxy-s26-ultra-5g"
"MOBILE","Samsung","samsung","Samsung Galaxy S26 Ultra 5G","samsung-galaxy-s26-ultra-5g","256 GB","12 GB","85850","NO","YES","https://www.cashall.in/api/v1/catalog/image/samsung-galaxy-s26-ultra-5g"
"MOBILE","Samsung","samsung","Samsung Galaxy S26 Ultra 5G","samsung-galaxy-s26-ultra-5g","512 GB","12 GB","90900","NO","YES","https://www.cashall.in/api/v1/catalog/image/samsung-galaxy-s26-ultra-5g"
"MOBILE","Samsung","samsung","Samsung Galaxy S8 Plus","samsung-galaxy-s8-plus","128 GB","6 GB","6363","NO","YES","https://www.cashall.in/api/v1/catalog/image/samsung-galaxy-s8-plus"
"MOBILE","Samsung","samsung","Samsung Galaxy S8 Plus","samsung-galaxy-s8-plus","64 GB","4 GB","6262","NO","YES","https://www.cashall.in/api/v1/catalog/image/samsung-galaxy-s8-plus"
"MOBILE","Samsung","samsung","Samsung Galaxy S9","samsung-galaxy-s9","128 GB","4 GB","6969","NO","YES","https://www.cashall.in/api/v1/catalog/image/samsung-galaxy-s9"
"MOBILE","Samsung","samsung","Samsung Galaxy S9","samsung-galaxy-s9","256 GB","4 GB","7272","NO","YES","https://www.cashall.in/api/v1/catalog/image/samsung-galaxy-s9"
"MOBILE","Samsung","samsung","Samsung Galaxy S9","samsung-galaxy-s9","64 GB","4 GB","6666","NO","YES","https://www.cashall.in/api/v1/catalog/image/samsung-galaxy-s9"
"MOBILE","Samsung","samsung","Samsung Galaxy S9 Plus","samsung-galaxy-s9-plus","128 GB","6 GB","7070","NO","YES","https://www.cashall.in/api/v1/catalog/image/samsung-galaxy-s9-plus"
"MOBILE","Samsung","samsung","Samsung Galaxy S9 Plus","samsung-galaxy-s9-plus","256 GB","6 GB","7373","NO","YES","https://www.cashall.in/api/v1/catalog/image/samsung-galaxy-s9-plus"
"MOBILE","Samsung","samsung","Samsung Galaxy S9 Plus","samsung-galaxy-s9-plus","64 GB","6 GB","6767","NO","YES","https://www.cashall.in/api/v1/catalog/image/samsung-galaxy-s9-plus"
"MOBILE","Samsung","samsung","Samsung Galaxy Z Flip","samsung-galaxy-z-flip","256 GB","8 GB","19190","NO","YES","https://www.cashall.in/api/v1/catalog/image/samsung-galaxy-z-flip"
"MOBILE","Samsung","samsung","Samsung Galaxy Z Flip 6","samsung-galaxy-z-flip-6","256 GB","12 GB","37370","NO","YES","https://www.cashall.in/api/v1/catalog/image/samsung-galaxy-z-flip-6"
"MOBILE","Samsung","samsung","Samsung Galaxy Z Flip 6","samsung-galaxy-z-flip-6","512 GB","12 GB","41410","NO","YES","https://www.cashall.in/api/v1/catalog/image/samsung-galaxy-z-flip-6"
"MOBILE","Samsung","samsung","Samsung Galaxy Z Flip 8","samsung-galaxy-z-flip-8","256 GB","12 GB","63125","NO","YES","https://www.cashall.in/api/v1/catalog/image/samsung-galaxy-z-flip-8"
"MOBILE","Samsung","samsung","Samsung Galaxy Z Flip 8","samsung-galaxy-z-flip-8","512 GB","12 GB","65650","NO","YES","https://www.cashall.in/api/v1/catalog/image/samsung-galaxy-z-flip-8"
"MOBILE","Samsung","samsung","Samsung Galaxy Z Flip3 5G","samsung-galaxy-z-flip3-5g","128 GB","8 GB","21210","NO","YES","https://www.cashall.in/api/v1/catalog/image/samsung-galaxy-z-flip3-5g"
"MOBILE","Samsung","samsung","Samsung Galaxy Z Flip3 5G","samsung-galaxy-z-flip3-5g","256 GB","8 GB","22220","NO","YES","https://www.cashall.in/api/v1/catalog/image/samsung-galaxy-z-flip3-5g"
"MOBILE","Samsung","samsung","Samsung Galaxy Z Flip4","samsung-galaxy-z-flip4","128 GB","8 GB","22523","NO","YES","https://www.cashall.in/api/v1/catalog/image/samsung-galaxy-z-flip4"
"MOBILE","Samsung","samsung","Samsung Galaxy Z Flip4","samsung-galaxy-z-flip4","256 GB","8 GB","22826","NO","YES","https://www.cashall.in/api/v1/catalog/image/samsung-galaxy-z-flip4"
"MOBILE","Samsung","samsung","Samsung Galaxy Z Flip4","samsung-galaxy-z-flip4","512 GB","8 GB","23230","NO","YES","https://www.cashall.in/api/v1/catalog/image/samsung-galaxy-z-flip4"
"MOBILE","Samsung","samsung","Samsung Galaxy Z Flip5","samsung-galaxy-z-flip5","256 GB","8 GB","27775","NO","YES","https://www.cashall.in/api/v1/catalog/image/samsung-galaxy-z-flip5"
"MOBILE","Samsung","samsung","Samsung Galaxy Z Flip5","samsung-galaxy-z-flip5","512 GB","8 GB","29290","NO","YES","https://www.cashall.in/api/v1/catalog/image/samsung-galaxy-z-flip5"
"MOBILE","Samsung","samsung","Samsung Galaxy Z Flip7 5G","samsung-galaxy-z-flip7-5g","256 GB","12 GB","57570","NO","YES","https://www.cashall.in/api/v1/catalog/image/samsung-galaxy-z-flip7-5g"
"MOBILE","Samsung","samsung","Samsung Galaxy Z Flip7 5G","samsung-galaxy-z-flip7-5g","512 GB","12 GB","58075","NO","YES","https://www.cashall.in/api/v1/catalog/image/samsung-galaxy-z-flip7-5g"
"MOBILE","Samsung","samsung","Samsung Galaxy Z Flip7 FE 5G","samsung-galaxy-z-flip7-fe-5g","128 GB","8 GB","51510","NO","YES","https://www.cashall.in/api/v1/catalog/image/samsung-galaxy-z-flip7-fe-5g"
"MOBILE","Samsung","samsung","Samsung Galaxy Z Flip7 FE 5G","samsung-galaxy-z-flip7-fe-5g","256 GB","8 GB","53530","NO","YES","https://www.cashall.in/api/v1/catalog/image/samsung-galaxy-z-flip7-fe-5g"
"MOBILE","Samsung","samsung","Samsung Galaxy Z Fold 6","samsung-galaxy-z-fold-6","1 TB","12 GB","71942","NO","YES","https://www.cashall.in/api/v1/catalog/image/samsung-galaxy-z-fold-6"
"MOBILE","Samsung","samsung","Samsung Galaxy Z Fold 6","samsung-galaxy-z-fold-6","256 GB","12 GB","67296","NO","YES","https://www.cashall.in/api/v1/catalog/image/samsung-galaxy-z-fold-6"
"MOBILE","Samsung","samsung","Samsung Galaxy Z Fold 6","samsung-galaxy-z-fold-6","512 GB","12 GB","68852","NO","YES","https://www.cashall.in/api/v1/catalog/image/samsung-galaxy-z-fold-6"
"MOBILE","Samsung","samsung","Samsung Galaxy Z Fold2 5G","samsung-galaxy-z-fold2-5g","256 GB","12 GB","26260","NO","YES","https://www.cashall.in/api/v1/catalog/image/samsung-galaxy-z-fold2-5g"
"MOBILE","Samsung","samsung","Samsung Galaxy Z Fold3 5G","samsung-galaxy-z-fold3-5g","256 GB","12 GB","32320","NO","YES","https://www.cashall.in/api/v1/catalog/image/samsung-galaxy-z-fold3-5g"
"MOBILE","Samsung","samsung","Samsung Galaxy Z Fold3 5G","samsung-galaxy-z-fold3-5g","512 GB","12 GB","32825","NO","YES","https://www.cashall.in/api/v1/catalog/image/samsung-galaxy-z-fold3-5g"
"MOBILE","Samsung","samsung","Samsung Galaxy Z Fold4","samsung-galaxy-z-fold4","1 TB","12 GB","42925","NO","YES","https://www.cashall.in/api/v1/catalog/image/samsung-galaxy-z-fold4"
"MOBILE","Samsung","samsung","Samsung Galaxy Z Fold4","samsung-galaxy-z-fold4","256 GB","12 GB","38380","NO","YES","https://www.cashall.in/api/v1/catalog/image/samsung-galaxy-z-fold4"
"MOBILE","Samsung","samsung","Samsung Galaxy Z Fold4","samsung-galaxy-z-fold4","512 GB","12 GB","40400","NO","YES","https://www.cashall.in/api/v1/catalog/image/samsung-galaxy-z-fold4"
"MOBILE","Samsung","samsung","Samsung Galaxy Z Fold5","samsung-galaxy-z-fold5","1 TB","12 GB","55550","NO","YES","https://www.cashall.in/api/v1/catalog/image/samsung-galaxy-z-fold5"
"MOBILE","Samsung","samsung","Samsung Galaxy Z Fold5","samsung-galaxy-z-fold5","256 GB","12 GB","51510","NO","YES","https://www.cashall.in/api/v1/catalog/image/samsung-galaxy-z-fold5"
"MOBILE","Samsung","samsung","Samsung Galaxy Z Fold5","samsung-galaxy-z-fold5","512 GB","12 GB","53530","NO","YES","https://www.cashall.in/api/v1/catalog/image/samsung-galaxy-z-fold5"
"MOBILE","Samsung","samsung","Samsung Galaxy Z Fold6","samsung-galaxy-z-fold6","1 TB","12 GB","73730","NO","YES","https://www.cashall.in/api/v1/catalog/image/samsung-galaxy-z-fold6"
"MOBILE","Samsung","samsung","Samsung Galaxy Z Fold6","samsung-galaxy-z-fold6","256 GB","12 GB","70700","NO","YES","https://www.cashall.in/api/v1/catalog/image/samsung-galaxy-z-fold6"
"MOBILE","Samsung","samsung","Samsung Galaxy Z Fold6","samsung-galaxy-z-fold6","512 GB","12 GB","72720","NO","YES","https://www.cashall.in/api/v1/catalog/image/samsung-galaxy-z-fold6"
"MOBILE","Samsung","samsung","Samsung Galaxy Z Fold7","samsung-galaxy-z-fold7","1 TB","16 GB","104030","NO","YES","https://www.cashall.in/api/v1/catalog/image/samsung-galaxy-z-fold7"
"MOBILE","Samsung","samsung","Samsung Galaxy Z Fold7","samsung-galaxy-z-fold7","256 GB","12 GB","97970","NO","YES","https://www.cashall.in/api/v1/catalog/image/samsung-galaxy-z-fold7"
"MOBILE","Samsung","samsung","Samsung Galaxy Z Fold7","samsung-galaxy-z-fold7","512 GB","12 GB","99990","NO","YES","https://www.cashall.in/api/v1/catalog/image/samsung-galaxy-z-fold7"
"MOBILE","Samsung","samsung","Samsung Galaxy Z Fold8","samsung-galaxy-z-fold8","1 TB","16 GB","121200","NO","YES","https://www.cashall.in/api/v1/catalog/image/samsung-galaxy-z-fold8"
"MOBILE","Samsung","samsung","Samsung Galaxy Z Fold8","samsung-galaxy-z-fold8","256 GB","12 GB","111100","NO","YES","https://www.cashall.in/api/v1/catalog/image/samsung-galaxy-z-fold8"
"MOBILE","Samsung","samsung","Samsung Galaxy Z Fold8","samsung-galaxy-z-fold8","512 GB","12 GB","116150","NO","YES","https://www.cashall.in/api/v1/catalog/image/samsung-galaxy-z-fold8"
"MOBILE","Samsung","samsung","Samsung Galaxy Z Fold8 Ultra","samsung-galaxy-z-fold8-ultra","1 TB","16 GB","142410","NO","YES","https://www.cashall.in/api/v1/catalog/image/samsung-galaxy-z-fold8-ultra"
"MOBILE","Samsung","samsung","Samsung Galaxy Z Fold8 Ultra","samsung-galaxy-z-fold8-ultra","256 GB","12 GB","126250","NO","YES","https://www.cashall.in/api/v1/catalog/image/samsung-galaxy-z-fold8-ultra"
"MOBILE","Samsung","samsung","Samsung Galaxy Z Fold8 Ultra","samsung-galaxy-z-fold8-ultra","512 GB","12 GB","131300","NO","YES","https://www.cashall.in/api/v1/catalog/image/samsung-galaxy-z-fold8-ultra"
"MOBILE","Tecno","tecno","Tecno Camon 12 Air","tecno-camon-12-air","32 GB","3 GB","2030","NO","YES","https://www.cashall.in/api/v1/catalog/image/tecno-camon-12-air"
"MOBILE","Tecno","tecno","Tecno Camon 12 Air","tecno-camon-12-air","64 GB","4 GB","2161","NO","YES","https://www.cashall.in/api/v1/catalog/image/tecno-camon-12-air"
"MOBILE","Tecno","tecno","Tecno Camon 15","tecno-camon-15","64 GB","4 GB","2434","NO","YES","https://www.cashall.in/api/v1/catalog/image/tecno-camon-15"
"MOBILE","Tecno","tecno","Tecno Camon 15 Pro","tecno-camon-15-pro","128 GB","6 GB","3313","YES","YES","https://www.cashall.in/api/v1/catalog/image/tecno-camon-15-pro"
"MOBILE","Tecno","tecno","Tecno Camon 16","tecno-camon-16","64 GB","4 GB","2697","NO","YES","https://www.cashall.in/api/v1/catalog/image/tecno-camon-16"
"MOBILE","Tecno","tecno","Tecno Camon 16 Premier","tecno-camon-16-premier","128 GB","8 GB","3888","NO","YES","https://www.cashall.in/api/v1/catalog/image/tecno-camon-16-premier"
"MOBILE","Tecno","tecno","Tecno Camon 17","tecno-camon-17","128 GB","6 GB","3394","NO","YES","https://www.cashall.in/api/v1/catalog/image/tecno-camon-17"
"MOBILE","Tecno","tecno","Tecno Camon 18","tecno-camon-18","128 GB","4 GB","3444","NO","YES","https://www.cashall.in/api/v1/catalog/image/tecno-camon-18"
"MOBILE","Tecno","tecno","Tecno Camon 19","tecno-camon-19","128 GB","6 GB","3686","NO","YES","https://www.cashall.in/api/v1/catalog/image/tecno-camon-19"
"MOBILE","Tecno","tecno","Tecno Camon 19 Neo","tecno-camon-19-neo","6 GB","","3555","NO","YES","https://www.cashall.in/api/v1/catalog/image/tecno-camon-19-neo"
"MOBILE","Tecno","tecno","Tecno Camon 19 Pro 5G","tecno-camon-19-pro-5g","128 GB","","8232","NO","YES","https://www.cashall.in/api/v1/catalog/image/tecno-camon-19-pro-5g"
"MOBILE","Tecno","tecno","Tecno Camon 19 Pro 5G","tecno-camon-19-pro-5g","256 GB","","8666","NO","YES","https://www.cashall.in/api/v1/catalog/image/tecno-camon-19-pro-5g"
"MOBILE","Tecno","tecno","Tecno Camon 20","tecno-camon-20","256 GB","8 GB","6918","NO","YES","https://www.cashall.in/api/v1/catalog/image/tecno-camon-20"
"MOBILE","Tecno","tecno","Tecno Camon 20 Premier 5G","tecno-camon-20-premier-5g","512 GB","8 GB","9090","NO","YES","https://www.cashall.in/api/v1/catalog/image/tecno-camon-20-premier-5g"
"MOBILE","Tecno","tecno","Tecno Camon 20 Premier 5G","tecno-camon-20-premier-5g","512 GB","16 GB","9898","NO","YES","https://www.cashall.in/api/v1/catalog/image/tecno-camon-20-premier-5g"
"MOBILE","Tecno","tecno","Tecno Camon 20 Pro 5G","tecno-camon-20-pro-5g","128 GB","8 GB","8807","NO","YES","https://www.cashall.in/api/v1/catalog/image/tecno-camon-20-pro-5g"
"MOBILE","Tecno","tecno","Tecno Camon 20 Pro 5G","tecno-camon-20-pro-5g","256 GB","8 GB","9595","NO","YES","https://www.cashall.in/api/v1/catalog/image/tecno-camon-20-pro-5g"
"MOBILE","Tecno","tecno","Tecno Camon 20s Pro 5G","tecno-camon-20s-pro-5g","128 GB","8 GB","8908","NO","YES","https://www.cashall.in/api/v1/catalog/image/tecno-camon-20s-pro-5g"
"MOBILE","Tecno","tecno","Tecno Camon 30 5G","tecno-camon-30-5g","256 GB","8 GB","12524","NO","YES","https://www.cashall.in/api/v1/catalog/image/tecno-camon-30-5g"
"MOBILE","Tecno","tecno","Tecno Camon 30 Premier 5G","tecno-camon-30-premier-5g","512 GB","12 GB","14645","NO","YES","https://www.cashall.in/api/v1/catalog/image/tecno-camon-30-premier-5g"
"MOBILE","Tecno","tecno","Tecno Phantom V Flip 5G","tecno-phantom-v-flip-5g","256 GB","8 GB","13231","NO","YES","https://www.cashall.in/api/v1/catalog/image/tecno-phantom-v-flip-5g"
"MOBILE","Tecno","tecno","Tecno Phantom V Flip2 5G","tecno-phantom-v-flip2-5g","256 GB","8 GB","15453","NO","YES","https://www.cashall.in/api/v1/catalog/image/tecno-phantom-v-flip2-5g"
"MOBILE","Tecno","tecno","Tecno Phantom V Fold 5G","tecno-phantom-v-fold-5g","256 GB","","16827","NO","YES","https://www.cashall.in/api/v1/catalog/image/tecno-phantom-v-fold-5g"
"MOBILE","Tecno","tecno","Tecno Phantom V Fold 5G","tecno-phantom-v-fold-5g","512 GB","","20705","NO","YES","https://www.cashall.in/api/v1/catalog/image/tecno-phantom-v-fold-5g"
"MOBILE","Tecno","tecno","Tecno Phantom V Fold2 5G","tecno-phantom-v-fold2-5g","512 GB","12 GB","30300","NO","YES","https://www.cashall.in/api/v1/catalog/image/tecno-phantom-v-fold2-5g"
"MOBILE","Tecno","tecno","Tecno Phantom X","tecno-phantom-x","256 GB","8 GB","5282","NO","YES","https://www.cashall.in/api/v1/catalog/image/tecno-phantom-x"
"MOBILE","Tecno","tecno","Tecno Phantom X2 5G","tecno-phantom-x2-5g","256 GB","8 GB","12625","NO","YES","https://www.cashall.in/api/v1/catalog/image/tecno-phantom-x2-5g"
"MOBILE","Tecno","tecno","Tecno Phantom X2 Pro 5G","tecno-phantom-x2-pro-5g","256 GB","12 GB","14342","NO","YES","https://www.cashall.in/api/v1/catalog/image/tecno-phantom-x2-pro-5g"
"MOBILE","Tecno","tecno","Tecno POP X","tecno-pop-x","64 GB","4 GB","5404","NO","YES","https://www.cashall.in/api/v1/catalog/image/tecno-pop-x"
"MOBILE","Tecno","tecno","Tecno POVA","tecno-pova","128 GB","6 GB","2788","NO","YES","https://www.cashall.in/api/v1/catalog/image/tecno-pova"
"MOBILE","Tecno","tecno","Tecno POVA","tecno-pova","64 GB","4 GB","2656","NO","YES","https://www.cashall.in/api/v1/catalog/image/tecno-pova"
"MOBILE","Tecno","tecno","Tecno POVA 2","tecno-pova-2","128 GB","6 GB","3101","NO","YES","https://www.cashall.in/api/v1/catalog/image/tecno-pova-2"
"MOBILE","Tecno","tecno","Tecno POVA 2","tecno-pova-2","64 GB","4 GB","2929","NO","YES","https://www.cashall.in/api/v1/catalog/image/tecno-pova-2"
"MOBILE","Tecno","tecno","Tecno Pova 3","tecno-pova-3","128 GB","6 GB","3515","NO","YES","https://www.cashall.in/api/v1/catalog/image/tecno-pova-3"
"MOBILE","Tecno","tecno","Tecno Pova 3","tecno-pova-3","64 GB","4 GB","3363","NO","YES","https://www.cashall.in/api/v1/catalog/image/tecno-pova-3"
"MOBILE","Tecno","tecno","Tecno Pova 4","tecno-pova-4","128 GB","8 GB","3818","NO","YES","https://www.cashall.in/api/v1/catalog/image/tecno-pova-4"
"MOBILE","Tecno","tecno","Tecno Pova 5 Pro","tecno-pova-5-pro","128 GB","8 GB","6565","NO","YES","https://www.cashall.in/api/v1/catalog/image/tecno-pova-5-pro"
"MOBILE","Tecno","tecno","Tecno Pova 5 Pro","tecno-pova-5-pro","256 GB","8 GB","7222","NO","YES","https://www.cashall.in/api/v1/catalog/image/tecno-pova-5-pro"
"MOBILE","Tecno","tecno","Tecno Pova 5G","tecno-pova-5g","128 GB","8 GB","4707","NO","YES","https://www.cashall.in/api/v1/catalog/image/tecno-pova-5g"
"MOBILE","Tecno","tecno","Tecno Pova 6 Neo 5G","tecno-pova-6-neo-5g","128 GB","6 GB","6585","NO","YES","https://www.cashall.in/api/v1/catalog/image/tecno-pova-6-neo-5g"
"MOBILE","Tecno","tecno","Tecno Pova 6 Neo 5G","tecno-pova-6-neo-5g","256 GB","8 GB","7373","NO","YES","https://www.cashall.in/api/v1/catalog/image/tecno-pova-6-neo-5g"
"MOBILE","Tecno","tecno","Tecno Pova 6 Pro 5G","tecno-pova-6-pro-5g","256 GB","8 GB","7777","NO","YES","https://www.cashall.in/api/v1/catalog/image/tecno-pova-6-pro-5g"
"MOBILE","Tecno","tecno","Tecno Pova 7 5G","tecno-pova-7-5g","128 GB","8 GB","7524","NO","YES","https://www.cashall.in/api/v1/catalog/image/tecno-pova-7-5g"
"MOBILE","Tecno","tecno","Tecno Pova 7 5G","tecno-pova-7-5g","256 GB","8 GB","8484","NO","YES","https://www.cashall.in/api/v1/catalog/image/tecno-pova-7-5g"
"MOBILE","Tecno","tecno","Tecno Pova 7 Pro 5G","tecno-pova-7-pro-5g","128 GB","8 GB","10100","NO","YES","https://www.cashall.in/api/v1/catalog/image/tecno-pova-7-pro-5g"
"MOBILE","Tecno","tecno","Tecno Pova 7 Pro 5G","tecno-pova-7-pro-5g","256 GB","8 GB","10605","NO","YES","https://www.cashall.in/api/v1/catalog/image/tecno-pova-7-pro-5g"
"MOBILE","Tecno","tecno","Tecno Pova Curve 2 5G","tecno-pova-curve-2-5g","128 GB","8 GB","16867","NO","YES","https://www.cashall.in/api/v1/catalog/image/tecno-pova-curve-2-5g"
"MOBILE","Tecno","tecno","Tecno Pova Curve 2 5G","tecno-pova-curve-2-5g","256 GB","8 GB","18382","NO","YES","https://www.cashall.in/api/v1/catalog/image/tecno-pova-curve-2-5g"
"MOBILE","Tecno","tecno","Tecno Pova Curve 5G","tecno-pova-curve-5g","128 GB","6 GB","8413","NO","YES","https://www.cashall.in/api/v1/catalog/image/tecno-pova-curve-5g"
"MOBILE","Tecno","tecno","Tecno Pova Curve 5G","tecno-pova-curve-5g","128 GB","8 GB","9918","NO","YES","https://www.cashall.in/api/v1/catalog/image/tecno-pova-curve-5g"
"MOBILE","Tecno","tecno","Tecno Pova Curve 5G","tecno-pova-curve-5g","256 GB","8 GB","11110","NO","YES","https://www.cashall.in/api/v1/catalog/image/tecno-pova-curve-5g"
"MOBILE","Tecno","tecno","Tecno Pova Neo","tecno-pova-neo","128 GB","6 GB","2980","NO","YES","https://www.cashall.in/api/v1/catalog/image/tecno-pova-neo"
"MOBILE","Tecno","tecno","Tecno Pova Slim 5G","tecno-pova-slim-5g","128 GB","8 GB","11817","NO","YES","https://www.cashall.in/api/v1/catalog/image/tecno-pova-slim-5g"
"MOBILE","Tecno","tecno","Tecno Spark 10 5G","tecno-spark-10-5g","128 GB","8 GB","6262","NO","YES","https://www.cashall.in/api/v1/catalog/image/tecno-spark-10-5g"
"MOBILE","Tecno","tecno","Tecno Spark 10 5G","tecno-spark-10-5g","256 GB","8 GB","7424","NO","YES","https://www.cashall.in/api/v1/catalog/image/tecno-spark-10-5g"
"MOBILE","Tecno","tecno","Tecno Spark 10 5G","tecno-spark-10-5g","64 GB","4 GB","5737","NO","YES","https://www.cashall.in/api/v1/catalog/image/tecno-spark-10-5g"
"MOBILE","Tecno","tecno","Tecno Spark 20 Pro 5G","tecno-spark-20-pro-5g","128 GB","8 GB","7424","NO","YES","https://www.cashall.in/api/v1/catalog/image/tecno-spark-20-pro-5g"
"MOBILE","Tecno","tecno","Tecno Spark 20 Pro 5G","tecno-spark-20-pro-5g","256 GB","8 GB","7424","NO","YES","https://www.cashall.in/api/v1/catalog/image/tecno-spark-20-pro-5g"
"MOBILE","Tecno","tecno","Tecno Spark 30C 5G","tecno-spark-30c-5g","128 GB","4 GB","6050","NO","YES","https://www.cashall.in/api/v1/catalog/image/tecno-spark-30c-5g"
"MOBILE","Tecno","tecno","Tecno Spark 30C 5G","tecno-spark-30c-5g","64 GB","4 GB","6050","NO","YES","https://www.cashall.in/api/v1/catalog/image/tecno-spark-30c-5g"
"MOBILE","Tecno","tecno","Tecno Spark 4","tecno-spark-4","32 GB","3 GB","1808","NO","YES","https://www.cashall.in/api/v1/catalog/image/tecno-spark-4"
"MOBILE","Tecno","tecno","Tecno Spark 4","tecno-spark-4","64 GB","4 GB","1990","NO","YES","https://www.cashall.in/api/v1/catalog/image/tecno-spark-4"
"MOBILE","Tecno","tecno","Tecno Spark 5","tecno-spark-5","32 GB","2 GB","1949","NO","YES","https://www.cashall.in/api/v1/catalog/image/tecno-spark-5"
"MOBILE","Tecno","tecno","Tecno Spark 5 Pro","tecno-spark-5-pro","64 GB","4 GB","2414","NO","YES","https://www.cashall.in/api/v1/catalog/image/tecno-spark-5-pro"
"MOBILE","Tecno","tecno","Tecno Spark 6 Air","tecno-spark-6-air","32 GB","2 GB","1687","NO","YES","https://www.cashall.in/api/v1/catalog/image/tecno-spark-6-air"
"MOBILE","Tecno","tecno","Tecno Spark 6 Air","tecno-spark-6-air","32 GB","3 GB","1858","NO","YES","https://www.cashall.in/api/v1/catalog/image/tecno-spark-6-air"
"MOBILE","Tecno","tecno","Tecno Spark 6 Air","tecno-spark-6-air","64 GB","3 GB","2030","NO","YES","https://www.cashall.in/api/v1/catalog/image/tecno-spark-6-air"
"MOBILE","Tecno","tecno","Tecno Spark 7 Pro","tecno-spark-7-pro","64 GB","4 GB","2565","NO","YES","https://www.cashall.in/api/v1/catalog/image/tecno-spark-7-pro"
"MOBILE","Tecno","tecno","Tecno Spark 7 Pro","tecno-spark-7-pro","64 GB","6 GB","2969","NO","YES","https://www.cashall.in/api/v1/catalog/image/tecno-spark-7-pro"
"MOBILE","Tecno","tecno","Tecno Spark 7P","tecno-spark-7p","128 GB","4 GB","2747","NO","YES","https://www.cashall.in/api/v1/catalog/image/tecno-spark-7p"
"MOBILE","Tecno","tecno","Tecno Spark 8","tecno-spark-8","64 GB","2 GB","2222","NO","YES","https://www.cashall.in/api/v1/catalog/image/tecno-spark-8"
"MOBILE","Tecno","tecno","Tecno Spark 8 Pro","tecno-spark-8-pro","64 GB","4 GB","2929","NO","YES","https://www.cashall.in/api/v1/catalog/image/tecno-spark-8-pro"
"MOBILE","Tecno","tecno","Tecno Spark 8P","tecno-spark-8p","64 GB","4 GB","2848","NO","YES","https://www.cashall.in/api/v1/catalog/image/tecno-spark-8p"
"MOBILE","Tecno","tecno","Tecno Spark 8T","tecno-spark-8t","64 GB","4 GB","2757","NO","YES","https://www.cashall.in/api/v1/catalog/image/tecno-spark-8t"
"MOBILE","Tecno","tecno","Tecno Spark 9","tecno-spark-9","128 GB","6 GB","2929","NO","YES","https://www.cashall.in/api/v1/catalog/image/tecno-spark-9"
"MOBILE","Tecno","tecno","Tecno Spark 9","tecno-spark-9","64 GB","4 GB","2666","NO","YES","https://www.cashall.in/api/v1/catalog/image/tecno-spark-9"
"MOBILE","Tecno","tecno","Tecno Spark Go 2023","tecno-spark-go-2023","64 GB","4 GB","3838","NO","YES","https://www.cashall.in/api/v1/catalog/image/tecno-spark-go-2023"
"MOBILE","Tecno","tecno","Tecno Spark GO 3","tecno-spark-go-3","64 GB","4 GB","5939","NO","YES","https://www.cashall.in/api/v1/catalog/image/tecno-spark-go-3"
"MOBILE","Tecno","tecno","Tecno Spark Go 5G","tecno-spark-go-5g","128 GB","4 GB","5676","NO","YES","https://www.cashall.in/api/v1/catalog/image/tecno-spark-go-5g"
"MOBILE","Tecno","tecno","Tecno Spark Power 2","tecno-spark-power-2","64 GB","4 GB","2293","NO","YES","https://www.cashall.in/api/v1/catalog/image/tecno-spark-power-2"
"MOBILE","Tecno","tecno","Tecno Spark Power 2 Air","tecno-spark-power-2-air","32 GB","3 GB","2131","NO","YES","https://www.cashall.in/api/v1/catalog/image/tecno-spark-power-2-air"
"MOBILE","Vivo","vivo","Vivo NEX","vivo-nex","128 GB","8 GB","4515","NO","YES","https://www.cashall.in/api/v1/catalog/image/vivo-nex"
"MOBILE","Vivo","vivo","Vivo S1","vivo-s1","128 GB","4 GB","4242","NO","YES","https://www.cashall.in/api/v1/catalog/image/vivo-s1"
"MOBILE","Vivo","vivo","Vivo S1","vivo-s1","128 GB","6 GB","4353","NO","YES","https://www.cashall.in/api/v1/catalog/image/vivo-s1"
"MOBILE","Vivo","vivo","Vivo S1","vivo-s1","64 GB","6 GB","4121","NO","YES","https://www.cashall.in/api/v1/catalog/image/vivo-s1"
"MOBILE","Vivo","vivo","Vivo S1 Pro","vivo-s1-pro","128 GB","8 GB","4929","NO","YES","https://www.cashall.in/api/v1/catalog/image/vivo-s1-pro"
"MOBILE","Vivo","vivo","Vivo T1","vivo-t1","128 GB","4 GB","5414","NO","YES","https://www.cashall.in/api/v1/catalog/image/vivo-t1"
"MOBILE","Vivo","vivo","Vivo T1","vivo-t1","128 GB","6 GB","5818","NO","YES","https://www.cashall.in/api/v1/catalog/image/vivo-t1"
"MOBILE","Vivo","vivo","Vivo T1","vivo-t1","128 GB","8 GB","6232","NO","YES","https://www.cashall.in/api/v1/catalog/image/vivo-t1"
"MOBILE","Vivo","vivo","Vivo T1 5G","vivo-t1-5g","128 GB","4 GB","7090","NO","YES","https://www.cashall.in/api/v1/catalog/image/vivo-t1-5g"
"MOBILE","Vivo","vivo","Vivo T1 5G","vivo-t1-5g","128 GB","6 GB","7726","NO","YES","https://www.cashall.in/api/v1/catalog/image/vivo-t1-5g"
"MOBILE","Vivo","vivo","Vivo T1 5G","vivo-t1-5g","128 GB","8 GB","8050","NO","YES","https://www.cashall.in/api/v1/catalog/image/vivo-t1-5g"
"MOBILE","Vivo","vivo","Vivo T1 Pro 5G","vivo-t1-pro-5g","128 GB","6 GB","8696","NO","YES","https://www.cashall.in/api/v1/catalog/image/vivo-t1-pro-5g"
"MOBILE","Vivo","vivo","Vivo T1 Pro 5G","vivo-t1-pro-5g","128 GB","8 GB","8908","NO","YES","https://www.cashall.in/api/v1/catalog/image/vivo-t1-pro-5g"
"MOBILE","Vivo","vivo","Vivo T1x","vivo-t1x","128 GB","4 GB","4858","NO","YES","https://www.cashall.in/api/v1/catalog/image/vivo-t1x"
"MOBILE","Vivo","vivo","Vivo T1x","vivo-t1x","128 GB","6 GB","5242","NO","YES","https://www.cashall.in/api/v1/catalog/image/vivo-t1x"
"MOBILE","Vivo","vivo","Vivo T1x","vivo-t1x","64 GB","4 GB","4474","NO","YES","https://www.cashall.in/api/v1/catalog/image/vivo-t1x"
"MOBILE","Vivo","vivo","Vivo T2 5G","vivo-t2-5g","128 GB","6 GB","10777","NO","YES","https://www.cashall.in/api/v1/catalog/image/vivo-t2-5g"
"MOBILE","Vivo","vivo","Vivo T2 5G","vivo-t2-5g","128 GB","8 GB","11110","NO","YES","https://www.cashall.in/api/v1/catalog/image/vivo-t2-5g"
"MOBILE","Vivo","vivo","Vivo T2 Pro 5G","vivo-t2-pro-5g","128 GB","","15948","NO","YES","https://www.cashall.in/api/v1/catalog/image/vivo-t2-pro-5g"
"MOBILE","Vivo","vivo","Vivo T2 Pro 5G","vivo-t2-pro-5g","256 GB","","16322","NO","YES","https://www.cashall.in/api/v1/catalog/image/vivo-t2-pro-5g"
"MOBILE","Vivo","vivo","Vivo T2x 5G","vivo-t2x-5g","128 GB","4 GB","9262","NO","YES","https://www.cashall.in/api/v1/catalog/image/vivo-t2x-5g"
"MOBILE","Vivo","vivo","Vivo T2x 5G","vivo-t2x-5g","128 GB","6 GB","10312","NO","YES","https://www.cashall.in/api/v1/catalog/image/vivo-t2x-5g"
"MOBILE","Vivo","vivo","Vivo T2x 5G","vivo-t2x-5g","128 GB","8 GB","10595","NO","YES","https://www.cashall.in/api/v1/catalog/image/vivo-t2x-5g"
"MOBILE","Vivo","vivo","Vivo T3 5G","vivo-t3-5g","128 GB","","11827","NO","YES","https://www.cashall.in/api/v1/catalog/image/vivo-t3-5g"
"MOBILE","Vivo","vivo","Vivo T3 5G","vivo-t3-5g","256 GB","","12009","NO","YES","https://www.cashall.in/api/v1/catalog/image/vivo-t3-5g"
"MOBILE","Vivo","vivo","Vivo T3 Lite 5G","vivo-t3-lite-5g","128 GB","4 GB","6373","NO","YES","https://www.cashall.in/api/v1/catalog/image/vivo-t3-lite-5g"
"MOBILE","Vivo","vivo","Vivo T3 Lite 5G","vivo-t3-lite-5g","128 GB","6 GB","7605","NO","YES","https://www.cashall.in/api/v1/catalog/image/vivo-t3-lite-5g"
"MOBILE","Vivo","vivo","Vivo T3 Pro 5G","vivo-t3-pro-5g","128 GB","","15190","NO","YES","https://www.cashall.in/api/v1/catalog/image/vivo-t3-pro-5g"
"MOBILE","Vivo","vivo","Vivo T3 Pro 5G","vivo-t3-pro-5g","256 GB","","17220","NO","YES","https://www.cashall.in/api/v1/catalog/image/vivo-t3-pro-5g"
"MOBILE","Vivo","vivo","Vivo T3 Ultra","vivo-t3-ultra","128 GB","8 GB","17231","NO","YES","https://www.cashall.in/api/v1/catalog/image/vivo-t3-ultra"
"MOBILE","Vivo","vivo","Vivo T3 Ultra","vivo-t3-ultra","256 GB","8 GB","18938","NO","YES","https://www.cashall.in/api/v1/catalog/image/vivo-t3-ultra"
"MOBILE","Vivo","vivo","Vivo T3 Ultra","vivo-t3-ultra","256 GB","12 GB","19634","NO","YES","https://www.cashall.in/api/v1/catalog/image/vivo-t3-ultra"
"MOBILE","Vivo","vivo","Vivo T3x 5G","vivo-t3x-5g","128 GB","4 GB","9151","NO","YES","https://www.cashall.in/api/v1/catalog/image/vivo-t3x-5g"
"MOBILE","Vivo","vivo","Vivo T3x 5G","vivo-t3x-5g","128 GB","6 GB","10454","NO","YES","https://www.cashall.in/api/v1/catalog/image/vivo-t3x-5g"
"MOBILE","Vivo","vivo","Vivo T3x 5G","vivo-t3x-5g","128 GB","8 GB","10837","NO","YES","https://www.cashall.in/api/v1/catalog/image/vivo-t3x-5g"
"MOBILE","Vivo","vivo","Vivo U10","vivo-u10","32 GB","3 GB","2919","NO","YES","https://www.cashall.in/api/v1/catalog/image/vivo-u10"
"MOBILE","Vivo","vivo","Vivo U10","vivo-u10","64 GB","3 GB","3060","NO","YES","https://www.cashall.in/api/v1/catalog/image/vivo-u10"
"MOBILE","Vivo","vivo","Vivo U10","vivo-u10","64 GB","4 GB","3373","NO","YES","https://www.cashall.in/api/v1/catalog/image/vivo-u10"
"MOBILE","Vivo","vivo","Vivo U20","vivo-u20","128 GB","8 GB","3828","NO","YES","https://www.cashall.in/api/v1/catalog/image/vivo-u20"
"MOBILE","Vivo","vivo","Vivo U20","vivo-u20","64 GB","4 GB","3575","NO","YES","https://www.cashall.in/api/v1/catalog/image/vivo-u20"
"MOBILE","Vivo","vivo","Vivo U20","vivo-u20","64 GB","6 GB","3676","NO","YES","https://www.cashall.in/api/v1/catalog/image/vivo-u20"
"MOBILE","Vivo","vivo","Vivo V11","vivo-v11","64 GB","6 GB","3414","NO","YES","https://www.cashall.in/api/v1/catalog/image/vivo-v11"
"MOBILE","Vivo","vivo","Vivo V11 Pro","vivo-v11-pro","64 GB","6 GB","3899","NO","YES","https://www.cashall.in/api/v1/catalog/image/vivo-v11-pro"
"MOBILE","Vivo","vivo","Vivo V15","vivo-v15","128 GB","6 GB","4515","NO","YES","https://www.cashall.in/api/v1/catalog/image/vivo-v15"
"MOBILE","Vivo","vivo","Vivo V15","vivo-v15","64 GB","6 GB","4363","NO","YES","https://www.cashall.in/api/v1/catalog/image/vivo-v15"
"MOBILE","Vivo","vivo","Vivo V15 Pro","vivo-v15-pro","128 GB","6 GB","4798","YES","YES","https://www.cashall.in/api/v1/catalog/image/vivo-v15-pro"
"MOBILE","Vivo","vivo","Vivo V15 Pro","vivo-v15-pro","128 GB","8 GB","4929","YES","YES","https://www.cashall.in/api/v1/catalog/image/vivo-v15-pro"
"MOBILE","Vivo","vivo","Vivo V17","vivo-v17","128 GB","8 GB","5888","NO","YES","https://www.cashall.in/api/v1/catalog/image/vivo-v17"
"MOBILE","Vivo","vivo","Vivo V17 Pro","vivo-v17-pro","128 GB","8 GB","6010","NO","YES","https://www.cashall.in/api/v1/catalog/image/vivo-v17-pro"
"MOBILE","Vivo","vivo","Vivo V19","vivo-v19","128 GB","","6030","NO","YES","https://www.cashall.in/api/v1/catalog/image/vivo-v19"
"MOBILE","Vivo","vivo","Vivo V19","vivo-v19","256 GB","","6121","NO","YES","https://www.cashall.in/api/v1/catalog/image/vivo-v19"
"MOBILE","Vivo","vivo","Vivo V20","vivo-v20","128 GB","","6161","NO","YES","https://www.cashall.in/api/v1/catalog/image/vivo-v20"
"MOBILE","Vivo","vivo","Vivo V20","vivo-v20","256 GB","","6363","NO","YES","https://www.cashall.in/api/v1/catalog/image/vivo-v20"
"MOBILE","Vivo","vivo","Vivo V20 2021","vivo-v20-2021","128 GB","8 GB","5585","NO","YES","https://www.cashall.in/api/v1/catalog/image/vivo-v20-2021"
"MOBILE","Vivo","vivo","Vivo V20 2021","vivo-v20-2021","256 GB","8 GB","5737","NO","YES","https://www.cashall.in/api/v1/catalog/image/vivo-v20-2021"
"MOBILE","Vivo","vivo","Vivo V20 Pro","vivo-v20-pro","128 GB","8 GB","8262","NO","YES","https://www.cashall.in/api/v1/catalog/image/vivo-v20-pro"
"MOBILE","Vivo","vivo","Vivo V20 SE","vivo-v20-se","128 GB","8 GB","5818","NO","YES","https://www.cashall.in/api/v1/catalog/image/vivo-v20-se"
"MOBILE","Vivo","vivo","Vivo V21 5G","vivo-v21-5g","128 GB","","8262","NO","YES","https://www.cashall.in/api/v1/catalog/image/vivo-v21-5g"
"MOBILE","Vivo","vivo","Vivo V21 5G","vivo-v21-5g","256 GB","","8757","NO","YES","https://www.cashall.in/api/v1/catalog/image/vivo-v21-5g"
"MOBILE","Vivo","vivo","Vivo V21e 5G","vivo-v21e-5g","128 GB","","7494","NO","YES","https://www.cashall.in/api/v1/catalog/image/vivo-v21e-5g"
"MOBILE","Vivo","vivo","Vivo V21e 5G","vivo-v21e-5g","256 GB","","7838","NO","YES","https://www.cashall.in/api/v1/catalog/image/vivo-v21e-5g"
"MOBILE","Vivo","vivo","Vivo V23 5G","vivo-v23-5g","128 GB","8 GB","9656","NO","YES","https://www.cashall.in/api/v1/catalog/image/vivo-v23-5g"
"MOBILE","Vivo","vivo","Vivo V23 5G","vivo-v23-5g","256 GB","12 GB","10666","NO","YES","https://www.cashall.in/api/v1/catalog/image/vivo-v23-5g"
"MOBILE","Vivo","vivo","Vivo V23 Pro","vivo-v23-pro","128 GB","8 GB","10393","NO","YES","https://www.cashall.in/api/v1/catalog/image/vivo-v23-pro"
"MOBILE","Vivo","vivo","Vivo V23 Pro","vivo-v23-pro","256 GB","12 GB","11686","NO","YES","https://www.cashall.in/api/v1/catalog/image/vivo-v23-pro"
"MOBILE","Vivo","vivo","Vivo V23e 5G","vivo-v23e-5g","128 GB","8 GB","8878","NO","YES","https://www.cashall.in/api/v1/catalog/image/vivo-v23e-5g"
"MOBILE","Vivo","vivo","Vivo V25 5G","vivo-v25-5g","128 GB","8 GB","9666","NO","YES","https://www.cashall.in/api/v1/catalog/image/vivo-v25-5g"
"MOBILE","Vivo","vivo","Vivo V25 5G","vivo-v25-5g","256 GB","12 GB","10605","NO","YES","https://www.cashall.in/api/v1/catalog/image/vivo-v25-5g"
"MOBILE","Vivo","vivo","Vivo V25 Pro 5G","vivo-v25-pro-5g","128 GB","8 GB","12191","NO","YES","https://www.cashall.in/api/v1/catalog/image/vivo-v25-pro-5g"
"MOBILE","Vivo","vivo","Vivo V25 Pro 5G","vivo-v25-pro-5g","256 GB","12 GB","12776","NO","YES","https://www.cashall.in/api/v1/catalog/image/vivo-v25-pro-5g"
"MOBILE","Vivo","vivo","Vivo V27","vivo-v27","128 GB","8 GB","15968","NO","YES","https://www.cashall.in/api/v1/catalog/image/vivo-v27"
"MOBILE","Vivo","vivo","Vivo V27","vivo-v27","256 GB","12 GB","18443","NO","YES","https://www.cashall.in/api/v1/catalog/image/vivo-v27"
"MOBILE","Vivo","vivo","Vivo V27 Pro","vivo-v27-pro","128 GB","8 GB","18079","NO","YES","https://www.cashall.in/api/v1/catalog/image/vivo-v27-pro"
"MOBILE","Vivo","vivo","Vivo V27 Pro","vivo-v27-pro","256 GB","8 GB","18715","NO","YES","https://www.cashall.in/api/v1/catalog/image/vivo-v27-pro"
"MOBILE","Vivo","vivo","Vivo V27 Pro","vivo-v27-pro","256 GB","12 GB","19240","NO","YES","https://www.cashall.in/api/v1/catalog/image/vivo-v27-pro"
"MOBILE","Vivo","vivo","Vivo V29","vivo-v29","128 GB","8 GB","17483","NO","YES","https://www.cashall.in/api/v1/catalog/image/vivo-v29"
"MOBILE","Vivo","vivo","Vivo V29","vivo-v29","256 GB","12 GB","18069","NO","YES","https://www.cashall.in/api/v1/catalog/image/vivo-v29"
"MOBILE","Vivo","vivo","Vivo V29 Pro","vivo-v29-pro","256 GB","8 GB","19493","NO","YES","https://www.cashall.in/api/v1/catalog/image/vivo-v29-pro"
"MOBILE","Vivo","vivo","Vivo V29 Pro","vivo-v29-pro","256 GB","12 GB","19887","NO","YES","https://www.cashall.in/api/v1/catalog/image/vivo-v29-pro"
"MOBILE","Vivo","vivo","Vivo V29e","vivo-v29e","128 GB","","15776","NO","YES","https://www.cashall.in/api/v1/catalog/image/vivo-v29e"
"MOBILE","Vivo","vivo","Vivo V29e","vivo-v29e","256 GB","","16756","NO","YES","https://www.cashall.in/api/v1/catalog/image/vivo-v29e"
"MOBILE","Vivo","vivo","Vivo V3 Max","vivo-v3-max","32 GB","4 GB","1576","NO","YES","https://www.cashall.in/api/v1/catalog/image/vivo-v3-max"
"MOBILE","Vivo","vivo","Vivo V30","vivo-v30","128 GB","8 GB","19109","NO","YES","https://www.cashall.in/api/v1/catalog/image/vivo-v30"
"MOBILE","Vivo","vivo","Vivo V30","vivo-v30","256 GB","8 GB","19958","NO","YES","https://www.cashall.in/api/v1/catalog/image/vivo-v30"
"MOBILE","Vivo","vivo","Vivo V30","vivo-v30","256 GB","12 GB","20170","NO","YES","https://www.cashall.in/api/v1/catalog/image/vivo-v30"
"MOBILE","Vivo","vivo","Vivo V30 Pro","vivo-v30-pro","256 GB","8 GB","21493","NO","YES","https://www.cashall.in/api/v1/catalog/image/vivo-v30-pro"
"MOBILE","Vivo","vivo","Vivo V30 Pro","vivo-v30-pro","512 GB","12 GB","22856","NO","YES","https://www.cashall.in/api/v1/catalog/image/vivo-v30-pro"
"MOBILE","Vivo","vivo","Vivo V30e","vivo-v30e","128 GB","","17645","NO","YES","https://www.cashall.in/api/v1/catalog/image/vivo-v30e"
"MOBILE","Vivo","vivo","Vivo V30e","vivo-v30e","256 GB","","18261","NO","YES","https://www.cashall.in/api/v1/catalog/image/vivo-v30e"
"MOBILE","Vivo","vivo","Vivo V40","vivo-v40","128 GB","8 GB","20291","NO","YES","https://www.cashall.in/api/v1/catalog/image/vivo-v40"
"MOBILE","Vivo","vivo","Vivo V40","vivo-v40","256 GB","8 GB","21685","NO","YES","https://www.cashall.in/api/v1/catalog/image/vivo-v40"
"MOBILE","Vivo","vivo","Vivo V40","vivo-v40","512 GB","12 GB","22048","NO","YES","https://www.cashall.in/api/v1/catalog/image/vivo-v40"
"MOBILE","Vivo","vivo","Vivo V40 Pro","vivo-v40-pro","256 GB","8 GB","25533","NO","YES","https://www.cashall.in/api/v1/catalog/image/vivo-v40-pro"
"MOBILE","Vivo","vivo","Vivo V40 Pro","vivo-v40-pro","512 GB","12 GB","27320","NO","YES","https://www.cashall.in/api/v1/catalog/image/vivo-v40-pro"
"MOBILE","Vivo","vivo","Vivo V40e","vivo-v40e","128 GB","","18584","NO","YES","https://www.cashall.in/api/v1/catalog/image/vivo-v40e"
"MOBILE","Vivo","vivo","Vivo V40e","vivo-v40e","256 GB","","18948","NO","YES","https://www.cashall.in/api/v1/catalog/image/vivo-v40e"
"MOBILE","Vivo","vivo","Vivo V5","vivo-v5","32 GB","4 GB","1576","NO","YES","https://www.cashall.in/api/v1/catalog/image/vivo-v5"
"MOBILE","Vivo","vivo","Vivo V5 Plus","vivo-v5-plus","32 GB","4 GB","2030","NO","YES","https://www.cashall.in/api/v1/catalog/image/vivo-v5-plus"
"MOBILE","Vivo","vivo","Vivo V5 Plus","vivo-v5-plus","64 GB","4 GB","2222","NO","YES","https://www.cashall.in/api/v1/catalog/image/vivo-v5-plus"
"MOBILE","Vivo","vivo","Vivo V50","vivo-v50","128 GB","8 GB","20270","YES","YES","https://www.cashall.in/api/v1/catalog/image/vivo-v50"
"MOBILE","Vivo","vivo","Vivo V50","vivo-v50","256 GB","8 GB","22800","YES","YES","https://www.cashall.in/api/v1/catalog/image/vivo-v50"
"MOBILE","Vivo","vivo","Vivo V50","vivo-v50","512 GB","12 GB","23000","YES","YES","https://www.cashall.in/api/v1/catalog/image/vivo-v50"
"MOBILE","Vivo","vivo","Vivo V50e","vivo-v50e","128 GB","8 GB","19090","YES","YES","https://www.cashall.in/api/v1/catalog/image/vivo-v50e"
"MOBILE","Vivo","vivo","Vivo V50e","vivo-v50e","256 GB","8 GB","19500","YES","YES","https://www.cashall.in/api/v1/catalog/image/vivo-v50e"
"MOBILE","Vivo","vivo","Vivo V60","vivo-v60","128 GB","8 GB","22600","YES","YES","https://www.cashall.in/api/v1/catalog/image/vivo-v60"
"MOBILE","Vivo","vivo","Vivo V60","vivo-v60","256 GB","8 GB","23900","YES","YES","https://www.cashall.in/api/v1/catalog/image/vivo-v60"
"MOBILE","Vivo","vivo","Vivo V60","vivo-v60","256 GB","12 GB","26700","YES","YES","https://www.cashall.in/api/v1/catalog/image/vivo-v60"
"MOBILE","Vivo","vivo","Vivo V60","vivo-v60","512 GB","16 GB","28270","YES","YES","https://www.cashall.in/api/v1/catalog/image/vivo-v60"
"MOBILE","Vivo","vivo","Vivo V60e","vivo-v60e","128 GB","8 GB","20000","YES","YES","https://www.cashall.in/api/v1/catalog/image/vivo-v60e"
"MOBILE","Vivo","vivo","Vivo V60e","vivo-v60e","256 GB","8 GB","21540","YES","YES","https://www.cashall.in/api/v1/catalog/image/vivo-v60e"
"MOBILE","Vivo","vivo","Vivo V60e","vivo-v60e","256 GB","12 GB","23520","YES","YES","https://www.cashall.in/api/v1/catalog/image/vivo-v60e"
"MOBILE","Vivo","vivo","Vivo V7","vivo-v7","32 GB","4 GB","2101","NO","YES","https://www.cashall.in/api/v1/catalog/image/vivo-v7"
"MOBILE","Vivo","vivo","Vivo V7 Plus","vivo-v7-plus","64 GB","4 GB","2182","NO","YES","https://www.cashall.in/api/v1/catalog/image/vivo-v7-plus"
"MOBILE","Vivo","vivo","Vivo V70","vivo-v70","256 GB","8 GB","31660","YES","YES","https://www.cashall.in/api/v1/catalog/image/vivo-v70"
"MOBILE","Vivo","vivo","Vivo V70","vivo-v70","256 GB","12 GB","34360","YES","YES","https://www.cashall.in/api/v1/catalog/image/vivo-v70"
"MOBILE","Vivo","vivo","Vivo V70 Elite","vivo-v70-elite","256 GB","8 GB","34710","YES","YES","https://www.cashall.in/api/v1/catalog/image/vivo-v70-elite"
"MOBILE","Vivo","vivo","Vivo V70 Elite","vivo-v70-elite","256 GB","12 GB","38000","YES","YES","https://www.cashall.in/api/v1/catalog/image/vivo-v70-elite"
"MOBILE","Vivo","vivo","Vivo V70 Elite","vivo-v70-elite","512 GB","12 GB","40650","YES","YES","https://www.cashall.in/api/v1/catalog/image/vivo-v70-elite"
"MOBILE","Vivo","vivo","Vivo V70 FE","vivo-v70-fe","128 GB","8 GB","23150","YES","YES","https://www.cashall.in/api/v1/catalog/image/vivo-v70-fe"
"MOBILE","Vivo","vivo","Vivo V70 FE","vivo-v70-fe","256 GB","8 GB","25700","YES","YES","https://www.cashall.in/api/v1/catalog/image/vivo-v70-fe"
"MOBILE","Vivo","vivo","Vivo V70 FE","vivo-v70-fe","256 GB","12 GB","29050","YES","YES","https://www.cashall.in/api/v1/catalog/image/vivo-v70-fe"
"MOBILE","Vivo","vivo","Vivo V9","vivo-v9","64 GB","4 GB","2788","NO","YES","https://www.cashall.in/api/v1/catalog/image/vivo-v9"
"MOBILE","Vivo","vivo","Vivo V9 Pro","vivo-v9-pro","64 GB","4 GB","3060","NO","YES","https://www.cashall.in/api/v1/catalog/image/vivo-v9-pro"
"MOBILE","Vivo","vivo","Vivo V9 Pro","vivo-v9-pro","64 GB","6 GB","3171","NO","YES","https://www.cashall.in/api/v1/catalog/image/vivo-v9-pro"
"MOBILE","Vivo","vivo","Vivo V9 Youth","vivo-v9-youth","32 GB","4 GB","2252","NO","YES","https://www.cashall.in/api/v1/catalog/image/vivo-v9-youth"
"MOBILE","Vivo","vivo","Vivo X Fold 3 Pro","vivo-x-fold-3-pro","512 GB","16 GB","60176","NO","YES","https://www.cashall.in/api/v1/catalog/image/vivo-x-fold-3-pro"
"MOBILE","Vivo","vivo","Vivo X100","vivo-x100","256 GB","12 GB","27422","NO","YES","https://www.cashall.in/api/v1/catalog/image/vivo-x100"
"MOBILE","Vivo","vivo","Vivo X100","vivo-x100","512 GB","16 GB","28209","NO","YES","https://www.cashall.in/api/v1/catalog/image/vivo-x100"
"MOBILE","Vivo","vivo","Vivo X100 Pro","vivo-x100-pro","512 GB","16 GB","32663","NO","YES","https://www.cashall.in/api/v1/catalog/image/vivo-x100-pro"
"MOBILE","Vivo","vivo","Vivo X21","vivo-x21","128 GB","6 GB","3676","NO","YES","https://www.cashall.in/api/v1/catalog/image/vivo-x21"
"MOBILE","Vivo","vivo","Vivo X50","vivo-x50","128 GB","","5777","NO","YES","https://www.cashall.in/api/v1/catalog/image/vivo-x50"
"MOBILE","Vivo","vivo","Vivo X50","vivo-x50","256 GB","","6010","NO","YES","https://www.cashall.in/api/v1/catalog/image/vivo-x50"
"MOBILE","Vivo","vivo","Vivo X50 Pro","vivo-x50-pro","256 GB","8 GB","9221","NO","YES","https://www.cashall.in/api/v1/catalog/image/vivo-x50-pro"
"MOBILE","Vivo","vivo","Vivo X60","vivo-x60","128 GB","8 GB","9595","NO","YES","https://www.cashall.in/api/v1/catalog/image/vivo-x60"
"MOBILE","Vivo","vivo","Vivo X60","vivo-x60","256 GB","12 GB","10292","NO","YES","https://www.cashall.in/api/v1/catalog/image/vivo-x60"
"MOBILE","Vivo","vivo","Vivo X60 Pro","vivo-x60-pro","256 GB","12 GB","11857","NO","YES","https://www.cashall.in/api/v1/catalog/image/vivo-x60-pro"
"MOBILE","Vivo","vivo","Vivo X60 Pro Plus","vivo-x60-pro-plus","256 GB","12 GB","13443","NO","YES","https://www.cashall.in/api/v1/catalog/image/vivo-x60-pro-plus"
"MOBILE","Vivo","vivo","Vivo X70 Pro","vivo-x70-pro","128 GB","8 GB","14423","NO","YES","https://www.cashall.in/api/v1/catalog/image/vivo-x70-pro"
"MOBILE","Vivo","vivo","Vivo X70 Pro","vivo-x70-pro","256 GB","8 GB","14988","NO","YES","https://www.cashall.in/api/v1/catalog/image/vivo-x70-pro"
"MOBILE","Vivo","vivo","Vivo X70 Pro","vivo-x70-pro","256 GB","12 GB","15988","NO","YES","https://www.cashall.in/api/v1/catalog/image/vivo-x70-pro"
"MOBILE","Vivo","vivo","Vivo X70 Pro Plus","vivo-x70-pro-plus","256 GB","12 GB","17665","NO","YES","https://www.cashall.in/api/v1/catalog/image/vivo-x70-pro-plus"
"MOBILE","Vivo","vivo","Vivo X80","vivo-x80","128 GB","8 GB","15483","NO","YES","https://www.cashall.in/api/v1/catalog/image/vivo-x80"
"MOBILE","Vivo","vivo","Vivo X80","vivo-x80","256 GB","12 GB","17018","NO","YES","https://www.cashall.in/api/v1/catalog/image/vivo-x80"
"MOBILE","Vivo","vivo","Vivo X80 Pro","vivo-x80-pro","256 GB","12 GB","20533","NO","YES","https://www.cashall.in/api/v1/catalog/image/vivo-x80-pro"
"MOBILE","Vivo","vivo","Vivo X9","vivo-x9","128 GB","","2424","NO","YES","https://www.cashall.in/api/v1/catalog/image/vivo-x9"
"MOBILE","Vivo","vivo","Vivo X9","vivo-x9","64 GB","","2272","NO","YES","https://www.cashall.in/api/v1/catalog/image/vivo-x9"
"MOBILE","Vivo","vivo","Vivo X90","vivo-x90","256 GB","8 GB","23705","NO","YES","https://www.cashall.in/api/v1/catalog/image/vivo-x90"
"MOBILE","Vivo","vivo","Vivo X90","vivo-x90","256 GB","12 GB","24492","NO","YES","https://www.cashall.in/api/v1/catalog/image/vivo-x90"
"MOBILE","Vivo","vivo","Vivo X90 Pro","vivo-x90-pro","256 GB","12 GB","28603","NO","YES","https://www.cashall.in/api/v1/catalog/image/vivo-x90-pro"
"MOBILE","Vivo","vivo","Vivo X9s","vivo-x9s","64 GB","4 GB","2353","NO","YES","https://www.cashall.in/api/v1/catalog/image/vivo-x9s"
"MOBILE","Vivo","vivo","Vivo X9s Plus","vivo-x9s-plus","64 GB","4 GB","2576","NO","YES","https://www.cashall.in/api/v1/catalog/image/vivo-x9s-plus"
"MOBILE","Vivo","vivo","Vivo Y01","vivo-y01","32 GB","2 GB","2676","NO","YES","https://www.cashall.in/api/v1/catalog/image/vivo-y01"
"MOBILE","Vivo","vivo","Vivo Y01a","vivo-y01a","32 GB","2 GB","2636","NO","YES","https://www.cashall.in/api/v1/catalog/image/vivo-y01a"
"MOBILE","Vivo","vivo","Vivo Y02","vivo-y02","32 GB","3 GB","3030","NO","YES","https://www.cashall.in/api/v1/catalog/image/vivo-y02"
"MOBILE","Vivo","vivo","Vivo Y02T","vivo-y02t","64 GB","4 GB","4757","NO","YES","https://www.cashall.in/api/v1/catalog/image/vivo-y02t"
"MOBILE","Vivo","vivo","Vivo Y100 5G","vivo-y100-5g","128 GB","8 GB","10958","NO","YES","https://www.cashall.in/api/v1/catalog/image/vivo-y100-5g"
"MOBILE","Vivo","vivo","Vivo Y100A 5G","vivo-y100a-5g","128 GB","","10777","NO","YES","https://www.cashall.in/api/v1/catalog/image/vivo-y100a-5g"
"MOBILE","Vivo","vivo","Vivo Y100A 5G","vivo-y100a-5g","256 GB","","11171","NO","YES","https://www.cashall.in/api/v1/catalog/image/vivo-y100a-5g"
"MOBILE","Vivo","vivo","Vivo Y11 2019","vivo-y11-2019","32 GB","3 GB","2828","NO","YES","https://www.cashall.in/api/v1/catalog/image/vivo-y11-2019"
"MOBILE","Vivo","vivo","Vivo Y12","vivo-y12","32 GB","4 GB","3909","NO","YES","https://www.cashall.in/api/v1/catalog/image/vivo-y12"
"MOBILE","Vivo","vivo","Vivo Y12","vivo-y12","64 GB","3 GB","3596","NO","YES","https://www.cashall.in/api/v1/catalog/image/vivo-y12"
"MOBILE","Vivo","vivo","Vivo Y12G","vivo-y12g","32 GB","3 GB","3373","NO","YES","https://www.cashall.in/api/v1/catalog/image/vivo-y12g"
"MOBILE","Vivo","vivo","Vivo Y12G","vivo-y12g","64 GB","3 GB","3757","NO","YES","https://www.cashall.in/api/v1/catalog/image/vivo-y12g"
"MOBILE","Vivo","vivo","Vivo Y12s","vivo-y12s","32 GB","3 GB","3788","NO","YES","https://www.cashall.in/api/v1/catalog/image/vivo-y12s"
"MOBILE","Vivo","vivo","Vivo Y15 2019","vivo-y15-2019","64 GB","4 GB","3808","NO","YES","https://www.cashall.in/api/v1/catalog/image/vivo-y15-2019"
"MOBILE","Vivo","vivo","Vivo Y15s 2021","vivo-y15s-2021","32 GB","3 GB","3060","NO","YES","https://www.cashall.in/api/v1/catalog/image/vivo-y15s-2021"
"MOBILE","Vivo","vivo","Vivo Y16","vivo-y16","128 GB","4 GB","4707","NO","YES","https://www.cashall.in/api/v1/catalog/image/vivo-y16"
"MOBILE","Vivo","vivo","Vivo Y16","vivo-y16","32 GB","3 GB","3646","NO","YES","https://www.cashall.in/api/v1/catalog/image/vivo-y16"
"MOBILE","Vivo","vivo","Vivo Y16","vivo-y16","64 GB","3 GB","4030","NO","YES","https://www.cashall.in/api/v1/catalog/image/vivo-y16"
"MOBILE","Vivo","vivo","Vivo Y16","vivo-y16","64 GB","4 GB","4272","NO","YES","https://www.cashall.in/api/v1/catalog/image/vivo-y16"
"MOBILE","Vivo","vivo","Vivo Y17","vivo-y17","128 GB","4 GB","4838","NO","YES","https://www.cashall.in/api/v1/catalog/image/vivo-y17"
"MOBILE","Vivo","vivo","Vivo Y17S","vivo-y17s","128 GB","4 GB","6222","NO","YES","https://www.cashall.in/api/v1/catalog/image/vivo-y17s"
"MOBILE","Vivo","vivo","Vivo Y17S","vivo-y17s","64 GB","4 GB","5747","NO","YES","https://www.cashall.in/api/v1/catalog/image/vivo-y17s"
"MOBILE","Vivo","vivo","Vivo Y18","vivo-y18","128 GB","","5343","NO","YES","https://www.cashall.in/api/v1/catalog/image/vivo-y18"
"MOBILE","Vivo","vivo","Vivo Y18","vivo-y18","64 GB","","5020","NO","YES","https://www.cashall.in/api/v1/catalog/image/vivo-y18"
"MOBILE","Vivo","vivo","Vivo Y18e","vivo-y18e","64 GB","4 GB","5020","NO","YES","https://www.cashall.in/api/v1/catalog/image/vivo-y18e"
"MOBILE","Vivo","vivo","Vivo Y18i","vivo-y18i","64 GB","4 GB","5020","NO","YES","https://www.cashall.in/api/v1/catalog/image/vivo-y18i"
"MOBILE","Vivo","vivo","Vivo Y19","vivo-y19","128 GB","4 GB","4363","NO","YES","https://www.cashall.in/api/v1/catalog/image/vivo-y19"
"MOBILE","Vivo","vivo","Vivo Y1s","vivo-y1s","32 GB","2 GB","2414","NO","YES","https://www.cashall.in/api/v1/catalog/image/vivo-y1s"
"MOBILE","Vivo","vivo","Vivo Y1s","vivo-y1s","32 GB","3 GB","2636","NO","YES","https://www.cashall.in/api/v1/catalog/image/vivo-y1s"
"MOBILE","Vivo","vivo","Vivo Y20","vivo-y20","64 GB","4 GB","4383","NO","YES","https://www.cashall.in/api/v1/catalog/image/vivo-y20"
"MOBILE","Vivo","vivo","Vivo Y20","vivo-y20","64 GB","6 GB","4616","NO","YES","https://www.cashall.in/api/v1/catalog/image/vivo-y20"
"MOBILE","Vivo","vivo","Vivo Y200 5G","vivo-y200-5g","128 GB","8 GB","12342","NO","YES","https://www.cashall.in/api/v1/catalog/image/vivo-y200-5g"
"MOBILE","Vivo","vivo","Vivo Y200 5G","vivo-y200-5g","256 GB","8 GB","13393","NO","YES","https://www.cashall.in/api/v1/catalog/image/vivo-y200-5g"
"MOBILE","Vivo","vivo","Vivo Y200 Pro 5G","vivo-y200-pro-5g","128 GB","8 GB","14211","NO","YES","https://www.cashall.in/api/v1/catalog/image/vivo-y200-pro-5g"
"MOBILE","Vivo","vivo","Vivo Y200e 5G","vivo-y200e-5g","128 GB","6 GB","11585","NO","YES","https://www.cashall.in/api/v1/catalog/image/vivo-y200e-5g"
"MOBILE","Vivo","vivo","Vivo Y200e 5G","vivo-y200e-5g","128 GB","8 GB","12181","NO","YES","https://www.cashall.in/api/v1/catalog/image/vivo-y200e-5g"
"MOBILE","Vivo","vivo","Vivo Y20A","vivo-y20a","64 GB","3 GB","3899","NO","YES","https://www.cashall.in/api/v1/catalog/image/vivo-y20a"
"MOBILE","Vivo","vivo","Vivo Y20G","vivo-y20g","128 GB","6 GB","5212","NO","YES","https://www.cashall.in/api/v1/catalog/image/vivo-y20g"
"MOBILE","Vivo","vivo","Vivo Y20G","vivo-y20g","64 GB","4 GB","4414","NO","YES","https://www.cashall.in/api/v1/catalog/image/vivo-y20g"
"MOBILE","Vivo","vivo","Vivo Y20i","vivo-y20i","64 GB","3 GB","3707","NO","YES","https://www.cashall.in/api/v1/catalog/image/vivo-y20i"
"MOBILE","Vivo","vivo","Vivo Y20T","vivo-y20t","64 GB","6 GB","4969","NO","YES","https://www.cashall.in/api/v1/catalog/image/vivo-y20t"
"MOBILE","Vivo","vivo","Vivo Y21 2021","vivo-y21-2021","128 GB","","5010","NO","YES","https://www.cashall.in/api/v1/catalog/image/vivo-y21-2021"
"MOBILE","Vivo","vivo","Vivo Y21 2021","vivo-y21-2021","64 GB","","4434","NO","YES","https://www.cashall.in/api/v1/catalog/image/vivo-y21-2021"
"MOBILE","Vivo","vivo","Vivo Y21a","vivo-y21a","64 GB","4 GB","4212","NO","YES","https://www.cashall.in/api/v1/catalog/image/vivo-y21a"
"MOBILE","Vivo","vivo","Vivo Y21e","vivo-y21e","64 GB","3 GB","4000","NO","YES","https://www.cashall.in/api/v1/catalog/image/vivo-y21e"
"MOBILE","Vivo","vivo","Vivo Y21G","vivo-y21g","64 GB","4 GB","4404","NO","YES","https://www.cashall.in/api/v1/catalog/image/vivo-y21g"
"MOBILE","Vivo","vivo","Vivo Y21T","vivo-y21t","128 GB","4 GB","4929","NO","YES","https://www.cashall.in/api/v1/catalog/image/vivo-y21t"
"MOBILE","Vivo","vivo","Vivo Y22 2022","vivo-y22-2022","128 GB","4 GB","5161","NO","YES","https://www.cashall.in/api/v1/catalog/image/vivo-y22-2022"
"MOBILE","Vivo","vivo","Vivo Y22 2022","vivo-y22-2022","128 GB","6 GB","5484","NO","YES","https://www.cashall.in/api/v1/catalog/image/vivo-y22-2022"
"MOBILE","Vivo","vivo","Vivo Y22 2022","vivo-y22-2022","64 GB","4 GB","4666","NO","YES","https://www.cashall.in/api/v1/catalog/image/vivo-y22-2022"
"MOBILE","Vivo","vivo","Vivo Y27","vivo-y27","128 GB","6 GB","7191","NO","YES","https://www.cashall.in/api/v1/catalog/image/vivo-y27"
"MOBILE","Vivo","vivo","Vivo Y28 5G","vivo-y28-5g","128 GB","4 GB","9433","NO","YES","https://www.cashall.in/api/v1/catalog/image/vivo-y28-5g"
"MOBILE","Vivo","vivo","Vivo Y28 5G","vivo-y28-5g","128 GB","6 GB","9827","NO","YES","https://www.cashall.in/api/v1/catalog/image/vivo-y28-5g"
"MOBILE","Vivo","vivo","Vivo Y28 5G","vivo-y28-5g","128 GB","8 GB","10241","NO","YES","https://www.cashall.in/api/v1/catalog/image/vivo-y28-5g"
"MOBILE","Vivo","vivo","Vivo Y28e 5G","vivo-y28e-5g","128 GB","","8514","NO","YES","https://www.cashall.in/api/v1/catalog/image/vivo-y28e-5g"
"MOBILE","Vivo","vivo","Vivo Y28e 5G","vivo-y28e-5g","64 GB","","7322","NO","YES","https://www.cashall.in/api/v1/catalog/image/vivo-y28e-5g"
"MOBILE","Vivo","vivo","Vivo Y28s 5G","vivo-y28s-5g","128 GB","4 GB","9646","NO","YES","https://www.cashall.in/api/v1/catalog/image/vivo-y28s-5g"
"MOBILE","Vivo","vivo","Vivo Y28s 5G","vivo-y28s-5g","128 GB","6 GB","9898","NO","YES","https://www.cashall.in/api/v1/catalog/image/vivo-y28s-5g"
"MOBILE","Vivo","vivo","Vivo Y28s 5G","vivo-y28s-5g","128 GB","8 GB","10100","NO","YES","https://www.cashall.in/api/v1/catalog/image/vivo-y28s-5g"
"MOBILE","Vivo","vivo","Vivo Y30","vivo-y30","128 GB","4 GB","4666","NO","YES","https://www.cashall.in/api/v1/catalog/image/vivo-y30"
"MOBILE","Vivo","vivo","Vivo Y30","vivo-y30","128 GB","6 GB","4949","NO","YES","https://www.cashall.in/api/v1/catalog/image/vivo-y30"
"MOBILE","Vivo","vivo","Vivo Y31 2021","vivo-y31-2021","128 GB","6 GB","4898","NO","YES","https://www.cashall.in/api/v1/catalog/image/vivo-y31-2021"
"MOBILE","Vivo","vivo","Vivo Y33s","vivo-y33s","128 GB","8 GB","5626","NO","YES","https://www.cashall.in/api/v1/catalog/image/vivo-y33s"
"MOBILE","Vivo","vivo","Vivo Y33T","vivo-y33t","128 GB","8 GB","5585","NO","YES","https://www.cashall.in/api/v1/catalog/image/vivo-y33t"
"MOBILE","Vivo","vivo","Vivo Y35","vivo-y35","128 GB","8 GB","5454","NO","YES","https://www.cashall.in/api/v1/catalog/image/vivo-y35"
"MOBILE","Vivo","vivo","Vivo Y36","vivo-y36","128 GB","8 GB","8282","NO","YES","https://www.cashall.in/api/v1/catalog/image/vivo-y36"
"MOBILE","Vivo","vivo","Vivo Y3s 2021","vivo-y3s-2021","32 GB","2 GB","2848","NO","YES","https://www.cashall.in/api/v1/catalog/image/vivo-y3s-2021"
"MOBILE","Vivo","vivo","Vivo Y50","vivo-y50","128 GB","8 GB","5202","NO","YES","https://www.cashall.in/api/v1/catalog/image/vivo-y50"
"MOBILE","Vivo","vivo","Vivo Y51 2020","vivo-y51-2020","128 GB","8 GB","5404","NO","YES","https://www.cashall.in/api/v1/catalog/image/vivo-y51-2020"
"MOBILE","Vivo","vivo","Vivo Y51A","vivo-y51a","128 GB","6 GB","4585","NO","YES","https://www.cashall.in/api/v1/catalog/image/vivo-y51a"
"MOBILE","Vivo","vivo","Vivo Y51A","vivo-y51a","128 GB","8 GB","4969","NO","YES","https://www.cashall.in/api/v1/catalog/image/vivo-y51a"
"MOBILE","Vivo","vivo","Vivo Y53s","vivo-y53s","128 GB","8 GB","5626","NO","YES","https://www.cashall.in/api/v1/catalog/image/vivo-y53s"
"MOBILE","Vivo","vivo","Vivo Y55s","vivo-y55s","16 GB","3 GB","1060","NO","YES","https://www.cashall.in/api/v1/catalog/image/vivo-y55s"
"MOBILE","Vivo","vivo","Vivo Y56 5G","vivo-y56-5g","128 GB","4 GB","9110","NO","YES","https://www.cashall.in/api/v1/catalog/image/vivo-y56-5g"
"MOBILE","Vivo","vivo","Vivo Y56 5G","vivo-y56-5g","128 GB","8 GB","10373","NO","YES","https://www.cashall.in/api/v1/catalog/image/vivo-y56-5g"
"MOBILE","Vivo","vivo","Vivo Y58 5G","vivo-y58-5g","128 GB","8 GB","11544","NO","YES","https://www.cashall.in/api/v1/catalog/image/vivo-y58-5g"
"MOBILE","Vivo","vivo","Vivo Y66","vivo-y66","32 GB","3 GB","1505","NO","YES","https://www.cashall.in/api/v1/catalog/image/vivo-y66"
"MOBILE","Vivo","vivo","Vivo Y69","vivo-y69","32 GB","3 GB","1545","NO","YES","https://www.cashall.in/api/v1/catalog/image/vivo-y69"
"MOBILE","Vivo","vivo","Vivo Y71","vivo-y71","16 GB","3 GB","1343","NO","YES","https://www.cashall.in/api/v1/catalog/image/vivo-y71"
"MOBILE","Vivo","vivo","Vivo Y71","vivo-y71","32 GB","3 GB","1505","NO","YES","https://www.cashall.in/api/v1/catalog/image/vivo-y71"
"MOBILE","Vivo","vivo","Vivo Y71","vivo-y71","32 GB","4 GB","1687","NO","YES","https://www.cashall.in/api/v1/catalog/image/vivo-y71"
"MOBILE","Vivo","vivo","Vivo Y71i","vivo-y71i","16 GB","2 GB","1303","NO","YES","https://www.cashall.in/api/v1/catalog/image/vivo-y71i"
"MOBILE","Vivo","vivo","Vivo Y72 5G","vivo-y72-5g","128 GB","8 GB","7838","NO","YES","https://www.cashall.in/api/v1/catalog/image/vivo-y72-5g"
"MOBILE","Vivo","vivo","Vivo Y73","vivo-y73","128 GB","8 GB","6121","NO","YES","https://www.cashall.in/api/v1/catalog/image/vivo-y73"
"MOBILE","Vivo","vivo","Vivo Y75","vivo-y75","128 GB","8 GB","6070","NO","YES","https://www.cashall.in/api/v1/catalog/image/vivo-y75"
"MOBILE","Vivo","vivo","Vivo Y75 5G","vivo-y75-5g","128 GB","8 GB","7908","NO","YES","https://www.cashall.in/api/v1/catalog/image/vivo-y75-5g"
"MOBILE","Vivo","vivo","Vivo Y81","vivo-y81","32 GB","3 GB","1798","NO","YES","https://www.cashall.in/api/v1/catalog/image/vivo-y81"
"MOBILE","Vivo","vivo","Vivo Y81","vivo-y81","32 GB","4 GB","2101","NO","YES","https://www.cashall.in/api/v1/catalog/image/vivo-y81"
"MOBILE","Vivo","vivo","Vivo Y81i","vivo-y81i","16 GB","2 GB","1303","NO","YES","https://www.cashall.in/api/v1/catalog/image/vivo-y81i"
"MOBILE","Vivo","vivo","Vivo Y83","vivo-y83","32 GB","4 GB","2283","NO","YES","https://www.cashall.in/api/v1/catalog/image/vivo-y83"
"MOBILE","Vivo","vivo","Vivo Y83 Pro","vivo-y83-pro","64 GB","4 GB","2676","NO","YES","https://www.cashall.in/api/v1/catalog/image/vivo-y83-pro"
"MOBILE","Vivo","vivo","Vivo Y90","vivo-y90","16 GB","2 GB","2030","NO","YES","https://www.cashall.in/api/v1/catalog/image/vivo-y90"
"MOBILE","Vivo","vivo","Vivo Y91","vivo-y91","32 GB","2 GB","2101","NO","YES","https://www.cashall.in/api/v1/catalog/image/vivo-y91"
"MOBILE","Vivo","vivo","Vivo Y91","vivo-y91","32 GB","3 GB","2313","NO","YES","https://www.cashall.in/api/v1/catalog/image/vivo-y91"
"MOBILE","Vivo","vivo","Vivo Y91i","vivo-y91i","16 GB","2 GB","1606","NO","YES","https://www.cashall.in/api/v1/catalog/image/vivo-y91i"
"MOBILE","Vivo","vivo","Vivo Y91i","vivo-y91i","32 GB","2 GB","1848","NO","YES","https://www.cashall.in/api/v1/catalog/image/vivo-y91i"
"MOBILE","Vivo","vivo","Vivo Y91i","vivo-y91i","32 GB","3 GB","2000","NO","YES","https://www.cashall.in/api/v1/catalog/image/vivo-y91i"
"MOBILE","Vivo","vivo","Vivo Y93","vivo-y93","32 GB","4 GB","2525","NO","YES","https://www.cashall.in/api/v1/catalog/image/vivo-y93"
"MOBILE","Vivo","vivo","Vivo Y93","vivo-y93","64 GB","3 GB","2555","NO","YES","https://www.cashall.in/api/v1/catalog/image/vivo-y93"
"MOBILE","Vivo","vivo","Vivo Y95","vivo-y95","64 GB","4 GB","3141","NO","YES","https://www.cashall.in/api/v1/catalog/image/vivo-y95"
"MOBILE","Vivo","vivo","Vivo Z1 Pro","vivo-z1-pro","128 GB","6 GB","3636","NO","YES","https://www.cashall.in/api/v1/catalog/image/vivo-z1-pro"
"MOBILE","Vivo","vivo","Vivo Z1 Pro","vivo-z1-pro","128 GB","8 GB","3979","NO","YES","https://www.cashall.in/api/v1/catalog/image/vivo-z1-pro"
"MOBILE","Vivo","vivo","Vivo Z1 Pro","vivo-z1-pro","64 GB","4 GB","3424","NO","YES","https://www.cashall.in/api/v1/catalog/image/vivo-z1-pro"
"MOBILE","Vivo","vivo","Vivo Z1 Pro","vivo-z1-pro","64 GB","6 GB","3484","NO","YES","https://www.cashall.in/api/v1/catalog/image/vivo-z1-pro"
"MOBILE","Vivo","vivo","Vivo Z10","vivo-z10","32 GB","4 GB","2525","NO","YES","https://www.cashall.in/api/v1/catalog/image/vivo-z10"
"MOBILE","Vivo","vivo","Vivo Z1x","vivo-z1x","128 GB","4 GB","3788","NO","YES","https://www.cashall.in/api/v1/catalog/image/vivo-z1x"
"MOBILE","Vivo","vivo","Vivo Z1x","vivo-z1x","128 GB","6 GB","4131","NO","YES","https://www.cashall.in/api/v1/catalog/image/vivo-z1x"
"MOBILE","Vivo","vivo","Vivo Z1x","vivo-z1x","128 GB","8 GB","4363","NO","YES","https://www.cashall.in/api/v1/catalog/image/vivo-z1x"
"MOBILE","Vivo","vivo","Vivo Z1x","vivo-z1x","64 GB","6 GB","3979","NO","YES","https://www.cashall.in/api/v1/catalog/image/vivo-z1x"
"MOBILE","Xiaomi","xiaomi","Mi 10T Pro","mi-10t-pro","128 GB","8 GB","7726","NO","YES","https://www.cashall.in/api/v1/catalog/image/mi-10t-pro"
"MOBILE","Xiaomi","xiaomi","Mi 11 Ultra","mi-11-ultra","256 GB","12 GB","17544","NO","YES","https://www.cashall.in/api/v1/catalog/image/mi-11-ultra"
"MOBILE","Xiaomi","xiaomi","Mi Mix 2","mi-mix-2","128 GB","6 GB","2868","NO","YES","https://www.cashall.in/api/v1/catalog/image/mi-mix-2"
"MOBILE","Xiaomi","xiaomi","Redmi 8","redmi-8","64 GB","4 GB","3484","NO","YES","https://www.cashall.in/api/v1/catalog/image/redmi-8"
"MOBILE","Xiaomi","xiaomi","Redmi Y1 Lite","redmi-y1-lite","16 GB","2 GB","1071","NO","YES","https://www.cashall.in/api/v1/catalog/image/redmi-y1-lite"
"MOBILE","Xiaomi","xiaomi","Xiaomi 14","xiaomi-14","128 GB","8 GB","27482","YES","YES","https://www.cashall.in/api/v1/catalog/image/xiaomi-14"
"MOBILE","Xiaomi","xiaomi","Xiaomi 14 CIVI","xiaomi-14-civi","256 GB","8 GB","18988","YES","YES","https://www.cashall.in/api/v1/catalog/image/xiaomi-14-civi"
"MOBILE","Xiaomi","xiaomi","Xiaomi 14 CIVI","xiaomi-14-civi","512 GB","12 GB","19644","YES","YES","https://www.cashall.in/api/v1/catalog/image/xiaomi-14-civi"
"MOBILE","Xiaomi","xiaomi","Xiaomi Black Shark 2","xiaomi-black-shark-2","128 GB","6 GB","5050","NO","YES","https://www.cashall.in/api/v1/catalog/image/xiaomi-black-shark-2"
"MOBILE","Xiaomi","xiaomi","Xiaomi Black Shark 2","xiaomi-black-shark-2","256 GB","12 GB","5929","NO","YES","https://www.cashall.in/api/v1/catalog/image/xiaomi-black-shark-2"
"MOBILE","Xiaomi","xiaomi","Xiaomi Mi 10i","xiaomi-mi-10i","128 GB","6 GB","7726","NO","YES","https://www.cashall.in/api/v1/catalog/image/xiaomi-mi-10i"
"MOBILE","Xiaomi","xiaomi","Xiaomi Mi 10i","xiaomi-mi-10i","128 GB","8 GB","7989","NO","YES","https://www.cashall.in/api/v1/catalog/image/xiaomi-mi-10i"
"MOBILE","Xiaomi","xiaomi","Xiaomi Mi 10i","xiaomi-mi-10i","64 GB","6 GB","6868","NO","YES","https://www.cashall.in/api/v1/catalog/image/xiaomi-mi-10i"
"MOBILE","Xiaomi","xiaomi","Xiaomi Mi 10T","xiaomi-mi-10t","128 GB","6 GB","7413","NO","YES","https://www.cashall.in/api/v1/catalog/image/xiaomi-mi-10t"
"MOBILE","Xiaomi","xiaomi","Xiaomi Mi 10T","xiaomi-mi-10t","128 GB","8 GB","7737","NO","YES","https://www.cashall.in/api/v1/catalog/image/xiaomi-mi-10t"
"MOBILE","Xiaomi","xiaomi","Xiaomi Mi 11 Lite","xiaomi-mi-11-lite","128 GB","6 GB","5787","NO","YES","https://www.cashall.in/api/v1/catalog/image/xiaomi-mi-11-lite"
"MOBILE","Xiaomi","xiaomi","Xiaomi Mi 11 Lite","xiaomi-mi-11-lite","128 GB","8 GB","6121","NO","YES","https://www.cashall.in/api/v1/catalog/image/xiaomi-mi-11-lite"
"MOBILE","Xiaomi","xiaomi","Xiaomi Mi 11X","xiaomi-mi-11x","128 GB","6 GB","7817","NO","YES","https://www.cashall.in/api/v1/catalog/image/xiaomi-mi-11x"
"MOBILE","Xiaomi","xiaomi","Xiaomi Mi 11X","xiaomi-mi-11x","128 GB","8 GB","8302","NO","YES","https://www.cashall.in/api/v1/catalog/image/xiaomi-mi-11x"
"MOBILE","Xiaomi","xiaomi","Xiaomi Mi 11X Pro","xiaomi-mi-11x-pro","128 GB","","7878","NO","YES","https://www.cashall.in/api/v1/catalog/image/xiaomi-mi-11x-pro"
"MOBILE","Xiaomi","xiaomi","Xiaomi Mi 11X Pro","xiaomi-mi-11x-pro","256 GB","","8494","NO","YES","https://www.cashall.in/api/v1/catalog/image/xiaomi-mi-11x-pro"
"MOBILE","Xiaomi","xiaomi","Xiaomi Mi A2","xiaomi-mi-a2","128 GB","6 GB","2868","NO","YES","https://www.cashall.in/api/v1/catalog/image/xiaomi-mi-a2"
"MOBILE","Xiaomi","xiaomi","Xiaomi Mi A2","xiaomi-mi-a2","64 GB","4 GB","2565","NO","YES","https://www.cashall.in/api/v1/catalog/image/xiaomi-mi-a2"
"MOBILE","Xiaomi","xiaomi","Xiaomi Mi A3","xiaomi-mi-a3","128 GB","6 GB","4394","NO","YES","https://www.cashall.in/api/v1/catalog/image/xiaomi-mi-a3"
"MOBILE","Xiaomi","xiaomi","Xiaomi Mi A3","xiaomi-mi-a3","64 GB","4 GB","4070","NO","YES","https://www.cashall.in/api/v1/catalog/image/xiaomi-mi-a3"
"MOBILE","Xiaomi","xiaomi","Xiaomi Mi Max 2","xiaomi-mi-max-2","128 GB","","2313","NO","YES","https://www.cashall.in/api/v1/catalog/image/xiaomi-mi-max-2"
"MOBILE","Xiaomi","xiaomi","Xiaomi Mi Max 2","xiaomi-mi-max-2","32 GB","","1717","NO","YES","https://www.cashall.in/api/v1/catalog/image/xiaomi-mi-max-2"
"MOBILE","Xiaomi","xiaomi","Xiaomi Mi Max 2","xiaomi-mi-max-2","64 GB","","1909","NO","YES","https://www.cashall.in/api/v1/catalog/image/xiaomi-mi-max-2"
"MOBILE","Xiaomi","xiaomi","Xiaomi Redmi 10 Power","xiaomi-redmi-10-power","128 GB","8 GB","5353","YES","YES","https://www.cashall.in/api/v1/catalog/image/xiaomi-redmi-10-power"
"MOBILE","Xiaomi","xiaomi","Xiaomi Redmi 10 Power","xiaomi-redmi-10-power","128 GB","6 GB","5353","YES","YES","https://www.cashall.in/api/v1/catalog/image/xiaomi-redmi-10-power"
"MOBILE","Xiaomi","xiaomi","Xiaomi Redmi 12 5G","xiaomi-redmi-12-5g","128 GB","4 GB","8080","YES","YES","https://www.cashall.in/api/v1/catalog/image/xiaomi-redmi-12-5g"
"MOBILE","Xiaomi","xiaomi","Xiaomi Redmi 12 5G","xiaomi-redmi-12-5g","128 GB","6 GB","9161","YES","YES","https://www.cashall.in/api/v1/catalog/image/xiaomi-redmi-12-5g"
"MOBILE","Xiaomi","xiaomi","Xiaomi Redmi 12 5G","xiaomi-redmi-12-5g","256 GB","8 GB","10221","YES","YES","https://www.cashall.in/api/v1/catalog/image/xiaomi-redmi-12-5g"
"MOBILE","Xiaomi","xiaomi","Xiaomi Redmi 13C 5G","xiaomi-redmi-13c-5g","128 GB","4 GB","7757","YES","YES","https://www.cashall.in/api/v1/catalog/image/xiaomi-redmi-13c-5g"
"MOBILE","Xiaomi","xiaomi","Xiaomi Redmi 13C 5G","xiaomi-redmi-13c-5g","128 GB","6 GB","8019","YES","YES","https://www.cashall.in/api/v1/catalog/image/xiaomi-redmi-13c-5g"
"MOBILE","Xiaomi","xiaomi","Xiaomi Redmi 13C 5G","xiaomi-redmi-13c-5g","256 GB","8 GB","8504","YES","YES","https://www.cashall.in/api/v1/catalog/image/xiaomi-redmi-13c-5g"
"MOBILE","Xiaomi","xiaomi","Xiaomi Redmi 5","xiaomi-redmi-5","16 GB","2 GB","1727","NO","YES","https://www.cashall.in/api/v1/catalog/image/xiaomi-redmi-5"
"MOBILE","Xiaomi","xiaomi","Xiaomi Redmi 5","xiaomi-redmi-5","32 GB","3 GB","1798","NO","YES","https://www.cashall.in/api/v1/catalog/image/xiaomi-redmi-5"
"MOBILE","Xiaomi","xiaomi","Xiaomi Redmi 5","xiaomi-redmi-5","64 GB","4 GB","2151","NO","YES","https://www.cashall.in/api/v1/catalog/image/xiaomi-redmi-5"
"MOBILE","Xiaomi","xiaomi","Xiaomi Redmi 5A","xiaomi-redmi-5a","16 GB","2 GB","1222","NO","YES","https://www.cashall.in/api/v1/catalog/image/xiaomi-redmi-5a"
"MOBILE","Xiaomi","xiaomi","Xiaomi Redmi 5A","xiaomi-redmi-5a","32 GB","3 GB","1374","NO","YES","https://www.cashall.in/api/v1/catalog/image/xiaomi-redmi-5a"
"MOBILE","Xiaomi","xiaomi","Xiaomi Redmi 6","xiaomi-redmi-6","32 GB","","1838","NO","YES","https://www.cashall.in/api/v1/catalog/image/xiaomi-redmi-6"
"MOBILE","Xiaomi","xiaomi","Xiaomi Redmi 6","xiaomi-redmi-6","64 GB","","1919","NO","YES","https://www.cashall.in/api/v1/catalog/image/xiaomi-redmi-6"
"MOBILE","Xiaomi","xiaomi","Xiaomi Redmi 6 pro","xiaomi-redmi-6-pro","32 GB","3 GB","2192","NO","YES","https://www.cashall.in/api/v1/catalog/image/xiaomi-redmi-6-pro"
"MOBILE","Xiaomi","xiaomi","Xiaomi Redmi 6 pro","xiaomi-redmi-6-pro","64 GB","4 GB","2333","NO","YES","https://www.cashall.in/api/v1/catalog/image/xiaomi-redmi-6-pro"
"MOBILE","Xiaomi","xiaomi","Xiaomi Redmi 6A","xiaomi-redmi-6a","16 GB","","1454","NO","YES","https://www.cashall.in/api/v1/catalog/image/xiaomi-redmi-6a"
"MOBILE","Xiaomi","xiaomi","Xiaomi Redmi 6A","xiaomi-redmi-6a","32 GB","","1606","NO","YES","https://www.cashall.in/api/v1/catalog/image/xiaomi-redmi-6a"
"MOBILE","Xiaomi","xiaomi","Xiaomi Redmi 7","xiaomi-redmi-7","16 GB","2 GB","2444","NO","YES","https://www.cashall.in/api/v1/catalog/image/xiaomi-redmi-7"
"MOBILE","Xiaomi","xiaomi","Xiaomi Redmi 7","xiaomi-redmi-7","32 GB","2 GB","2525","NO","YES","https://www.cashall.in/api/v1/catalog/image/xiaomi-redmi-7"
"MOBILE","Xiaomi","xiaomi","Xiaomi Redmi 7","xiaomi-redmi-7","32 GB","3 GB","2596","NO","YES","https://www.cashall.in/api/v1/catalog/image/xiaomi-redmi-7"
"MOBILE","Xiaomi","xiaomi","Xiaomi Redmi 7","xiaomi-redmi-7","64 GB","3 GB","2788","NO","YES","https://www.cashall.in/api/v1/catalog/image/xiaomi-redmi-7"
"MOBILE","Xiaomi","xiaomi","Xiaomi Redmi 7A","xiaomi-redmi-7a","16 GB","2 GB","1475","NO","YES","https://www.cashall.in/api/v1/catalog/image/xiaomi-redmi-7a"
"MOBILE","Xiaomi","xiaomi","Xiaomi Redmi 7A","xiaomi-redmi-7a","32 GB","3 GB","1757","NO","YES","https://www.cashall.in/api/v1/catalog/image/xiaomi-redmi-7a"
"MOBILE","Xiaomi","xiaomi","Xiaomi Redmi 7A","xiaomi-redmi-7a","32 GB","2 GB","1626","NO","YES","https://www.cashall.in/api/v1/catalog/image/xiaomi-redmi-7a"
"MOBILE","Xiaomi","xiaomi","Xiaomi Redmi 8A","xiaomi-redmi-8a","32 GB","2 GB","2374","NO","YES","https://www.cashall.in/api/v1/catalog/image/xiaomi-redmi-8a"
"MOBILE","Xiaomi","xiaomi","Xiaomi Redmi 8A","xiaomi-redmi-8a","32 GB","3 GB","2485","NO","YES","https://www.cashall.in/api/v1/catalog/image/xiaomi-redmi-8a"
"MOBILE","Xiaomi","xiaomi","Xiaomi Redmi 8A Dual","xiaomi-redmi-8a-dual","32 GB","2 GB","2808","NO","YES","https://www.cashall.in/api/v1/catalog/image/xiaomi-redmi-8a-dual"
"MOBILE","Xiaomi","xiaomi","Xiaomi Redmi 8A Dual","xiaomi-redmi-8a-dual","32 GB","3 GB","2909","NO","YES","https://www.cashall.in/api/v1/catalog/image/xiaomi-redmi-8a-dual"
"MOBILE","Xiaomi","xiaomi","Xiaomi Redmi 8A Dual","xiaomi-redmi-8a-dual","64 GB","3 GB","3141","NO","YES","https://www.cashall.in/api/v1/catalog/image/xiaomi-redmi-8a-dual"
"MOBILE","Xiaomi","xiaomi","Xiaomi Redmi 9","xiaomi-redmi-9","128 GB","","3596","NO","YES","https://www.cashall.in/api/v1/catalog/image/xiaomi-redmi-9"
"MOBILE","Xiaomi","xiaomi","Xiaomi Redmi 9","xiaomi-redmi-9","64 GB","","3212","NO","YES","https://www.cashall.in/api/v1/catalog/image/xiaomi-redmi-9"
"MOBILE","Xiaomi","xiaomi","Xiaomi Redmi 9 Power","xiaomi-redmi-9-power","128 GB","4 GB","3919","NO","YES","https://www.cashall.in/api/v1/catalog/image/xiaomi-redmi-9-power"
"MOBILE","Xiaomi","xiaomi","Xiaomi Redmi 9 Power","xiaomi-redmi-9-power","128 GB","6 GB","4272","NO","YES","https://www.cashall.in/api/v1/catalog/image/xiaomi-redmi-9-power"
"MOBILE","Xiaomi","xiaomi","Xiaomi Redmi 9 Power","xiaomi-redmi-9-power","64 GB","4 GB","3676","NO","YES","https://www.cashall.in/api/v1/catalog/image/xiaomi-redmi-9-power"
"MOBILE","Xiaomi","xiaomi","Xiaomi Redmi 9 Prime","xiaomi-redmi-9-prime","128 GB","","3939","NO","YES","https://www.cashall.in/api/v1/catalog/image/xiaomi-redmi-9-prime"
"MOBILE","Xiaomi","xiaomi","Xiaomi Redmi 9 Prime","xiaomi-redmi-9-prime","64 GB","","3777","NO","YES","https://www.cashall.in/api/v1/catalog/image/xiaomi-redmi-9-prime"
"MOBILE","Xiaomi","xiaomi","Xiaomi Redmi 9A","xiaomi-redmi-9a","32 GB","2 GB","2828","NO","YES","https://www.cashall.in/api/v1/catalog/image/xiaomi-redmi-9a"
"MOBILE","Xiaomi","xiaomi","Xiaomi Redmi 9A","xiaomi-redmi-9a","32 GB","3 GB","3101","NO","YES","https://www.cashall.in/api/v1/catalog/image/xiaomi-redmi-9a"
"MOBILE","Xiaomi","xiaomi","Xiaomi Redmi 9i","xiaomi-redmi-9i","128 GB","","3454","NO","YES","https://www.cashall.in/api/v1/catalog/image/xiaomi-redmi-9i"
"MOBILE","Xiaomi","xiaomi","Xiaomi Redmi 9i","xiaomi-redmi-9i","64 GB","","3171","NO","YES","https://www.cashall.in/api/v1/catalog/image/xiaomi-redmi-9i"
"MOBILE","Xiaomi","xiaomi","Xiaomi Redmi Go","xiaomi-redmi-go","16 GB","","1071","NO","YES","https://www.cashall.in/api/v1/catalog/image/xiaomi-redmi-go"
"MOBILE","Xiaomi","xiaomi","Xiaomi Redmi Go","xiaomi-redmi-go","8 GB","","919","NO","YES","https://www.cashall.in/api/v1/catalog/image/xiaomi-redmi-go"
"MOBILE","Xiaomi","xiaomi","Xiaomi Redmi K20","xiaomi-redmi-k20","128 GB","","5090","NO","YES","https://www.cashall.in/api/v1/catalog/image/xiaomi-redmi-k20"
"MOBILE","Xiaomi","xiaomi","Xiaomi Redmi K20","xiaomi-redmi-k20","64 GB","","4747","NO","YES","https://www.cashall.in/api/v1/catalog/image/xiaomi-redmi-k20"
"MOBILE","Xiaomi","xiaomi","Xiaomi Redmi K20 Pro","xiaomi-redmi-k20-pro","128 GB","6 GB","5969","NO","YES","https://www.cashall.in/api/v1/catalog/image/xiaomi-redmi-k20-pro"
"MOBILE","Xiaomi","xiaomi","Xiaomi Redmi K20 Pro","xiaomi-redmi-k20-pro","256 GB","8 GB","6323","NO","YES","https://www.cashall.in/api/v1/catalog/image/xiaomi-redmi-k20-pro"
"MOBILE","Xiaomi","xiaomi","Xiaomi Redmi Note 10","xiaomi-redmi-note-10","128 GB","6 GB","5070","NO","YES","https://www.cashall.in/api/v1/catalog/image/xiaomi-redmi-note-10"
"MOBILE","Xiaomi","xiaomi","Xiaomi Redmi Note 10","xiaomi-redmi-note-10","64 GB","4 GB","4515","NO","YES","https://www.cashall.in/api/v1/catalog/image/xiaomi-redmi-note-10"
"MOBILE","Xiaomi","xiaomi","Xiaomi Redmi Note 10 Pro","xiaomi-redmi-note-10-pro","128 GB","6 GB","5414","NO","YES","https://www.cashall.in/api/v1/catalog/image/xiaomi-redmi-note-10-pro"
"MOBILE","Xiaomi","xiaomi","Xiaomi Redmi Note 10 Pro","xiaomi-redmi-note-10-pro","128 GB","8 GB","5999","NO","YES","https://www.cashall.in/api/v1/catalog/image/xiaomi-redmi-note-10-pro"
"MOBILE","Xiaomi","xiaomi","Xiaomi Redmi Note 10 Pro","xiaomi-redmi-note-10-pro","64 GB","6 GB","4585","NO","YES","https://www.cashall.in/api/v1/catalog/image/xiaomi-redmi-note-10-pro"
"MOBILE","Xiaomi","xiaomi","Xiaomi Redmi Note 10 Pro Max","xiaomi-redmi-note-10-pro-max","128 GB","6 GB","5848","NO","YES","https://www.cashall.in/api/v1/catalog/image/xiaomi-redmi-note-10-pro-max"
"MOBILE","Xiaomi","xiaomi","Xiaomi Redmi Note 10 Pro Max","xiaomi-redmi-note-10-pro-max","128 GB","8 GB","6383","NO","YES","https://www.cashall.in/api/v1/catalog/image/xiaomi-redmi-note-10-pro-max"
"MOBILE","Xiaomi","xiaomi","Xiaomi Redmi Note 10 Pro Max","xiaomi-redmi-note-10-pro-max","64 GB","6 GB","5050","NO","YES","https://www.cashall.in/api/v1/catalog/image/xiaomi-redmi-note-10-pro-max"
"MOBILE","Xiaomi","xiaomi","Xiaomi Redmi Note 12 5G","xiaomi-redmi-note-12-5g","128 GB","4 GB","8807","YES","YES","https://www.cashall.in/api/v1/catalog/image/xiaomi-redmi-note-12-5g"
"MOBILE","Xiaomi","xiaomi","Xiaomi Redmi Note 12 5G","xiaomi-redmi-note-12-5g","128 GB","6 GB","9353","YES","YES","https://www.cashall.in/api/v1/catalog/image/xiaomi-redmi-note-12-5g"
"MOBILE","Xiaomi","xiaomi","Xiaomi Redmi Note 12 5G","xiaomi-redmi-note-12-5g","256 GB","8 GB","9767","YES","YES","https://www.cashall.in/api/v1/catalog/image/xiaomi-redmi-note-12-5g"
"MOBILE","Xiaomi","xiaomi","Xiaomi Redmi Note 12 Pro 5G","xiaomi-redmi-note-12-pro-5g","256 GB","8 GB","9171","YES","YES","https://www.cashall.in/api/v1/catalog/image/xiaomi-redmi-note-12-pro-5g"
"MOBILE","Xiaomi","xiaomi","Xiaomi Redmi Note 13 5G","xiaomi-redmi-note-13-5g","128 GB","6 GB","10150","YES","YES","https://www.cashall.in/api/v1/catalog/image/xiaomi-redmi-note-13-5g"
"MOBILE","Xiaomi","xiaomi","Xiaomi Redmi Note 13 5G","xiaomi-redmi-note-13-5g","256 GB","8 GB","10595","YES","YES","https://www.cashall.in/api/v1/catalog/image/xiaomi-redmi-note-13-5g"
"MOBILE","Xiaomi","xiaomi","Xiaomi Redmi Note 13 5G","xiaomi-redmi-note-13-5g","256 GB","12 GB","11019","YES","YES","https://www.cashall.in/api/v1/catalog/image/xiaomi-redmi-note-13-5g"
"MOBILE","Xiaomi","xiaomi","Xiaomi Redmi Note 13 Pro 5G","xiaomi-redmi-note-13-pro-5g","128 GB","8 GB","12746","YES","YES","https://www.cashall.in/api/v1/catalog/image/xiaomi-redmi-note-13-pro-5g"
"MOBILE","Xiaomi","xiaomi","Xiaomi Redmi Note 13 Pro 5G","xiaomi-redmi-note-13-pro-5g","256 GB","8 GB","13494","YES","YES","https://www.cashall.in/api/v1/catalog/image/xiaomi-redmi-note-13-pro-5g"
"MOBILE","Xiaomi","xiaomi","Xiaomi Redmi Note 13 Pro 5G","xiaomi-redmi-note-13-pro-5g","256 GB","12 GB","14211","YES","YES","https://www.cashall.in/api/v1/catalog/image/xiaomi-redmi-note-13-pro-5g"
"MOBILE","Xiaomi","xiaomi","Xiaomi Redmi Note 5","xiaomi-redmi-note-5","32 GB","3 GB","1798","NO","YES","https://www.cashall.in/api/v1/catalog/image/xiaomi-redmi-note-5"
"MOBILE","Xiaomi","xiaomi","Xiaomi Redmi Note 5","xiaomi-redmi-note-5","64 GB","4 GB","2161","NO","YES","https://www.cashall.in/api/v1/catalog/image/xiaomi-redmi-note-5"
"MOBILE","Xiaomi","xiaomi","Xiaomi Redmi Note 5 Pro","xiaomi-redmi-note-5-pro","64 GB","4 GB","2525","NO","YES","https://www.cashall.in/api/v1/catalog/image/xiaomi-redmi-note-5-pro"
"MOBILE","Xiaomi","xiaomi","Xiaomi Redmi Note 5 Pro","xiaomi-redmi-note-5-pro","64 GB","6 GB","2828","NO","YES","https://www.cashall.in/api/v1/catalog/image/xiaomi-redmi-note-5-pro"
"MOBILE","Xiaomi","xiaomi","Xiaomi Redmi Note 6 Pro","xiaomi-redmi-note-6-pro","64 GB","4 GB","3010","NO","YES","https://www.cashall.in/api/v1/catalog/image/xiaomi-redmi-note-6-pro"
"MOBILE","Xiaomi","xiaomi","Xiaomi Redmi Note 6 Pro","xiaomi-redmi-note-6-pro","64 GB","6 GB","3313","NO","YES","https://www.cashall.in/api/v1/catalog/image/xiaomi-redmi-note-6-pro"
"MOBILE","Xiaomi","xiaomi","Xiaomi Redmi Note 7","xiaomi-redmi-note-7","32 GB","3 GB","2687","NO","YES","https://www.cashall.in/api/v1/catalog/image/xiaomi-redmi-note-7"
"MOBILE","Xiaomi","xiaomi","Xiaomi Redmi Note 7","xiaomi-redmi-note-7","64 GB","4 GB","3323","NO","YES","https://www.cashall.in/api/v1/catalog/image/xiaomi-redmi-note-7"
"MOBILE","Xiaomi","xiaomi","Xiaomi Redmi Note 7 Pro","xiaomi-redmi-note-7-pro","128 GB","6 GB","4303","NO","YES","https://www.cashall.in/api/v1/catalog/image/xiaomi-redmi-note-7-pro"
"MOBILE","Xiaomi","xiaomi","Xiaomi Redmi Note 7 Pro","xiaomi-redmi-note-7-pro","64 GB","4 GB","3798","NO","YES","https://www.cashall.in/api/v1/catalog/image/xiaomi-redmi-note-7-pro"
"MOBILE","Xiaomi","xiaomi","Xiaomi Redmi Note 7 Pro","xiaomi-redmi-note-7-pro","64 GB","6 GB","3939","NO","YES","https://www.cashall.in/api/v1/catalog/image/xiaomi-redmi-note-7-pro"
"MOBILE","Xiaomi","xiaomi","Xiaomi Redmi Note 7S","xiaomi-redmi-note-7s","32 GB","3 GB","3444","NO","YES","https://www.cashall.in/api/v1/catalog/image/xiaomi-redmi-note-7s"
"MOBILE","Xiaomi","xiaomi","Xiaomi Redmi Note 7S","xiaomi-redmi-note-7s","64 GB","4 GB","3565","NO","YES","https://www.cashall.in/api/v1/catalog/image/xiaomi-redmi-note-7s"
"MOBILE","Xiaomi","xiaomi","Xiaomi Redmi Note 8","xiaomi-redmi-note-8","128 GB","6 GB","4252","NO","YES","https://www.cashall.in/api/v1/catalog/image/xiaomi-redmi-note-8"
"MOBILE","Xiaomi","xiaomi","Xiaomi Redmi Note 8","xiaomi-redmi-note-8","32 GB","3 GB","3596","NO","YES","https://www.cashall.in/api/v1/catalog/image/xiaomi-redmi-note-8"
"MOBILE","Xiaomi","xiaomi","Xiaomi Redmi Note 8","xiaomi-redmi-note-8","64 GB","4 GB","3949","NO","YES","https://www.cashall.in/api/v1/catalog/image/xiaomi-redmi-note-8"
"MOBILE","Xiaomi","xiaomi","Xiaomi Redmi Note 8 Pro","xiaomi-redmi-note-8-pro","128 GB","6 GB","4707","NO","YES","https://www.cashall.in/api/v1/catalog/image/xiaomi-redmi-note-8-pro"
"MOBILE","Xiaomi","xiaomi","Xiaomi Redmi Note 8 Pro","xiaomi-redmi-note-8-pro","128 GB","8 GB","5161","NO","YES","https://www.cashall.in/api/v1/catalog/image/xiaomi-redmi-note-8-pro"
"MOBILE","Xiaomi","xiaomi","Xiaomi Redmi Note 8 Pro","xiaomi-redmi-note-8-pro","64 GB","6 GB","4565","NO","YES","https://www.cashall.in/api/v1/catalog/image/xiaomi-redmi-note-8-pro"
"MOBILE","Xiaomi","xiaomi","Xiaomi Redmi Note 9","xiaomi-redmi-note-9","128 GB","4 GB","4707","NO","YES","https://www.cashall.in/api/v1/catalog/image/xiaomi-redmi-note-9"
"MOBILE","Xiaomi","xiaomi","Xiaomi Redmi Note 9","xiaomi-redmi-note-9","128 GB","6 GB","5121","NO","YES","https://www.cashall.in/api/v1/catalog/image/xiaomi-redmi-note-9"
"MOBILE","Xiaomi","xiaomi","Xiaomi Redmi Note 9","xiaomi-redmi-note-9","64 GB","4 GB","4313","NO","YES","https://www.cashall.in/api/v1/catalog/image/xiaomi-redmi-note-9"
"MOBILE","Xiaomi","xiaomi","Xiaomi Redmi Note 9 Pro","xiaomi-redmi-note-9-pro","128 GB","4 GB","5070","NO","YES","https://www.cashall.in/api/v1/catalog/image/xiaomi-redmi-note-9-pro"
"MOBILE","Xiaomi","xiaomi","Xiaomi Redmi Note 9 Pro","xiaomi-redmi-note-9-pro","128 GB","6 GB","5282","NO","YES","https://www.cashall.in/api/v1/catalog/image/xiaomi-redmi-note-9-pro"
"MOBILE","Xiaomi","xiaomi","Xiaomi Redmi Note 9 Pro","xiaomi-redmi-note-9-pro","64 GB","4 GB","4707","NO","YES","https://www.cashall.in/api/v1/catalog/image/xiaomi-redmi-note-9-pro"
"MOBILE","Xiaomi","xiaomi","Xiaomi Redmi Note 9 Pro Max","xiaomi-redmi-note-9-pro-max","128 GB","6 GB","5595","NO","YES","https://www.cashall.in/api/v1/catalog/image/xiaomi-redmi-note-9-pro-max"
"MOBILE","Xiaomi","xiaomi","Xiaomi Redmi Note 9 Pro Max","xiaomi-redmi-note-9-pro-max","128 GB","8 GB","5949","NO","YES","https://www.cashall.in/api/v1/catalog/image/xiaomi-redmi-note-9-pro-max"
"MOBILE","Xiaomi","xiaomi","Xiaomi Redmi Note 9 Pro Max","xiaomi-redmi-note-9-pro-max","64 GB","6 GB","5010","NO","YES","https://www.cashall.in/api/v1/catalog/image/xiaomi-redmi-note-9-pro-max"
"MOBILE","Xiaomi","xiaomi","Xiaomi Redmi Y1","xiaomi-redmi-y1","32 GB","3 GB","1313","NO","YES","https://www.cashall.in/api/v1/catalog/image/xiaomi-redmi-y1"
"MOBILE","Xiaomi","xiaomi","Xiaomi Redmi Y1","xiaomi-redmi-y1","64 GB","4 GB","1424","NO","YES","https://www.cashall.in/api/v1/catalog/image/xiaomi-redmi-y1"
"MOBILE","Xiaomi","xiaomi","Xiaomi Redmi Y2","xiaomi-redmi-y2","32 GB","3 GB","2161","NO","YES","https://www.cashall.in/api/v1/catalog/image/xiaomi-redmi-y2"
"MOBILE","Xiaomi","xiaomi","Xiaomi Redmi Y2","xiaomi-redmi-y2","64 GB","4 GB","2343","NO","YES","https://www.cashall.in/api/v1/catalog/image/xiaomi-redmi-y2"
"MOBILE","Xiaomi","xiaomi","Xiaomi Redmi Y3","xiaomi-redmi-y3","32 GB","3 GB","2444","NO","YES","https://www.cashall.in/api/v1/catalog/image/xiaomi-redmi-y3"
"MOBILE","Xiaomi","xiaomi","Xiaomi Redmi Y3","xiaomi-redmi-y3","64 GB","4 GB","2525","NO","YES","https://www.cashall.in/api/v1/catalog/image/xiaomi-redmi-y3"
"TABLET","Apple","apple","iPad 10.2"" 7th Gen (Wi-Fi Only)","ipad-102-7th-gen-wi-fi-only","128 GB","","12958","NO","YES","https://www.cashall.in/api/v1/catalog/image/ipad-102-7th-gen-wi-fi-only"
"TABLET","Apple","apple","iPad 10.2"" 7th Gen (Wi-Fi Only)","ipad-102-7th-gen-wi-fi-only","32 GB","","11999","NO","YES","https://www.cashall.in/api/v1/catalog/image/ipad-102-7th-gen-wi-fi-only"
"TABLET","Apple","apple","iPad 10.2"" 7th Gen (Wi-Fi+Cellular)","ipad-102-7th-gen-wi-ficellular","128 GB","","14392","NO","YES","https://www.cashall.in/api/v1/catalog/image/ipad-102-7th-gen-wi-ficellular"
"TABLET","Apple","apple","iPad 10.2"" 7th Gen (Wi-Fi+Cellular)","ipad-102-7th-gen-wi-ficellular","32 GB","","12474","NO","YES","https://www.cashall.in/api/v1/catalog/image/ipad-102-7th-gen-wi-ficellular"
"TABLET","Apple","apple","iPad 10.9 10th gen Cellular 2022","ipad-109-10th-gen-cellular-2022","256 GB","","24240","NO","YES","https://www.cashall.in/api/v1/catalog/image/ipad-109-10th-gen-cellular-2022"
"TABLET","Apple","apple","iPad 10.9 10th gen Cellular 2022","ipad-109-10th-gen-cellular-2022","64 GB","","21210","NO","YES","https://www.cashall.in/api/v1/catalog/image/ipad-109-10th-gen-cellular-2022"
"TABLET","Apple","apple","iPad 10.9 10th gen Wi Fi 2022","ipad-109-10th-gen-wi-fi-2022","256 GB","","20705","NO","YES","https://www.cashall.in/api/v1/catalog/image/ipad-109-10th-gen-wi-fi-2022"
"TABLET","Apple","apple","iPad 10.9 10th gen Wi Fi 2022","ipad-109-10th-gen-wi-fi-2022","64 GB","","17170","NO","YES","https://www.cashall.in/api/v1/catalog/image/ipad-109-10th-gen-wi-fi-2022"
"TABLET","Apple","apple","iPad 11th Gen Wifi","ipad-11th-gen-wifi","128 GB","","23230","NO","YES","https://www.cashall.in/api/v1/catalog/image/ipad-11th-gen-wifi"
"TABLET","Apple","apple","iPad 11th Gen Wifi","ipad-11th-gen-wifi","256 GB","","28280","NO","YES","https://www.cashall.in/api/v1/catalog/image/ipad-11th-gen-wifi"
"TABLET","Apple","apple","iPad 11th Gen Wifi","ipad-11th-gen-wifi","512 GB","","32825","NO","YES","https://www.cashall.in/api/v1/catalog/image/ipad-11th-gen-wifi"
"TABLET","Apple","apple","iPad 11th Gen Wifi+Cellular","ipad-11th-gen-wificellular","128 GB","","25250","NO","YES","https://www.cashall.in/api/v1/catalog/image/ipad-11th-gen-wificellular"
"TABLET","Apple","apple","iPad 11th Gen Wifi+Cellular","ipad-11th-gen-wificellular","256 GB","","33835","NO","YES","https://www.cashall.in/api/v1/catalog/image/ipad-11th-gen-wificellular"
"TABLET","Apple","apple","iPad 11th Gen Wifi+Cellular","ipad-11th-gen-wificellular","512 GB","","39390","NO","YES","https://www.cashall.in/api/v1/catalog/image/ipad-11th-gen-wificellular"
"TABLET","Apple","apple","iPad 5th Gen Cellular 2017","ipad-5th-gen-cellular-2017","128 GB","","9090","NO","YES","https://www.cashall.in/api/v1/catalog/image/ipad-5th-gen-cellular-2017"
"TABLET","Apple","apple","iPad 5th Gen Cellular 2017","ipad-5th-gen-cellular-2017","32 GB","","8080","NO","YES","https://www.cashall.in/api/v1/catalog/image/ipad-5th-gen-cellular-2017"
"TABLET","Apple","apple","iPad 5th Gen Wi Fi 2017","ipad-5th-gen-wi-fi-2017","128 GB","","8585","NO","YES","https://www.cashall.in/api/v1/catalog/image/ipad-5th-gen-wi-fi-2017"
"TABLET","Apple","apple","iPad 5th Gen Wi Fi 2017","ipad-5th-gen-wi-fi-2017","32 GB","","7575","NO","YES","https://www.cashall.in/api/v1/catalog/image/ipad-5th-gen-wi-fi-2017"
"TABLET","Apple","apple","iPad 6th Gen Cellular 2018","ipad-6th-gen-cellular-2018","128 GB","","9595","NO","YES","https://www.cashall.in/api/v1/catalog/image/ipad-6th-gen-cellular-2018"
"TABLET","Apple","apple","iPad 6th Gen Cellular 2018","ipad-6th-gen-cellular-2018","32 GB","","9090","NO","YES","https://www.cashall.in/api/v1/catalog/image/ipad-6th-gen-cellular-2018"
"TABLET","Apple","apple","iPad 6th gen Wi Fi 2018","ipad-6th-gen-wi-fi-2018","128 GB","","10100","NO","YES","https://www.cashall.in/api/v1/catalog/image/ipad-6th-gen-wi-fi-2018"
"TABLET","Apple","apple","iPad 6th gen Wi Fi 2018","ipad-6th-gen-wi-fi-2018","32 GB","","9595","NO","YES","https://www.cashall.in/api/v1/catalog/image/ipad-6th-gen-wi-fi-2018"
"TABLET","Apple","apple","iPad 7th Gen Cellular 2019","ipad-7th-gen-cellular-2019","128 GB","","11615","NO","YES","https://www.cashall.in/api/v1/catalog/image/ipad-7th-gen-cellular-2019"
"TABLET","Apple","apple","iPad 7th Gen Cellular 2019","ipad-7th-gen-cellular-2019","32 GB","","10605","NO","YES","https://www.cashall.in/api/v1/catalog/image/ipad-7th-gen-cellular-2019"
"TABLET","Apple","apple","iPad 7th Gen Wi Fi 2019","ipad-7th-gen-wi-fi-2019","128 GB","","11110","NO","YES","https://www.cashall.in/api/v1/catalog/image/ipad-7th-gen-wi-fi-2019"
"TABLET","Apple","apple","iPad 7th Gen Wi Fi 2019","ipad-7th-gen-wi-fi-2019","32 GB","","10100","NO","YES","https://www.cashall.in/api/v1/catalog/image/ipad-7th-gen-wi-fi-2019"
"TABLET","Apple","apple","iPad 8th gen Cellular 2020","ipad-8th-gen-cellular-2020","128 GB","","12120","NO","YES","https://www.cashall.in/api/v1/catalog/image/ipad-8th-gen-cellular-2020"
"TABLET","Apple","apple","iPad 8th gen Cellular 2020","ipad-8th-gen-cellular-2020","32 GB","","11110","NO","YES","https://www.cashall.in/api/v1/catalog/image/ipad-8th-gen-cellular-2020"
"TABLET","Apple","apple","iPad 8th gen Wi Fi 2020","ipad-8th-gen-wi-fi-2020","128 GB","","11110","NO","YES","https://www.cashall.in/api/v1/catalog/image/ipad-8th-gen-wi-fi-2020"
"TABLET","Apple","apple","iPad 8th gen Wi Fi 2020","ipad-8th-gen-wi-fi-2020","32 GB","","10605","NO","YES","https://www.cashall.in/api/v1/catalog/image/ipad-8th-gen-wi-fi-2020"
"TABLET","Apple","apple","iPad 9.7"" 5th Gen (Wi-Fi Only)","ipad-97-5th-gen-wi-fi-only","128 GB","","9120","NO","YES","https://www.cashall.in/api/v1/catalog/image/ipad-97-5th-gen-wi-fi-only"
"TABLET","Apple","apple","iPad 9.7"" 5th Gen (Wi-Fi Only)","ipad-97-5th-gen-wi-fi-only","32 GB","","8827","NO","YES","https://www.cashall.in/api/v1/catalog/image/ipad-97-5th-gen-wi-fi-only"
"TABLET","Apple","apple","iPad 9.7"" 5th Gen (Wi-Fi+Cellular)","ipad-97-5th-gen-wi-ficellular","128 GB","","9595","NO","YES","https://www.cashall.in/api/v1/catalog/image/ipad-97-5th-gen-wi-ficellular"
"TABLET","Apple","apple","iPad 9.7"" 5th Gen (Wi-Fi+Cellular)","ipad-97-5th-gen-wi-ficellular","32 GB","","9120","NO","YES","https://www.cashall.in/api/v1/catalog/image/ipad-97-5th-gen-wi-ficellular"
"TABLET","Apple","apple","iPad 9.7"" 6th Gen (Wi-Fi Only)","ipad-97-6th-gen-wi-fi-only","128 GB","","11039","NO","YES","https://www.cashall.in/api/v1/catalog/image/ipad-97-6th-gen-wi-fi-only"
"TABLET","Apple","apple","iPad 9.7"" 6th Gen (Wi-Fi Only)","ipad-97-6th-gen-wi-fi-only","32 GB","","10080","NO","YES","https://www.cashall.in/api/v1/catalog/image/ipad-97-6th-gen-wi-fi-only"
"TABLET","Apple","apple","iPad 9.7"" 6th Gen (Wi-Fi+Cellular)","ipad-97-6th-gen-wi-ficellular","128 GB","","12474","NO","YES","https://www.cashall.in/api/v1/catalog/image/ipad-97-6th-gen-wi-ficellular"
"TABLET","Apple","apple","iPad 9.7"" 6th Gen (Wi-Fi+Cellular)","ipad-97-6th-gen-wi-ficellular","32 GB","","11039","NO","YES","https://www.cashall.in/api/v1/catalog/image/ipad-97-6th-gen-wi-ficellular"
"TABLET","Apple","apple","iPad 9th gen Cellular 2021","ipad-9th-gen-cellular-2021","256 GB","","16160","NO","YES","https://www.cashall.in/api/v1/catalog/image/ipad-9th-gen-cellular-2021"
"TABLET","Apple","apple","iPad 9th gen Cellular 2021","ipad-9th-gen-cellular-2021","64 GB","","15150","NO","YES","https://www.cashall.in/api/v1/catalog/image/ipad-9th-gen-cellular-2021"
"TABLET","Apple","apple","iPad 9th gen Wi Fi 2021","ipad-9th-gen-wi-fi-2021","256 GB","","14645","NO","YES","https://www.cashall.in/api/v1/catalog/image/ipad-9th-gen-wi-fi-2021"
"TABLET","Apple","apple","iPad 9th gen Wi Fi 2021","ipad-9th-gen-wi-fi-2021","64 GB","","13635","NO","YES","https://www.cashall.in/api/v1/catalog/image/ipad-9th-gen-wi-fi-2021"
"TABLET","Apple","apple","iPad Air 1st Gen (Wi-Fi + Cellular)","ipad-air-1st-gen-wi-fi-cellular","128 GB","","4060","YES","YES","https://www.cashall.in/api/v1/catalog/image/ipad-air-1st-gen-wi-fi-cellular"
"TABLET","Apple","apple","iPad Air 1st Gen (Wi-Fi + Cellular)","ipad-air-1st-gen-wi-fi-cellular","16 GB","","2798","YES","YES","https://www.cashall.in/api/v1/catalog/image/ipad-air-1st-gen-wi-fi-cellular"
"TABLET","Apple","apple","iPad Air 1st Gen (Wi-Fi + Cellular)","ipad-air-1st-gen-wi-fi-cellular","32 GB","","3202","YES","YES","https://www.cashall.in/api/v1/catalog/image/ipad-air-1st-gen-wi-fi-cellular"
"TABLET","Apple","apple","iPad Air 1st Gen (Wi-Fi + Cellular)","ipad-air-1st-gen-wi-fi-cellular","64 GB","","3525","YES","YES","https://www.cashall.in/api/v1/catalog/image/ipad-air-1st-gen-wi-fi-cellular"
"TABLET","Apple","apple","iPad Air 1st Gen (Wi-Fi Only)","ipad-air-1st-gen-wi-fi-only","128 GB","","3777","YES","YES","https://www.cashall.in/api/v1/catalog/image/ipad-air-1st-gen-wi-fi-only"
"TABLET","Apple","apple","iPad Air 1st Gen (Wi-Fi Only)","ipad-air-1st-gen-wi-fi-only","16 GB","","2545","YES","YES","https://www.cashall.in/api/v1/catalog/image/ipad-air-1st-gen-wi-fi-only"
"TABLET","Apple","apple","iPad Air 1st Gen (Wi-Fi Only)","ipad-air-1st-gen-wi-fi-only","32 GB","","2778","YES","YES","https://www.cashall.in/api/v1/catalog/image/ipad-air-1st-gen-wi-fi-only"
"TABLET","Apple","apple","iPad Air 1st Gen (Wi-Fi Only)","ipad-air-1st-gen-wi-fi-only","64 GB","","3212","YES","YES","https://www.cashall.in/api/v1/catalog/image/ipad-air-1st-gen-wi-fi-only"
"TABLET","Apple","apple","iPad Air 2 Cellular 2014","ipad-air-2-cellular-2014","128 GB","","4242","YES","YES","https://www.cashall.in/api/v1/catalog/image/ipad-air-2-cellular-2014"
"TABLET","Apple","apple","iPad Air 2 Cellular 2014","ipad-air-2-cellular-2014","16 GB","","3535","YES","YES","https://www.cashall.in/api/v1/catalog/image/ipad-air-2-cellular-2014"
"TABLET","Apple","apple","iPad Air 2 Cellular 2014","ipad-air-2-cellular-2014","32 GB","","3636","YES","YES","https://www.cashall.in/api/v1/catalog/image/ipad-air-2-cellular-2014"
"TABLET","Apple","apple","iPad Air 2 Cellular 2014","ipad-air-2-cellular-2014","64 GB","","3838","YES","YES","https://www.cashall.in/api/v1/catalog/image/ipad-air-2-cellular-2014"
"TABLET","Apple","apple","iPad Air 2 Wi Fi 2014","ipad-air-2-wi-fi-2014","128 GB","","3737","YES","YES","https://www.cashall.in/api/v1/catalog/image/ipad-air-2-wi-fi-2014"
"TABLET","Apple","apple","iPad Air 2 Wi Fi 2014","ipad-air-2-wi-fi-2014","16 GB","","3232","YES","YES","https://www.cashall.in/api/v1/catalog/image/ipad-air-2-wi-fi-2014"
"TABLET","Apple","apple","iPad Air 2 Wi Fi 2014","ipad-air-2-wi-fi-2014","32 GB","","3535","YES","YES","https://www.cashall.in/api/v1/catalog/image/ipad-air-2-wi-fi-2014"
"TABLET","Apple","apple","iPad Air 2 Wi Fi 2014","ipad-air-2-wi-fi-2014","64 GB","","4040","YES","YES","https://www.cashall.in/api/v1/catalog/image/ipad-air-2-wi-fi-2014"
"TABLET","Apple","apple","iPad Air 2nd Gen (Wi-Fi + Cellular)","ipad-air-2nd-gen-wi-fi-cellular","128 GB","","5616","YES","YES","https://www.cashall.in/api/v1/catalog/image/ipad-air-2nd-gen-wi-fi-cellular"
"TABLET","Apple","apple","iPad Air 2nd Gen (Wi-Fi + Cellular)","ipad-air-2nd-gen-wi-fi-cellular","16 GB","","3586","YES","YES","https://www.cashall.in/api/v1/catalog/image/ipad-air-2nd-gen-wi-fi-cellular"
"TABLET","Apple","apple","iPad Air 2nd Gen (Wi-Fi + Cellular)","ipad-air-2nd-gen-wi-fi-cellular","32 GB","","4434","YES","YES","https://www.cashall.in/api/v1/catalog/image/ipad-air-2nd-gen-wi-fi-cellular"
"TABLET","Apple","apple","iPad Air 2nd Gen (Wi-Fi + Cellular)","ipad-air-2nd-gen-wi-fi-cellular","64 GB","","5232","YES","YES","https://www.cashall.in/api/v1/catalog/image/ipad-air-2nd-gen-wi-fi-cellular"
"TABLET","Apple","apple","iPad Air 2nd Gen (Wi-Fi Only)","ipad-air-2nd-gen-wi-fi-only","128 GB","","5151","YES","YES","https://www.cashall.in/api/v1/catalog/image/ipad-air-2nd-gen-wi-fi-only"
"TABLET","Apple","apple","iPad Air 2nd Gen (Wi-Fi Only)","ipad-air-2nd-gen-wi-fi-only","16 GB","","2919","YES","YES","https://www.cashall.in/api/v1/catalog/image/ipad-air-2nd-gen-wi-fi-only"
"TABLET","Apple","apple","iPad Air 2nd Gen (Wi-Fi Only)","ipad-air-2nd-gen-wi-fi-only","32 GB","","3161","YES","YES","https://www.cashall.in/api/v1/catalog/image/ipad-air-2nd-gen-wi-fi-only"
"TABLET","Apple","apple","iPad Air 2nd Gen (Wi-Fi Only)","ipad-air-2nd-gen-wi-fi-only","64 GB","","4434","YES","YES","https://www.cashall.in/api/v1/catalog/image/ipad-air-2nd-gen-wi-fi-only"
"TABLET","Apple","apple","iPad Air 3rd Gen (Wi-Fi + Cellular)","ipad-air-3rd-gen-wi-fi-cellular","256 GB","","17372","YES","YES","https://www.cashall.in/api/v1/catalog/image/ipad-air-3rd-gen-wi-fi-cellular"
"TABLET","Apple","apple","iPad Air 3rd Gen (Wi-Fi + Cellular)","ipad-air-3rd-gen-wi-fi-cellular","64 GB","","14494","YES","YES","https://www.cashall.in/api/v1/catalog/image/ipad-air-3rd-gen-wi-fi-cellular"
"TABLET","Apple","apple","iPad Air 3rd Gen (Wi-Fi Only)","ipad-air-3rd-gen-wi-fi-only","256 GB","","16221","YES","YES","https://www.cashall.in/api/v1/catalog/image/ipad-air-3rd-gen-wi-fi-only"
"TABLET","Apple","apple","iPad Air 3rd Gen (Wi-Fi Only)","ipad-air-3rd-gen-wi-fi-only","64 GB","","13342","YES","YES","https://www.cashall.in/api/v1/catalog/image/ipad-air-3rd-gen-wi-fi-only"
"TABLET","Apple","apple","iPad Air 4th Gen (Wi-Fi + Cellular)","ipad-air-4th-gen-wi-fi-cellular","256 GB","","21786","YES","YES","https://www.cashall.in/api/v1/catalog/image/ipad-air-4th-gen-wi-fi-cellular"
"TABLET","Apple","apple","iPad Air 4th Gen (Wi-Fi + Cellular)","ipad-air-4th-gen-wi-fi-cellular","64 GB","","20917","YES","YES","https://www.cashall.in/api/v1/catalog/image/ipad-air-4th-gen-wi-fi-cellular"
"TABLET","Apple","apple","iPad Air 4th Gen (Wi-Fi Only)","ipad-air-4th-gen-wi-fi-only","256 GB","","20826","YES","YES","https://www.cashall.in/api/v1/catalog/image/ipad-air-4th-gen-wi-fi-only"
"TABLET","Apple","apple","iPad Air 4th Gen (Wi-Fi Only)","ipad-air-4th-gen-wi-fi-only","64 GB","","19867","YES","YES","https://www.cashall.in/api/v1/catalog/image/ipad-air-4th-gen-wi-fi-only"
"TABLET","Apple","apple","iPad Air 5th gen Cellular 2022","ipad-air-5th-gen-cellular-2022","256 GB","","31815","YES","YES","https://www.cashall.in/api/v1/catalog/image/ipad-air-5th-gen-cellular-2022"
"TABLET","Apple","apple","iPad Air 5th gen Cellular 2022","ipad-air-5th-gen-cellular-2022","64 GB","","29088","YES","YES","https://www.cashall.in/api/v1/catalog/image/ipad-air-5th-gen-cellular-2022"
"TABLET","Apple","apple","iPad Air 5th gen Wi Fi 2022","ipad-air-5th-gen-wi-fi-2022","256 GB","","25755","YES","YES","https://www.cashall.in/api/v1/catalog/image/ipad-air-5th-gen-wi-fi-2022"
"TABLET","Apple","apple","iPad Air 5th gen Wi Fi 2022","ipad-air-5th-gen-wi-fi-2022","64 GB","","23735","YES","YES","https://www.cashall.in/api/v1/catalog/image/ipad-air-5th-gen-wi-fi-2022"
"TABLET","Apple","apple","iPad Air Cellular 2013","ipad-air-cellular-2013","128 GB","","3535","YES","YES","https://www.cashall.in/api/v1/catalog/image/ipad-air-cellular-2013"
"TABLET","Apple","apple","iPad Air Cellular 2013","ipad-air-cellular-2013","16 GB","","3030","YES","YES","https://www.cashall.in/api/v1/catalog/image/ipad-air-cellular-2013"
"TABLET","Apple","apple","iPad Air Cellular 2013","ipad-air-cellular-2013","32 GB","","3232","YES","YES","https://www.cashall.in/api/v1/catalog/image/ipad-air-cellular-2013"
"TABLET","Apple","apple","iPad Air Cellular 2013","ipad-air-cellular-2013","64 GB","","3333","YES","YES","https://www.cashall.in/api/v1/catalog/image/ipad-air-cellular-2013"
"TABLET","Apple","apple","iPad Air M2 11 inch wifi","ipad-air-m2-11-inch-wifi","1 TB","","43430","YES","YES","https://www.cashall.in/api/v1/catalog/image/ipad-air-m2-11-inch-wifi"
"TABLET","Apple","apple","iPad Air M2 11 inch wifi","ipad-air-m2-11-inch-wifi","128 GB","","34340","YES","YES","https://www.cashall.in/api/v1/catalog/image/ipad-air-m2-11-inch-wifi"
"TABLET","Apple","apple","iPad Air M2 11 inch wifi","ipad-air-m2-11-inch-wifi","256 GB","","37370","YES","YES","https://www.cashall.in/api/v1/catalog/image/ipad-air-m2-11-inch-wifi"
"TABLET","Apple","apple","iPad Air M2 11 inch wifi","ipad-air-m2-11-inch-wifi","512 GB","","40400","YES","YES","https://www.cashall.in/api/v1/catalog/image/ipad-air-m2-11-inch-wifi"
"TABLET","Apple","apple","iPad Air M2 11 inch wifi+Cellular","ipad-air-m2-11-inch-wificellular","1 TB","","49490","YES","YES","https://www.cashall.in/api/v1/catalog/image/ipad-air-m2-11-inch-wificellular"
"TABLET","Apple","apple","iPad Air M2 11 inch wifi+Cellular","ipad-air-m2-11-inch-wificellular","128 GB","","41410","YES","YES","https://www.cashall.in/api/v1/catalog/image/ipad-air-m2-11-inch-wificellular"
"TABLET","Apple","apple","iPad Air M2 11 inch wifi+Cellular","ipad-air-m2-11-inch-wificellular","256 GB","","43430","YES","YES","https://www.cashall.in/api/v1/catalog/image/ipad-air-m2-11-inch-wificellular"
"TABLET","Apple","apple","iPad Air M2 11 inch wifi+Cellular","ipad-air-m2-11-inch-wificellular","512 GB","","46460","YES","YES","https://www.cashall.in/api/v1/catalog/image/ipad-air-m2-11-inch-wificellular"
"TABLET","Apple","apple","iPad Air M2 11"" (Wi-Fi + Cellular)","ipad-air-m2-11-wi-fi-cellular","1 TB","","47016","YES","YES","https://www.cashall.in/api/v1/catalog/image/ipad-air-m2-11-wi-fi-cellular"
"TABLET","Apple","apple","iPad Air M2 11"" (Wi-Fi + Cellular)","ipad-air-m2-11-wi-fi-cellular","128 GB","","39148","YES","YES","https://www.cashall.in/api/v1/catalog/image/ipad-air-m2-11-wi-fi-cellular"
"TABLET","Apple","apple","iPad Air M2 11"" (Wi-Fi + Cellular)","ipad-air-m2-11-wi-fi-cellular","256 GB","","40976","YES","YES","https://www.cashall.in/api/v1/catalog/image/ipad-air-m2-11-wi-fi-cellular"
"TABLET","Apple","apple","iPad Air M2 11"" (Wi-Fi + Cellular)","ipad-air-m2-11-wi-fi-cellular","512 GB","","43087","YES","YES","https://www.cashall.in/api/v1/catalog/image/ipad-air-m2-11-wi-fi-cellular"
"TABLET","Apple","apple","iPad Air M2 11"" (Wi-Fi Only)","ipad-air-m2-11-wi-fi-only","1 TB","","39148","YES","YES","https://www.cashall.in/api/v1/catalog/image/ipad-air-m2-11-wi-fi-only"
"TABLET","Apple","apple","iPad Air M2 11"" (Wi-Fi Only)","ipad-air-m2-11-wi-fi-only","128 GB","","30997","YES","YES","https://www.cashall.in/api/v1/catalog/image/ipad-air-m2-11-wi-fi-only"
"TABLET","Apple","apple","iPad Air M2 11"" (Wi-Fi Only)","ipad-air-m2-11-wi-fi-only","256 GB","","33875","YES","YES","https://www.cashall.in/api/v1/catalog/image/ipad-air-m2-11-wi-fi-only"
"TABLET","Apple","apple","iPad Air M2 11"" (Wi-Fi Only)","ipad-air-m2-11-wi-fi-only","512 GB","","36178","YES","YES","https://www.cashall.in/api/v1/catalog/image/ipad-air-m2-11-wi-fi-only"
"TABLET","Apple","apple","iPad Air M2 13 inch wifi","ipad-air-m2-13-inch-wifi","1 TB","","52520","YES","YES","https://www.cashall.in/api/v1/catalog/image/ipad-air-m2-13-inch-wifi"
"TABLET","Apple","apple","iPad Air M2 13 inch wifi","ipad-air-m2-13-inch-wifi","128 GB","","42420","YES","YES","https://www.cashall.in/api/v1/catalog/image/ipad-air-m2-13-inch-wifi"
"TABLET","Apple","apple","iPad Air M2 13 inch wifi","ipad-air-m2-13-inch-wifi","256 GB","","46056","YES","YES","https://www.cashall.in/api/v1/catalog/image/ipad-air-m2-13-inch-wifi"
"TABLET","Apple","apple","iPad Air M2 13 inch wifi","ipad-air-m2-13-inch-wifi","512 GB","","50500","YES","YES","https://www.cashall.in/api/v1/catalog/image/ipad-air-m2-13-inch-wifi"
"TABLET","Apple","apple","iPad Air M2 13 inch wifi+Cellular","ipad-air-m2-13-inch-wificellular","1 TB","","61610","YES","YES","https://www.cashall.in/api/v1/catalog/image/ipad-air-m2-13-inch-wificellular"
"TABLET","Apple","apple","iPad Air M2 13 inch wifi+Cellular","ipad-air-m2-13-inch-wificellular","128 GB","","55550","YES","YES","https://www.cashall.in/api/v1/catalog/image/ipad-air-m2-13-inch-wificellular"
"TABLET","Apple","apple","iPad Air M2 13 inch wifi+Cellular","ipad-air-m2-13-inch-wificellular","256 GB","","58580","YES","YES","https://www.cashall.in/api/v1/catalog/image/ipad-air-m2-13-inch-wificellular"
"TABLET","Apple","apple","iPad Air M2 13 inch wifi+Cellular","ipad-air-m2-13-inch-wificellular","512 GB","","60095","YES","YES","https://www.cashall.in/api/v1/catalog/image/ipad-air-m2-13-inch-wificellular"
"TABLET","Apple","apple","iPad Air M2 13"" (Wi-Fi + Cellular)","ipad-air-m2-13-wi-fi-cellular","1 TB","","58439","YES","YES","https://www.cashall.in/api/v1/catalog/image/ipad-air-m2-13-wi-fi-cellular"
"TABLET","Apple","apple","iPad Air M2 13"" (Wi-Fi + Cellular)","ipad-air-m2-13-wi-fi-cellular","128 GB","","51813","YES","YES","https://www.cashall.in/api/v1/catalog/image/ipad-air-m2-13-wi-fi-cellular"
"TABLET","Apple","apple","iPad Air M2 13"" (Wi-Fi + Cellular)","ipad-air-m2-13-wi-fi-cellular","256 GB","","55459","YES","YES","https://www.cashall.in/api/v1/catalog/image/ipad-air-m2-13-wi-fi-cellular"
"TABLET","Apple","apple","iPad Air M2 13"" (Wi-Fi + Cellular)","ipad-air-m2-13-wi-fi-cellular","512 GB","","56802","YES","YES","https://www.cashall.in/api/v1/catalog/image/ipad-air-m2-13-wi-fi-cellular"
"TABLET","Apple","apple","iPad Air M2 13"" (Wi-Fi Only)","ipad-air-m2-13-wi-fi-only","1 TB","","49894","YES","YES","https://www.cashall.in/api/v1/catalog/image/ipad-air-m2-13-wi-fi-only"
"TABLET","Apple","apple","iPad Air M2 13"" (Wi-Fi Only)","ipad-air-m2-13-wi-fi-only","128 GB","","40784","YES","YES","https://www.cashall.in/api/v1/catalog/image/ipad-air-m2-13-wi-fi-only"
"TABLET","Apple","apple","iPad Air M2 13"" (Wi-Fi Only)","ipad-air-m2-13-wi-fi-only","256 GB","","43470","YES","YES","https://www.cashall.in/api/v1/catalog/image/ipad-air-m2-13-wi-fi-only"
"TABLET","Apple","apple","iPad Air M2 13"" (Wi-Fi Only)","ipad-air-m2-13-wi-fi-only","512 GB","","47399","YES","YES","https://www.cashall.in/api/v1/catalog/image/ipad-air-m2-13-wi-fi-only"
"TABLET","Apple","apple","iPad Air M3 11 inch wifi","ipad-air-m3-11-inch-wifi","1 TB","","55550","YES","YES","https://www.cashall.in/api/v1/catalog/image/ipad-air-m3-11-inch-wifi"
"TABLET","Apple","apple","iPad Air M3 11 inch wifi","ipad-air-m3-11-inch-wifi","128 GB","","38380","YES","YES","https://www.cashall.in/api/v1/catalog/image/ipad-air-m3-11-inch-wifi"
"TABLET","Apple","apple","iPad Air M3 11 inch wifi","ipad-air-m3-11-inch-wifi","256 GB","","43430","YES","YES","https://www.cashall.in/api/v1/catalog/image/ipad-air-m3-11-inch-wifi"
"TABLET","Apple","apple","iPad Air M3 11 inch wifi","ipad-air-m3-11-inch-wifi","512 GB","","48480","YES","YES","https://www.cashall.in/api/v1/catalog/image/ipad-air-m3-11-inch-wifi"
"TABLET","Apple","apple","iPad Air M3 11 inch wifi+Cellular","ipad-air-m3-11-inch-wificellular","1 TB","","64640","YES","YES","https://www.cashall.in/api/v1/catalog/image/ipad-air-m3-11-inch-wificellular"
"TABLET","Apple","apple","iPad Air M3 11 inch wifi+Cellular","ipad-air-m3-11-inch-wificellular","128 GB","","48783","YES","YES","https://www.cashall.in/api/v1/catalog/image/ipad-air-m3-11-inch-wificellular"
"TABLET","Apple","apple","iPad Air M3 11 inch wifi+Cellular","ipad-air-m3-11-inch-wificellular","256 GB","","52520","YES","YES","https://www.cashall.in/api/v1/catalog/image/ipad-air-m3-11-inch-wificellular"
"TABLET","Apple","apple","iPad Air M3 11 inch wifi+Cellular","ipad-air-m3-11-inch-wificellular","512 GB","","58075","YES","YES","https://www.cashall.in/api/v1/catalog/image/ipad-air-m3-11-inch-wificellular"
"TABLET","Apple","apple","iPad Air M3 13 inch wifi","ipad-air-m3-13-inch-wifi","1 TB","","68680","YES","YES","https://www.cashall.in/api/v1/catalog/image/ipad-air-m3-13-inch-wifi"
"TABLET","Apple","apple","iPad Air M3 13 inch wifi","ipad-air-m3-13-inch-wifi","128 GB","","50500","YES","YES","https://www.cashall.in/api/v1/catalog/image/ipad-air-m3-13-inch-wifi"
"TABLET","Apple","apple","iPad Air M3 13 inch wifi","ipad-air-m3-13-inch-wifi","256 GB","","52520","YES","YES","https://www.cashall.in/api/v1/catalog/image/ipad-air-m3-13-inch-wifi"
"TABLET","Apple","apple","iPad Air M3 13 inch wifi","ipad-air-m3-13-inch-wifi","512 GB","","62620","YES","YES","https://www.cashall.in/api/v1/catalog/image/ipad-air-m3-13-inch-wifi"
"TABLET","Apple","apple","iPad Air M3 13 inch wifi+Cellular","ipad-air-m3-13-inch-wificellular","1 TB","","77770","YES","YES","https://www.cashall.in/api/v1/catalog/image/ipad-air-m3-13-inch-wificellular"
"TABLET","Apple","apple","iPad Air M3 13 inch wifi+Cellular","ipad-air-m3-13-inch-wificellular","128 GB","","61610","YES","YES","https://www.cashall.in/api/v1/catalog/image/ipad-air-m3-13-inch-wificellular"
"TABLET","Apple","apple","iPad Air M3 13 inch wifi+Cellular","ipad-air-m3-13-inch-wificellular","256 GB","","64640","YES","YES","https://www.cashall.in/api/v1/catalog/image/ipad-air-m3-13-inch-wificellular"
"TABLET","Apple","apple","iPad Air M3 13 inch wifi+Cellular","ipad-air-m3-13-inch-wificellular","512 GB","","71710","YES","YES","https://www.cashall.in/api/v1/catalog/image/ipad-air-m3-13-inch-wificellular"
"TABLET","Apple","apple","iPad Air M4 11 Inch Cellular","ipad-air-m4-11-inch-cellular","1 TB","12 GB","77770","YES","YES","https://www.cashall.in/api/v1/catalog/image/ipad-air-m4-11-inch-cellular"
"TABLET","Apple","apple","iPad Air M4 11 Inch Cellular","ipad-air-m4-11-inch-cellular","128 GB","12 GB","51510","YES","YES","https://www.cashall.in/api/v1/catalog/image/ipad-air-m4-11-inch-cellular"
"TABLET","Apple","apple","iPad Air M4 11 Inch Cellular","ipad-air-m4-11-inch-cellular","256 GB","12 GB","56560","YES","YES","https://www.cashall.in/api/v1/catalog/image/ipad-air-m4-11-inch-cellular"
"TABLET","Apple","apple","iPad Air M4 11 Inch Cellular","ipad-air-m4-11-inch-cellular","512 GB","12 GB","66660","YES","YES","https://www.cashall.in/api/v1/catalog/image/ipad-air-m4-11-inch-cellular"
"TABLET","Apple","apple","iPad Air M4 11 Inch Wifi","ipad-air-m4-11-inch-wifi","1 TB","12 GB","71710","YES","YES","https://www.cashall.in/api/v1/catalog/image/ipad-air-m4-11-inch-wifi"
"TABLET","Apple","apple","iPad Air M4 11 Inch Wifi","ipad-air-m4-11-inch-wifi","128 GB","12 GB","45450","YES","YES","https://www.cashall.in/api/v1/catalog/image/ipad-air-m4-11-inch-wifi"
"TABLET","Apple","apple","iPad Air M4 11 Inch Wifi","ipad-air-m4-11-inch-wifi","256 GB","12 GB","50500","YES","YES","https://www.cashall.in/api/v1/catalog/image/ipad-air-m4-11-inch-wifi"
"TABLET","Apple","apple","iPad Air M4 11 Inch Wifi","ipad-air-m4-11-inch-wifi","512 GB","12 GB","59590","YES","YES","https://www.cashall.in/api/v1/catalog/image/ipad-air-m4-11-inch-wifi"
"TABLET","Apple","apple","iPad Air M4 13 Inch Cellular","ipad-air-m4-13-inch-cellular","1 TB","12 GB","91910","YES","YES","https://www.cashall.in/api/v1/catalog/image/ipad-air-m4-13-inch-cellular"
"TABLET","Apple","apple","iPad Air M4 13 Inch Cellular","ipad-air-m4-13-inch-cellular","128 GB","12 GB","68680","YES","YES","https://www.cashall.in/api/v1/catalog/image/ipad-air-m4-13-inch-cellular"
"TABLET","Apple","apple","iPad Air M4 13 Inch Cellular","ipad-air-m4-13-inch-cellular","256 GB","12 GB","73730","YES","YES","https://www.cashall.in/api/v1/catalog/image/ipad-air-m4-13-inch-cellular"
"TABLET","Apple","apple","iPad Air M4 13 Inch Cellular","ipad-air-m4-13-inch-cellular","512 GB","12 GB","80800","YES","YES","https://www.cashall.in/api/v1/catalog/image/ipad-air-m4-13-inch-cellular"
"TABLET","Apple","apple","iPad Air M4 13 Inch Wifi","ipad-air-m4-13-inch-wifi","1 TB","12 GB","77770","YES","YES","https://www.cashall.in/api/v1/catalog/image/ipad-air-m4-13-inch-wifi"
"TABLET","Apple","apple","iPad Air M4 13 Inch Wifi","ipad-air-m4-13-inch-wifi","128 GB","12 GB","55045","YES","YES","https://www.cashall.in/api/v1/catalog/image/ipad-air-m4-13-inch-wifi"
"TABLET","Apple","apple","iPad Air M4 13 Inch Wifi","ipad-air-m4-13-inch-wifi","256 GB","12 GB","58580","YES","YES","https://www.cashall.in/api/v1/catalog/image/ipad-air-m4-13-inch-wifi"
"TABLET","Apple","apple","iPad Air M4 13 Inch Wifi","ipad-air-m4-13-inch-wifi","512 GB","12 GB","68175","YES","YES","https://www.cashall.in/api/v1/catalog/image/ipad-air-m4-13-inch-wifi"
"TABLET","Apple","apple","iPad Air Wi Fi 2013","ipad-air-wi-fi-2013","128 GB","","2525","YES","YES","https://www.cashall.in/api/v1/catalog/image/ipad-air-wi-fi-2013"
"TABLET","Apple","apple","iPad Air Wi Fi 2013","ipad-air-wi-fi-2013","16 GB","","2222","YES","YES","https://www.cashall.in/api/v1/catalog/image/ipad-air-wi-fi-2013"
"TABLET","Apple","apple","iPad Air Wi Fi 2013","ipad-air-wi-fi-2013","32 GB","","2323","YES","YES","https://www.cashall.in/api/v1/catalog/image/ipad-air-wi-fi-2013"
"TABLET","Apple","apple","iPad Air Wi Fi 2013","ipad-air-wi-fi-2013","64 GB","","2424","YES","YES","https://www.cashall.in/api/v1/catalog/image/ipad-air-wi-fi-2013"
"TABLET","Apple","apple","iPad Mini 1st Gen (Wi-Fi + Cellular)","ipad-mini-1st-gen-wi-fi-cellular","16 GB","","1424","NO","YES","https://www.cashall.in/api/v1/catalog/image/ipad-mini-1st-gen-wi-fi-cellular"
"TABLET","Apple","apple","iPad Mini 1st Gen (Wi-Fi + Cellular)","ipad-mini-1st-gen-wi-fi-cellular","32 GB","","1879","NO","YES","https://www.cashall.in/api/v1/catalog/image/ipad-mini-1st-gen-wi-fi-cellular"
"TABLET","Apple","apple","iPad Mini 1st Gen (Wi-Fi + Cellular)","ipad-mini-1st-gen-wi-fi-cellular","64 GB","","1970","NO","YES","https://www.cashall.in/api/v1/catalog/image/ipad-mini-1st-gen-wi-fi-cellular"
"TABLET","Apple","apple","iPad Mini 1st Gen (Wi-Fi Only)","ipad-mini-1st-gen-wi-fi-only","16 GB","","1273","NO","YES","https://www.cashall.in/api/v1/catalog/image/ipad-mini-1st-gen-wi-fi-only"
"TABLET","Apple","apple","iPad Mini 1st Gen (Wi-Fi Only)","ipad-mini-1st-gen-wi-fi-only","32 GB","","1475","NO","YES","https://www.cashall.in/api/v1/catalog/image/ipad-mini-1st-gen-wi-fi-only"
"TABLET","Apple","apple","iPad Mini 1st Gen (Wi-Fi Only)","ipad-mini-1st-gen-wi-fi-only","64 GB","","1656","NO","YES","https://www.cashall.in/api/v1/catalog/image/ipad-mini-1st-gen-wi-fi-only"
"TABLET","Apple","apple","iPad Mini 2 Cellular 2013","ipad-mini-2-cellular-2013","128 GB","","2020","NO","YES","https://www.cashall.in/api/v1/catalog/image/ipad-mini-2-cellular-2013"
"TABLET","Apple","apple","iPad Mini 2 Cellular 2013","ipad-mini-2-cellular-2013","16 GB","","1768","NO","YES","https://www.cashall.in/api/v1/catalog/image/ipad-mini-2-cellular-2013"
"TABLET","Apple","apple","iPad Mini 2 Cellular 2013","ipad-mini-2-cellular-2013","32 GB","","1818","NO","YES","https://www.cashall.in/api/v1/catalog/image/ipad-mini-2-cellular-2013"
"TABLET","Apple","apple","iPad Mini 2 Cellular 2013","ipad-mini-2-cellular-2013","64 GB","","1919","NO","YES","https://www.cashall.in/api/v1/catalog/image/ipad-mini-2-cellular-2013"
"TABLET","Apple","apple","iPad Mini 2 Wi Fi 2013","ipad-mini-2-wi-fi-2013","128 GB","","1616","NO","YES","https://www.cashall.in/api/v1/catalog/image/ipad-mini-2-wi-fi-2013"
"TABLET","Apple","apple","iPad Mini 2 Wi Fi 2013","ipad-mini-2-wi-fi-2013","16 GB","","1717","NO","YES","https://www.cashall.in/api/v1/catalog/image/ipad-mini-2-wi-fi-2013"
"TABLET","Apple","apple","iPad Mini 2 Wi Fi 2013","ipad-mini-2-wi-fi-2013","32 GB","","1818","NO","YES","https://www.cashall.in/api/v1/catalog/image/ipad-mini-2-wi-fi-2013"
"TABLET","Apple","apple","iPad Mini 2 Wi Fi 2013","ipad-mini-2-wi-fi-2013","64 GB","","1919","NO","YES","https://www.cashall.in/api/v1/catalog/image/ipad-mini-2-wi-fi-2013"
"TABLET","Apple","apple","iPad Mini 2nd Gen (Wi-Fi + Cellular)","ipad-mini-2nd-gen-wi-fi-cellular","128 GB","","3505","NO","YES","https://www.cashall.in/api/v1/catalog/image/ipad-mini-2nd-gen-wi-fi-cellular"
"TABLET","Apple","apple","iPad Mini 2nd Gen (Wi-Fi + Cellular)","ipad-mini-2nd-gen-wi-fi-cellular","16 GB","","2333","NO","YES","https://www.cashall.in/api/v1/catalog/image/ipad-mini-2nd-gen-wi-fi-cellular"
"TABLET","Apple","apple","iPad Mini 2nd Gen (Wi-Fi + Cellular)","ipad-mini-2nd-gen-wi-fi-cellular","32 GB","","2545","NO","YES","https://www.cashall.in/api/v1/catalog/image/ipad-mini-2nd-gen-wi-fi-cellular"
"TABLET","Apple","apple","iPad Mini 2nd Gen (Wi-Fi + Cellular)","ipad-mini-2nd-gen-wi-fi-cellular","64 GB","","3141","NO","YES","https://www.cashall.in/api/v1/catalog/image/ipad-mini-2nd-gen-wi-fi-cellular"
"TABLET","Apple","apple","iPad Mini 2nd Gen (Wi-Fi Only)","ipad-mini-2nd-gen-wi-fi-only","128 GB","","2959","NO","YES","https://www.cashall.in/api/v1/catalog/image/ipad-mini-2nd-gen-wi-fi-only"
"TABLET","Apple","apple","iPad Mini 2nd Gen (Wi-Fi Only)","ipad-mini-2nd-gen-wi-fi-only","16 GB","","2121","NO","YES","https://www.cashall.in/api/v1/catalog/image/ipad-mini-2nd-gen-wi-fi-only"
"TABLET","Apple","apple","iPad Mini 2nd Gen (Wi-Fi Only)","ipad-mini-2nd-gen-wi-fi-only","32 GB","","2070","NO","YES","https://www.cashall.in/api/v1/catalog/image/ipad-mini-2nd-gen-wi-fi-only"
"TABLET","Apple","apple","iPad Mini 2nd Gen (Wi-Fi Only)","ipad-mini-2nd-gen-wi-fi-only","64 GB","","2687","NO","YES","https://www.cashall.in/api/v1/catalog/image/ipad-mini-2nd-gen-wi-fi-only"
"TABLET","Apple","apple","iPad Mini 3 Cellular 2014","ipad-mini-3-cellular-2014","128 GB","","3535","NO","YES","https://www.cashall.in/api/v1/catalog/image/ipad-mini-3-cellular-2014"
"TABLET","Apple","apple","iPad Mini 3 Cellular 2014","ipad-mini-3-cellular-2014","16 GB","","2020","NO","YES","https://www.cashall.in/api/v1/catalog/image/ipad-mini-3-cellular-2014"
"TABLET","Apple","apple","iPad Mini 3 Cellular 2014","ipad-mini-3-cellular-2014","64 GB","","3030","NO","YES","https://www.cashall.in/api/v1/catalog/image/ipad-mini-3-cellular-2014"
"TABLET","Apple","apple","iPad Mini 3 Wi Fi 2014","ipad-mini-3-wi-fi-2014","128 GB","","4040","NO","YES","https://www.cashall.in/api/v1/catalog/image/ipad-mini-3-wi-fi-2014"
"TABLET","Apple","apple","iPad Mini 3 Wi Fi 2014","ipad-mini-3-wi-fi-2014","16 GB","","2525","NO","YES","https://www.cashall.in/api/v1/catalog/image/ipad-mini-3-wi-fi-2014"
"TABLET","Apple","apple","iPad Mini 3 Wi Fi 2014","ipad-mini-3-wi-fi-2014","64 GB","","3030","NO","YES","https://www.cashall.in/api/v1/catalog/image/ipad-mini-3-wi-fi-2014"
"TABLET","Apple","apple","iPad Mini 3rd Gen (Wi-Fi + Cellular)","ipad-mini-3rd-gen-wi-fi-cellular","128 GB","","3686","NO","YES","https://www.cashall.in/api/v1/catalog/image/ipad-mini-3rd-gen-wi-fi-cellular"
"TABLET","Apple","apple","iPad Mini 3rd Gen (Wi-Fi + Cellular)","ipad-mini-3rd-gen-wi-fi-cellular","16 GB","","2828","NO","YES","https://www.cashall.in/api/v1/catalog/image/ipad-mini-3rd-gen-wi-fi-cellular"
"TABLET","Apple","apple","iPad Mini 3rd Gen (Wi-Fi + Cellular)","ipad-mini-3rd-gen-wi-fi-cellular","64 GB","","3303","NO","YES","https://www.cashall.in/api/v1/catalog/image/ipad-mini-3rd-gen-wi-fi-cellular"
"TABLET","Apple","apple","iPad Mini 3rd Gen (Wi-Fi Only)","ipad-mini-3rd-gen-wi-fi-only","128 GB","","3303","NO","YES","https://www.cashall.in/api/v1/catalog/image/ipad-mini-3rd-gen-wi-fi-only"
"TABLET","Apple","apple","iPad Mini 3rd Gen (Wi-Fi Only)","ipad-mini-3rd-gen-wi-fi-only","16 GB","","2121","NO","YES","https://www.cashall.in/api/v1/catalog/image/ipad-mini-3rd-gen-wi-fi-only"
"TABLET","Apple","apple","iPad Mini 3rd Gen (Wi-Fi Only)","ipad-mini-3rd-gen-wi-fi-only","64 GB","","2737","NO","YES","https://www.cashall.in/api/v1/catalog/image/ipad-mini-3rd-gen-wi-fi-only"
"TABLET","Apple","apple","iPad Mini 4 Cellular 2015","ipad-mini-4-cellular-2015","128 GB","","7575","NO","YES","https://www.cashall.in/api/v1/catalog/image/ipad-mini-4-cellular-2015"
"TABLET","Apple","apple","iPad Mini 4 Cellular 2015","ipad-mini-4-cellular-2015","16 GB","","6060","NO","YES","https://www.cashall.in/api/v1/catalog/image/ipad-mini-4-cellular-2015"
"TABLET","Apple","apple","iPad Mini 4 Cellular 2015","ipad-mini-4-cellular-2015","32 GB","","6565","NO","YES","https://www.cashall.in/api/v1/catalog/image/ipad-mini-4-cellular-2015"
"TABLET","Apple","apple","iPad Mini 4 Cellular 2015","ipad-mini-4-cellular-2015","64 GB","","7070","NO","YES","https://www.cashall.in/api/v1/catalog/image/ipad-mini-4-cellular-2015"
"TABLET","Apple","apple","iPad Mini 4 Wi Fi 2015","ipad-mini-4-wi-fi-2015","128 GB","","6565","NO","YES","https://www.cashall.in/api/v1/catalog/image/ipad-mini-4-wi-fi-2015"
"TABLET","Apple","apple","iPad Mini 4 Wi Fi 2015","ipad-mini-4-wi-fi-2015","16 GB","","5555","NO","YES","https://www.cashall.in/api/v1/catalog/image/ipad-mini-4-wi-fi-2015"
"TABLET","Apple","apple","iPad Mini 4 Wi Fi 2015","ipad-mini-4-wi-fi-2015","32 GB","","6060","NO","YES","https://www.cashall.in/api/v1/catalog/image/ipad-mini-4-wi-fi-2015"
"TABLET","Apple","apple","iPad Mini 4 Wi Fi 2015","ipad-mini-4-wi-fi-2015","64 GB","","7070","NO","YES","https://www.cashall.in/api/v1/catalog/image/ipad-mini-4-wi-fi-2015"
"TABLET","Apple","apple","iPad Mini 4th Gen (Wi-Fi + Cellular)","ipad-mini-4th-gen-wi-fi-cellular","128 GB","","6888","NO","YES","https://www.cashall.in/api/v1/catalog/image/ipad-mini-4th-gen-wi-fi-cellular"
"TABLET","Apple","apple","iPad Mini 4th Gen (Wi-Fi + Cellular)","ipad-mini-4th-gen-wi-fi-cellular","16 GB","","4818","NO","YES","https://www.cashall.in/api/v1/catalog/image/ipad-mini-4th-gen-wi-fi-cellular"
"TABLET","Apple","apple","iPad Mini 4th Gen (Wi-Fi + Cellular)","ipad-mini-4th-gen-wi-fi-cellular","32 GB","","6232","NO","YES","https://www.cashall.in/api/v1/catalog/image/ipad-mini-4th-gen-wi-fi-cellular"
"TABLET","Apple","apple","iPad Mini 4th Gen (Wi-Fi + Cellular)","ipad-mini-4th-gen-wi-fi-cellular","64 GB","","6898","NO","YES","https://www.cashall.in/api/v1/catalog/image/ipad-mini-4th-gen-wi-fi-cellular"
"TABLET","Apple","apple","iPad Mini 4th Gen (Wi-Fi Only)","ipad-mini-4th-gen-wi-fi-only","128 GB","","5949","NO","YES","https://www.cashall.in/api/v1/catalog/image/ipad-mini-4th-gen-wi-fi-only"
"TABLET","Apple","apple","iPad Mini 4th Gen (Wi-Fi Only)","ipad-mini-4th-gen-wi-fi-only","16 GB","","3202","NO","YES","https://www.cashall.in/api/v1/catalog/image/ipad-mini-4th-gen-wi-fi-only"
"TABLET","Apple","apple","iPad Mini 4th Gen (Wi-Fi Only)","ipad-mini-4th-gen-wi-fi-only","32 GB","","4151","NO","YES","https://www.cashall.in/api/v1/catalog/image/ipad-mini-4th-gen-wi-fi-only"
"TABLET","Apple","apple","iPad Mini 4th Gen (Wi-Fi Only)","ipad-mini-4th-gen-wi-fi-only","64 GB","","4343","NO","YES","https://www.cashall.in/api/v1/catalog/image/ipad-mini-4th-gen-wi-fi-only"
"TABLET","Apple","apple","iPad mini 5th Gen (Wi-Fi + Cellular)","ipad-mini-5th-gen-wi-fi-cellular","256 GB","","14281","NO","YES","https://www.cashall.in/api/v1/catalog/image/ipad-mini-5th-gen-wi-fi-cellular"
"TABLET","Apple","apple","iPad mini 5th Gen (Wi-Fi + Cellular)","ipad-mini-5th-gen-wi-fi-cellular","64 GB","","13393","NO","YES","https://www.cashall.in/api/v1/catalog/image/ipad-mini-5th-gen-wi-fi-cellular"
"TABLET","Apple","apple","iPad mini 5th Gen (Wi-Fi Only)","ipad-mini-5th-gen-wi-fi-only","256 GB","","12605","NO","YES","https://www.cashall.in/api/v1/catalog/image/ipad-mini-5th-gen-wi-fi-only"
"TABLET","Apple","apple","iPad mini 5th Gen (Wi-Fi Only)","ipad-mini-5th-gen-wi-fi-only","64 GB","","12110","NO","YES","https://www.cashall.in/api/v1/catalog/image/ipad-mini-5th-gen-wi-fi-only"
"TABLET","Apple","apple","iPad mini 6th Gen (Wi-Fi + Cellular)","ipad-mini-6th-gen-wi-fi-cellular","256 GB","","25755","NO","YES","https://www.cashall.in/api/v1/catalog/image/ipad-mini-6th-gen-wi-fi-cellular"
"TABLET","Apple","apple","iPad mini 6th Gen (Wi-Fi + Cellular)","ipad-mini-6th-gen-wi-fi-cellular","64 GB","","24745","NO","YES","https://www.cashall.in/api/v1/catalog/image/ipad-mini-6th-gen-wi-fi-cellular"
"TABLET","Apple","apple","iPad mini 6th Gen (Wi-Fi Only)","ipad-mini-6th-gen-wi-fi-only","256 GB","","23230","NO","YES","https://www.cashall.in/api/v1/catalog/image/ipad-mini-6th-gen-wi-fi-only"
"TABLET","Apple","apple","iPad mini 6th Gen (Wi-Fi Only)","ipad-mini-6th-gen-wi-fi-only","64 GB","","21210","NO","YES","https://www.cashall.in/api/v1/catalog/image/ipad-mini-6th-gen-wi-fi-only"
"TABLET","Apple","apple","iPad mini 7th gen Cellular 2024","ipad-mini-7th-gen-cellular-2024","128 GB","","36057","NO","YES","https://www.cashall.in/api/v1/catalog/image/ipad-mini-7th-gen-cellular-2024"
"TABLET","Apple","apple","iPad mini 7th gen Cellular 2024","ipad-mini-7th-gen-cellular-2024","256 GB","","38885","NO","YES","https://www.cashall.in/api/v1/catalog/image/ipad-mini-7th-gen-cellular-2024"
"TABLET","Apple","apple","iPad mini 7th gen Cellular 2024","ipad-mini-7th-gen-cellular-2024","512 GB","","43430","NO","YES","https://www.cashall.in/api/v1/catalog/image/ipad-mini-7th-gen-cellular-2024"
"TABLET","Apple","apple","iPad mini 7th gen Wi Fi 2024","ipad-mini-7th-gen-wi-fi-2024","128 GB","","26866","NO","YES","https://www.cashall.in/api/v1/catalog/image/ipad-mini-7th-gen-wi-fi-2024"
"TABLET","Apple","apple","iPad mini 7th gen Wi Fi 2024","ipad-mini-7th-gen-wi-fi-2024","256 GB","","30805","NO","YES","https://www.cashall.in/api/v1/catalog/image/ipad-mini-7th-gen-wi-fi-2024"
"TABLET","Apple","apple","iPad mini 7th gen Wi Fi 2024","ipad-mini-7th-gen-wi-fi-2024","512 GB","","36360","NO","YES","https://www.cashall.in/api/v1/catalog/image/ipad-mini-7th-gen-wi-fi-2024"
"TABLET","Apple","apple","iPad mini Cellular 2012","ipad-mini-cellular-2012","128 GB","","1919","NO","YES","https://www.cashall.in/api/v1/catalog/image/ipad-mini-cellular-2012"
"TABLET","Apple","apple","iPad mini Cellular 2012","ipad-mini-cellular-2012","16 GB","","1717","NO","YES","https://www.cashall.in/api/v1/catalog/image/ipad-mini-cellular-2012"
"TABLET","Apple","apple","iPad mini Cellular 2012","ipad-mini-cellular-2012","32 GB","","1818","NO","YES","https://www.cashall.in/api/v1/catalog/image/ipad-mini-cellular-2012"
"TABLET","Apple","apple","iPad mini Cellular 2012","ipad-mini-cellular-2012","64 GB","","1838","NO","YES","https://www.cashall.in/api/v1/catalog/image/ipad-mini-cellular-2012"
"TABLET","Apple","apple","iPad mini Wi Fi 2012","ipad-mini-wi-fi-2012","16 GB","","1515","NO","YES","https://www.cashall.in/api/v1/catalog/image/ipad-mini-wi-fi-2012"
"TABLET","Apple","apple","iPad mini Wi Fi 2012","ipad-mini-wi-fi-2012","32 GB","","1566","NO","YES","https://www.cashall.in/api/v1/catalog/image/ipad-mini-wi-fi-2012"
"TABLET","Apple","apple","iPad mini Wi Fi 2012","ipad-mini-wi-fi-2012","64 GB","","1717","NO","YES","https://www.cashall.in/api/v1/catalog/image/ipad-mini-wi-fi-2012"
"TABLET","Apple","apple","iPad Pro 10.5 inch Cellular 2017","ipad-pro-105-inch-cellular-2017","256 GB","","12120","YES","YES","https://www.cashall.in/api/v1/catalog/image/ipad-pro-105-inch-cellular-2017"
"TABLET","Apple","apple","iPad Pro 10.5 inch Cellular 2017","ipad-pro-105-inch-cellular-2017","512 GB","","13130","YES","YES","https://www.cashall.in/api/v1/catalog/image/ipad-pro-105-inch-cellular-2017"
"TABLET","Apple","apple","iPad Pro 10.5 inch Cellular 2017","ipad-pro-105-inch-cellular-2017","64 GB","","11110","YES","YES","https://www.cashall.in/api/v1/catalog/image/ipad-pro-105-inch-cellular-2017"
"TABLET","Apple","apple","iPad Pro 10.5 Inch Wi Fi 2017","ipad-pro-105-inch-wi-fi-2017","256 GB","","11110","YES","YES","https://www.cashall.in/api/v1/catalog/image/ipad-pro-105-inch-wi-fi-2017"
"TABLET","Apple","apple","iPad Pro 10.5 Inch Wi Fi 2017","ipad-pro-105-inch-wi-fi-2017","512 GB","","12120","YES","YES","https://www.cashall.in/api/v1/catalog/image/ipad-pro-105-inch-wi-fi-2017"
"TABLET","Apple","apple","iPad Pro 10.5 Inch Wi Fi 2017","ipad-pro-105-inch-wi-fi-2017","64 GB","","10100","YES","YES","https://www.cashall.in/api/v1/catalog/image/ipad-pro-105-inch-wi-fi-2017"
"TABLET","Apple","apple","iPad Pro 10.5"" 2nd Gen (Wi-Fi Only)","ipad-pro-105-2nd-gen-wi-fi-only","256 GB","","14968","YES","YES","https://www.cashall.in/api/v1/catalog/image/ipad-pro-105-2nd-gen-wi-fi-only"
"TABLET","Apple","apple","iPad Pro 10.5"" 2nd Gen (Wi-Fi Only)","ipad-pro-105-2nd-gen-wi-fi-only","512 GB","","16312","YES","YES","https://www.cashall.in/api/v1/catalog/image/ipad-pro-105-2nd-gen-wi-fi-only"
"TABLET","Apple","apple","iPad Pro 10.5"" 2nd Gen (Wi-Fi Only)","ipad-pro-105-2nd-gen-wi-fi-only","64 GB","","13241","YES","YES","https://www.cashall.in/api/v1/catalog/image/ipad-pro-105-2nd-gen-wi-fi-only"
"TABLET","Apple","apple","iPad Pro 10.5"" 2nd Gen (Wi-Fi+Cellular)","ipad-pro-105-2nd-gen-wi-ficellular","256 GB","","15544","YES","YES","https://www.cashall.in/api/v1/catalog/image/ipad-pro-105-2nd-gen-wi-ficellular"
"TABLET","Apple","apple","iPad Pro 10.5"" 2nd Gen (Wi-Fi+Cellular)","ipad-pro-105-2nd-gen-wi-ficellular","512 GB","","19483","YES","YES","https://www.cashall.in/api/v1/catalog/image/ipad-pro-105-2nd-gen-wi-ficellular"
"TABLET","Apple","apple","iPad Pro 10.5"" 2nd Gen (Wi-Fi+Cellular)","ipad-pro-105-2nd-gen-wi-ficellular","64 GB","","13918","YES","YES","https://www.cashall.in/api/v1/catalog/image/ipad-pro-105-2nd-gen-wi-ficellular"
"TABLET","Apple","apple","iPad Pro 11 inch 2nd gen Cellular 2020","ipad-pro-11-inch-2nd-gen-cellular-2020","1 TB","","33330","YES","YES","https://www.cashall.in/api/v1/catalog/image/ipad-pro-11-inch-2nd-gen-cellular-2020"
"TABLET","Apple","apple","iPad Pro 11 inch 2nd gen Cellular 2020","ipad-pro-11-inch-2nd-gen-cellular-2020","128 GB","","25250","YES","YES","https://www.cashall.in/api/v1/catalog/image/ipad-pro-11-inch-2nd-gen-cellular-2020"
"TABLET","Apple","apple","iPad Pro 11 inch 2nd gen Cellular 2020","ipad-pro-11-inch-2nd-gen-cellular-2020","256 GB","","28280","YES","YES","https://www.cashall.in/api/v1/catalog/image/ipad-pro-11-inch-2nd-gen-cellular-2020"
"TABLET","Apple","apple","iPad Pro 11 inch 2nd gen Cellular 2020","ipad-pro-11-inch-2nd-gen-cellular-2020","512 GB","","30300","YES","YES","https://www.cashall.in/api/v1/catalog/image/ipad-pro-11-inch-2nd-gen-cellular-2020"
"TABLET","Apple","apple","iPad Pro 11 Inch 3rd Gen Cellular 2021","ipad-pro-11-inch-3rd-gen-cellular-2021","1 TB","","45450","YES","YES","https://www.cashall.in/api/v1/catalog/image/ipad-pro-11-inch-3rd-gen-cellular-2021"
"TABLET","Apple","apple","iPad Pro 11 Inch 3rd Gen Cellular 2021","ipad-pro-11-inch-3rd-gen-cellular-2021","128 GB","","37370","YES","YES","https://www.cashall.in/api/v1/catalog/image/ipad-pro-11-inch-3rd-gen-cellular-2021"
"TABLET","Apple","apple","iPad Pro 11 Inch 3rd Gen Cellular 2021","ipad-pro-11-inch-3rd-gen-cellular-2021","2 TB","","48480","YES","YES","https://www.cashall.in/api/v1/catalog/image/ipad-pro-11-inch-3rd-gen-cellular-2021"
"TABLET","Apple","apple","iPad Pro 11 Inch 3rd Gen Cellular 2021","ipad-pro-11-inch-3rd-gen-cellular-2021","256 GB","","39390","YES","YES","https://www.cashall.in/api/v1/catalog/image/ipad-pro-11-inch-3rd-gen-cellular-2021"
"TABLET","Apple","apple","iPad Pro 11 Inch 3rd Gen Cellular 2021","ipad-pro-11-inch-3rd-gen-cellular-2021","512 GB","","41410","YES","YES","https://www.cashall.in/api/v1/catalog/image/ipad-pro-11-inch-3rd-gen-cellular-2021"
"TABLET","Apple","apple","iPad Pro 11 inch 3rd gen Wi Fi 2021","ipad-pro-11-inch-3rd-gen-wi-fi-2021","1 TB","","44440","YES","YES","https://www.cashall.in/api/v1/catalog/image/ipad-pro-11-inch-3rd-gen-wi-fi-2021"
"TABLET","Apple","apple","iPad Pro 11 inch 3rd gen Wi Fi 2021","ipad-pro-11-inch-3rd-gen-wi-fi-2021","128 GB","","34340","YES","YES","https://www.cashall.in/api/v1/catalog/image/ipad-pro-11-inch-3rd-gen-wi-fi-2021"
"TABLET","Apple","apple","iPad Pro 11 inch 3rd gen Wi Fi 2021","ipad-pro-11-inch-3rd-gen-wi-fi-2021","2 TB","","47470","YES","YES","https://www.cashall.in/api/v1/catalog/image/ipad-pro-11-inch-3rd-gen-wi-fi-2021"
"TABLET","Apple","apple","iPad Pro 11 inch 3rd gen Wi Fi 2021","ipad-pro-11-inch-3rd-gen-wi-fi-2021","256 GB","","37370","YES","YES","https://www.cashall.in/api/v1/catalog/image/ipad-pro-11-inch-3rd-gen-wi-fi-2021"
"TABLET","Apple","apple","iPad Pro 11 inch 3rd gen Wi Fi 2021","ipad-pro-11-inch-3rd-gen-wi-fi-2021","512 GB","","41410","YES","YES","https://www.cashall.in/api/v1/catalog/image/ipad-pro-11-inch-3rd-gen-wi-fi-2021"
"TABLET","Apple","apple","iPad Pro 11 inch 4th gen M2 Cellular 2022","ipad-pro-11-inch-4th-gen-m2-cellular-2022","1 TB","","54540","YES","YES","https://www.cashall.in/api/v1/catalog/image/ipad-pro-11-inch-4th-gen-m2-cellular-2022"
"TABLET","Apple","apple","iPad Pro 11 inch 4th gen M2 Cellular 2022","ipad-pro-11-inch-4th-gen-m2-cellular-2022","128 GB","","47470","YES","YES","https://www.cashall.in/api/v1/catalog/image/ipad-pro-11-inch-4th-gen-m2-cellular-2022"
"TABLET","Apple","apple","iPad Pro 11 inch 4th gen M2 Cellular 2022","ipad-pro-11-inch-4th-gen-m2-cellular-2022","2 TB","","58580","YES","YES","https://www.cashall.in/api/v1/catalog/image/ipad-pro-11-inch-4th-gen-m2-cellular-2022"
"TABLET","Apple","apple","iPad Pro 11 inch 4th gen M2 Cellular 2022","ipad-pro-11-inch-4th-gen-m2-cellular-2022","256 GB","","50500","YES","YES","https://www.cashall.in/api/v1/catalog/image/ipad-pro-11-inch-4th-gen-m2-cellular-2022"
"TABLET","Apple","apple","iPad Pro 11 inch 4th gen M2 Cellular 2022","ipad-pro-11-inch-4th-gen-m2-cellular-2022","512 GB","","53530","YES","YES","https://www.cashall.in/api/v1/catalog/image/ipad-pro-11-inch-4th-gen-m2-cellular-2022"
"TABLET","Apple","apple","iPad Pro 11 inch 4th gen M2 Wi Fi 2022","ipad-pro-11-inch-4th-gen-m2-wi-fi-2022","1 TB","","52520","YES","YES","https://www.cashall.in/api/v1/catalog/image/ipad-pro-11-inch-4th-gen-m2-wi-fi-2022"
"TABLET","Apple","apple","iPad Pro 11 inch 4th gen M2 Wi Fi 2022","ipad-pro-11-inch-4th-gen-m2-wi-fi-2022","128 GB","","42420","YES","YES","https://www.cashall.in/api/v1/catalog/image/ipad-pro-11-inch-4th-gen-m2-wi-fi-2022"
"TABLET","Apple","apple","iPad Pro 11 inch 4th gen M2 Wi Fi 2022","ipad-pro-11-inch-4th-gen-m2-wi-fi-2022","2 TB","","57570","YES","YES","https://www.cashall.in/api/v1/catalog/image/ipad-pro-11-inch-4th-gen-m2-wi-fi-2022"
"TABLET","Apple","apple","iPad Pro 11 inch 4th gen M2 Wi Fi 2022","ipad-pro-11-inch-4th-gen-m2-wi-fi-2022","256 GB","","44440","YES","YES","https://www.cashall.in/api/v1/catalog/image/ipad-pro-11-inch-4th-gen-m2-wi-fi-2022"
"TABLET","Apple","apple","iPad Pro 11 inch 4th gen M2 Wi Fi 2022","ipad-pro-11-inch-4th-gen-m2-wi-fi-2022","512 GB","","47470","YES","YES","https://www.cashall.in/api/v1/catalog/image/ipad-pro-11-inch-4th-gen-m2-wi-fi-2022"
"TABLET","Apple","apple","iPad Pro 11 Inch Cellular 2018","ipad-pro-11-inch-cellular-2018","1 TB","","25856","YES","YES","https://www.cashall.in/api/v1/catalog/image/ipad-pro-11-inch-cellular-2018"
"TABLET","Apple","apple","iPad Pro 11 Inch Cellular 2018","ipad-pro-11-inch-cellular-2018","256 GB","","21210","YES","YES","https://www.cashall.in/api/v1/catalog/image/ipad-pro-11-inch-cellular-2018"
"TABLET","Apple","apple","iPad Pro 11 Inch Cellular 2018","ipad-pro-11-inch-cellular-2018","512 GB","","23432","YES","YES","https://www.cashall.in/api/v1/catalog/image/ipad-pro-11-inch-cellular-2018"
"TABLET","Apple","apple","iPad Pro 11 Inch Cellular 2018","ipad-pro-11-inch-cellular-2018","64 GB","","19190","YES","YES","https://www.cashall.in/api/v1/catalog/image/ipad-pro-11-inch-cellular-2018"
"TABLET","Apple","apple","iPad Pro 11 Inch M4 Cellular","ipad-pro-11-inch-m4-cellular","1 TB","","72114","YES","YES","https://www.cashall.in/api/v1/catalog/image/ipad-pro-11-inch-m4-cellular"
"TABLET","Apple","apple","iPad Pro 11 Inch M4 Cellular","ipad-pro-11-inch-m4-cellular","2 TB","","76760","YES","YES","https://www.cashall.in/api/v1/catalog/image/ipad-pro-11-inch-m4-cellular"
"TABLET","Apple","apple","iPad Pro 11 Inch M4 Cellular","ipad-pro-11-inch-m4-cellular","256 GB","","66660","YES","YES","https://www.cashall.in/api/v1/catalog/image/ipad-pro-11-inch-m4-cellular"
"TABLET","Apple","apple","iPad Pro 11 Inch M4 Cellular","ipad-pro-11-inch-m4-cellular","512 GB","","59590","YES","YES","https://www.cashall.in/api/v1/catalog/image/ipad-pro-11-inch-m4-cellular"
"TABLET","Apple","apple","iPad Pro 11 inch M4 Wi Fi","ipad-pro-11-inch-m4-wi-fi","1 TB","","64640","YES","YES","https://www.cashall.in/api/v1/catalog/image/ipad-pro-11-inch-m4-wi-fi"
"TABLET","Apple","apple","iPad Pro 11 inch M4 Wi Fi","ipad-pro-11-inch-m4-wi-fi","2 TB","","70700","YES","YES","https://www.cashall.in/api/v1/catalog/image/ipad-pro-11-inch-m4-wi-fi"
"TABLET","Apple","apple","iPad Pro 11 inch M4 Wi Fi","ipad-pro-11-inch-m4-wi-fi","256 GB","","53025","YES","YES","https://www.cashall.in/api/v1/catalog/image/ipad-pro-11-inch-m4-wi-fi"
"TABLET","Apple","apple","iPad Pro 11 inch M4 Wi Fi","ipad-pro-11-inch-m4-wi-fi","512 GB","","59085","YES","YES","https://www.cashall.in/api/v1/catalog/image/ipad-pro-11-inch-m4-wi-fi"
"TABLET","Apple","apple","iPad Pro 11 inch M5 WiFi Cellular","ipad-pro-11-inch-m5-wifi-cellular","1 TB","12 GB","100798","YES","YES","https://www.cashall.in/api/v1/catalog/image/ipad-pro-11-inch-m5-wifi-cellular"
"TABLET","Apple","apple","iPad Pro 11 inch M5 WiFi Cellular","ipad-pro-11-inch-m5-wifi-cellular","2 TB","12 GB","113120","YES","YES","https://www.cashall.in/api/v1/catalog/image/ipad-pro-11-inch-m5-wifi-cellular"
"TABLET","Apple","apple","iPad Pro 11 inch M5 WiFi Cellular","ipad-pro-11-inch-m5-wifi-cellular","256 GB","12 GB","80800","YES","YES","https://www.cashall.in/api/v1/catalog/image/ipad-pro-11-inch-m5-wifi-cellular"
"TABLET","Apple","apple","iPad Pro 11 inch M5 WiFi Cellular","ipad-pro-11-inch-m5-wifi-cellular","512 GB","12 GB","90900","YES","YES","https://www.cashall.in/api/v1/catalog/image/ipad-pro-11-inch-m5-wifi-cellular"
"TABLET","Apple","apple","iPad Pro 11 inch M5 WiFi Only","ipad-pro-11-inch-m5-wifi-only","1 TB","12 GB","92920","YES","YES","https://www.cashall.in/api/v1/catalog/image/ipad-pro-11-inch-m5-wifi-only"
"TABLET","Apple","apple","iPad Pro 11 inch M5 WiFi Only","ipad-pro-11-inch-m5-wifi-only","2 TB","12 GB","103020","YES","YES","https://www.cashall.in/api/v1/catalog/image/ipad-pro-11-inch-m5-wifi-only"
"TABLET","Apple","apple","iPad Pro 11 inch M5 WiFi Only","ipad-pro-11-inch-m5-wifi-only","256 GB","12 GB","66660","YES","YES","https://www.cashall.in/api/v1/catalog/image/ipad-pro-11-inch-m5-wifi-only"
"TABLET","Apple","apple","iPad Pro 11 inch M5 WiFi Only","ipad-pro-11-inch-m5-wifi-only","512 GB","12 GB","75750","YES","YES","https://www.cashall.in/api/v1/catalog/image/ipad-pro-11-inch-m5-wifi-only"
"TABLET","Apple","apple","iPad Pro 11 Inch Wi Fi 2018","ipad-pro-11-inch-wi-fi-2018","1 TB","","23735","YES","YES","https://www.cashall.in/api/v1/catalog/image/ipad-pro-11-inch-wi-fi-2018"
"TABLET","Apple","apple","iPad Pro 11 Inch Wi Fi 2018","ipad-pro-11-inch-wi-fi-2018","256 GB","","18180","YES","YES","https://www.cashall.in/api/v1/catalog/image/ipad-pro-11-inch-wi-fi-2018"
"TABLET","Apple","apple","iPad Pro 11 Inch Wi Fi 2018","ipad-pro-11-inch-wi-fi-2018","512 GB","","20705","YES","YES","https://www.cashall.in/api/v1/catalog/image/ipad-pro-11-inch-wi-fi-2018"
"TABLET","Apple","apple","iPad Pro 11 Inch Wi Fi 2018","ipad-pro-11-inch-wi-fi-2018","64 GB","","17170","YES","YES","https://www.cashall.in/api/v1/catalog/image/ipad-pro-11-inch-wi-fi-2018"
"TABLET","Apple","apple","iPad Pro 11-inch Wi-Fi 2020","ipad-pro-11-inch-wi-fi-2020","1 TB","","31310","YES","YES","https://www.cashall.in/api/v1/catalog/image/ipad-pro-11-inch-wi-fi-2020"
"TABLET","Apple","apple","iPad Pro 11-inch Wi-Fi 2020","ipad-pro-11-inch-wi-fi-2020","128 GB","","23230","YES","YES","https://www.cashall.in/api/v1/catalog/image/ipad-pro-11-inch-wi-fi-2020"
"TABLET","Apple","apple","iPad Pro 11-inch Wi-Fi 2020","ipad-pro-11-inch-wi-fi-2020","256 GB","","25250","YES","YES","https://www.cashall.in/api/v1/catalog/image/ipad-pro-11-inch-wi-fi-2020"
"TABLET","Apple","apple","iPad Pro 11-inch Wi-Fi 2020","ipad-pro-11-inch-wi-fi-2020","512 GB","","28280","YES","YES","https://www.cashall.in/api/v1/catalog/image/ipad-pro-11-inch-wi-fi-2020"
"TABLET","Apple","apple","iPad Pro 12.9 inch 2nd gen Cellular 2017","ipad-pro-129-inch-2nd-gen-cellular-2017","256 GB","","13130","YES","YES","https://www.cashall.in/api/v1/catalog/image/ipad-pro-129-inch-2nd-gen-cellular-2017"
"TABLET","Apple","apple","iPad Pro 12.9 inch 2nd gen Cellular 2017","ipad-pro-129-inch-2nd-gen-cellular-2017","512 GB","","14140","YES","YES","https://www.cashall.in/api/v1/catalog/image/ipad-pro-129-inch-2nd-gen-cellular-2017"
"TABLET","Apple","apple","iPad Pro 12.9 inch 2nd gen Cellular 2017","ipad-pro-129-inch-2nd-gen-cellular-2017","64 GB","","12120","YES","YES","https://www.cashall.in/api/v1/catalog/image/ipad-pro-129-inch-2nd-gen-cellular-2017"
"TABLET","Apple","apple","iPad Pro 12.9 Inch 2nd Gen Wi Fi 2017","ipad-pro-129-inch-2nd-gen-wi-fi-2017","256 GB","","13130","YES","YES","https://www.cashall.in/api/v1/catalog/image/ipad-pro-129-inch-2nd-gen-wi-fi-2017"
"TABLET","Apple","apple","iPad Pro 12.9 Inch 2nd Gen Wi Fi 2017","ipad-pro-129-inch-2nd-gen-wi-fi-2017","512 GB","","14140","YES","YES","https://www.cashall.in/api/v1/catalog/image/ipad-pro-129-inch-2nd-gen-wi-fi-2017"
"TABLET","Apple","apple","iPad Pro 12.9 Inch 2nd Gen Wi Fi 2017","ipad-pro-129-inch-2nd-gen-wi-fi-2017","64 GB","","12120","YES","YES","https://www.cashall.in/api/v1/catalog/image/ipad-pro-129-inch-2nd-gen-wi-fi-2017"
"TABLET","Apple","apple","iPad Pro 12.9 Inch 3rd Gen Cellular 2018","ipad-pro-129-inch-3rd-gen-cellular-2018","1 TB","","29290","YES","YES","https://www.cashall.in/api/v1/catalog/image/ipad-pro-129-inch-3rd-gen-cellular-2018"
"TABLET","Apple","apple","iPad Pro 12.9 Inch 3rd Gen Cellular 2018","ipad-pro-129-inch-3rd-gen-cellular-2018","256 GB","","25755","YES","YES","https://www.cashall.in/api/v1/catalog/image/ipad-pro-129-inch-3rd-gen-cellular-2018"
"TABLET","Apple","apple","iPad Pro 12.9 Inch 3rd Gen Cellular 2018","ipad-pro-129-inch-3rd-gen-cellular-2018","512 GB","","27270","YES","YES","https://www.cashall.in/api/v1/catalog/image/ipad-pro-129-inch-3rd-gen-cellular-2018"
"TABLET","Apple","apple","iPad Pro 12.9 Inch 3rd Gen Cellular 2018","ipad-pro-129-inch-3rd-gen-cellular-2018","64 GB","","22220","YES","YES","https://www.cashall.in/api/v1/catalog/image/ipad-pro-129-inch-3rd-gen-cellular-2018"
"TABLET","Apple","apple","iPad Pro 12.9 Inch 3rd Gen Wi Fi 2018","ipad-pro-129-inch-3rd-gen-wi-fi-2018","1 TB","","28280","YES","YES","https://www.cashall.in/api/v1/catalog/image/ipad-pro-129-inch-3rd-gen-wi-fi-2018"
"TABLET","Apple","apple","iPad Pro 12.9 Inch 3rd Gen Wi Fi 2018","ipad-pro-129-inch-3rd-gen-wi-fi-2018","256 GB","","20200","YES","YES","https://www.cashall.in/api/v1/catalog/image/ipad-pro-129-inch-3rd-gen-wi-fi-2018"
"TABLET","Apple","apple","iPad Pro 12.9 Inch 3rd Gen Wi Fi 2018","ipad-pro-129-inch-3rd-gen-wi-fi-2018","512 GB","","24240","YES","YES","https://www.cashall.in/api/v1/catalog/image/ipad-pro-129-inch-3rd-gen-wi-fi-2018"
"TABLET","Apple","apple","iPad Pro 12.9 Inch 3rd Gen Wi Fi 2018","ipad-pro-129-inch-3rd-gen-wi-fi-2018","64 GB","","19190","YES","YES","https://www.cashall.in/api/v1/catalog/image/ipad-pro-129-inch-3rd-gen-wi-fi-2018"
"TABLET","Apple","apple","iPad Pro 12.9 inch 4th gen Cellular 2020","ipad-pro-129-inch-4th-gen-cellular-2020","1 TB","","38380","YES","YES","https://www.cashall.in/api/v1/catalog/image/ipad-pro-129-inch-4th-gen-cellular-2020"
"TABLET","Apple","apple","iPad Pro 12.9 inch 4th gen Cellular 2020","ipad-pro-129-inch-4th-gen-cellular-2020","128 GB","","30300","YES","YES","https://www.cashall.in/api/v1/catalog/image/ipad-pro-129-inch-4th-gen-cellular-2020"
"TABLET","Apple","apple","iPad Pro 12.9 inch 4th gen Cellular 2020","ipad-pro-129-inch-4th-gen-cellular-2020","256 GB","","32320","YES","YES","https://www.cashall.in/api/v1/catalog/image/ipad-pro-129-inch-4th-gen-cellular-2020"
"TABLET","Apple","apple","iPad Pro 12.9 inch 4th gen Cellular 2020","ipad-pro-129-inch-4th-gen-cellular-2020","512 GB","","35350","YES","YES","https://www.cashall.in/api/v1/catalog/image/ipad-pro-129-inch-4th-gen-cellular-2020"
"TABLET","Apple","apple","iPad Pro 12.9 inch 4th gen Wi Fi 2020","ipad-pro-129-inch-4th-gen-wi-fi-2020","1 TB","","37370","YES","YES","https://www.cashall.in/api/v1/catalog/image/ipad-pro-129-inch-4th-gen-wi-fi-2020"
"TABLET","Apple","apple","iPad Pro 12.9 inch 4th gen Wi Fi 2020","ipad-pro-129-inch-4th-gen-wi-fi-2020","128 GB","","29290","YES","YES","https://www.cashall.in/api/v1/catalog/image/ipad-pro-129-inch-4th-gen-wi-fi-2020"
"TABLET","Apple","apple","iPad Pro 12.9 inch 4th gen Wi Fi 2020","ipad-pro-129-inch-4th-gen-wi-fi-2020","256 GB","","30300","YES","YES","https://www.cashall.in/api/v1/catalog/image/ipad-pro-129-inch-4th-gen-wi-fi-2020"
"TABLET","Apple","apple","iPad Pro 12.9 inch 4th gen Wi Fi 2020","ipad-pro-129-inch-4th-gen-wi-fi-2020","512 GB","","34340","YES","YES","https://www.cashall.in/api/v1/catalog/image/ipad-pro-129-inch-4th-gen-wi-fi-2020"
"TABLET","Apple","apple","iPad Pro 12.9 inch 5th gen Cellular 2021","ipad-pro-129-inch-5th-gen-cellular-2021","1 TB","","53530","YES","YES","https://www.cashall.in/api/v1/catalog/image/ipad-pro-129-inch-5th-gen-cellular-2021"
"TABLET","Apple","apple","iPad Pro 12.9 inch 5th gen Cellular 2021","ipad-pro-129-inch-5th-gen-cellular-2021","128 GB","","44440","YES","YES","https://www.cashall.in/api/v1/catalog/image/ipad-pro-129-inch-5th-gen-cellular-2021"
"TABLET","Apple","apple","iPad Pro 12.9 inch 5th gen Cellular 2021","ipad-pro-129-inch-5th-gen-cellular-2021","2 TB","","55550","YES","YES","https://www.cashall.in/api/v1/catalog/image/ipad-pro-129-inch-5th-gen-cellular-2021"
"TABLET","Apple","apple","iPad Pro 12.9 inch 5th gen Cellular 2021","ipad-pro-129-inch-5th-gen-cellular-2021","256 GB","","46965","YES","YES","https://www.cashall.in/api/v1/catalog/image/ipad-pro-129-inch-5th-gen-cellular-2021"
"TABLET","Apple","apple","iPad Pro 12.9 inch 5th gen Cellular 2021","ipad-pro-129-inch-5th-gen-cellular-2021","512 GB","","48480","YES","YES","https://www.cashall.in/api/v1/catalog/image/ipad-pro-129-inch-5th-gen-cellular-2021"
"TABLET","Apple","apple","iPad Pro 12.9 inch 5th gen Wi Fi 2021","ipad-pro-129-inch-5th-gen-wi-fi-2021","1 TB","","52520","YES","YES","https://www.cashall.in/api/v1/catalog/image/ipad-pro-129-inch-5th-gen-wi-fi-2021"
"TABLET","Apple","apple","iPad Pro 12.9 inch 5th gen Wi Fi 2021","ipad-pro-129-inch-5th-gen-wi-fi-2021","128 GB","","42420","YES","YES","https://www.cashall.in/api/v1/catalog/image/ipad-pro-129-inch-5th-gen-wi-fi-2021"
"TABLET","Apple","apple","iPad Pro 12.9 inch 5th gen Wi Fi 2021","ipad-pro-129-inch-5th-gen-wi-fi-2021","2 TB","","53530","YES","YES","https://www.cashall.in/api/v1/catalog/image/ipad-pro-129-inch-5th-gen-wi-fi-2021"
"TABLET","Apple","apple","iPad Pro 12.9 inch 5th gen Wi Fi 2021","ipad-pro-129-inch-5th-gen-wi-fi-2021","256 GB","","40400","YES","YES","https://www.cashall.in/api/v1/catalog/image/ipad-pro-129-inch-5th-gen-wi-fi-2021"
"TABLET","Apple","apple","iPad Pro 12.9 inch 5th gen Wi Fi 2021","ipad-pro-129-inch-5th-gen-wi-fi-2021","512 GB","","45450","YES","YES","https://www.cashall.in/api/v1/catalog/image/ipad-pro-129-inch-5th-gen-wi-fi-2021"
"TABLET","Apple","apple","iPad Pro 12.9 Inch 6th Gen M2 Cellular 2022","ipad-pro-129-inch-6th-gen-m2-cellular-2022","1 TB","","67670","YES","YES","https://www.cashall.in/api/v1/catalog/image/ipad-pro-129-inch-6th-gen-m2-cellular-2022"
"TABLET","Apple","apple","iPad Pro 12.9 Inch 6th Gen M2 Cellular 2022","ipad-pro-129-inch-6th-gen-m2-cellular-2022","128 GB","","56560","YES","YES","https://www.cashall.in/api/v1/catalog/image/ipad-pro-129-inch-6th-gen-m2-cellular-2022"
"TABLET","Apple","apple","iPad Pro 12.9 Inch 6th Gen M2 Cellular 2022","ipad-pro-129-inch-6th-gen-m2-cellular-2022","2 TB","","70700","YES","YES","https://www.cashall.in/api/v1/catalog/image/ipad-pro-129-inch-6th-gen-m2-cellular-2022"
"TABLET","Apple","apple","iPad Pro 12.9 Inch 6th Gen M2 Cellular 2022","ipad-pro-129-inch-6th-gen-m2-cellular-2022","256 GB","","60600","YES","YES","https://www.cashall.in/api/v1/catalog/image/ipad-pro-129-inch-6th-gen-m2-cellular-2022"
"TABLET","Apple","apple","iPad Pro 12.9 Inch 6th Gen M2 Cellular 2022","ipad-pro-129-inch-6th-gen-m2-cellular-2022","512 GB","","65650","YES","YES","https://www.cashall.in/api/v1/catalog/image/ipad-pro-129-inch-6th-gen-m2-cellular-2022"
"TABLET","Apple","apple","iPad Pro 12.9 inch 6th gen M2 Wi Fi 2022","ipad-pro-129-inch-6th-gen-m2-wi-fi-2022","1 TB","","60600","YES","YES","https://www.cashall.in/api/v1/catalog/image/ipad-pro-129-inch-6th-gen-m2-wi-fi-2022"
"TABLET","Apple","apple","iPad Pro 12.9 inch 6th gen M2 Wi Fi 2022","ipad-pro-129-inch-6th-gen-m2-wi-fi-2022","128 GB","","50500","YES","YES","https://www.cashall.in/api/v1/catalog/image/ipad-pro-129-inch-6th-gen-m2-wi-fi-2022"
"TABLET","Apple","apple","iPad Pro 12.9 inch 6th gen M2 Wi Fi 2022","ipad-pro-129-inch-6th-gen-m2-wi-fi-2022","2 TB","","66660","YES","YES","https://www.cashall.in/api/v1/catalog/image/ipad-pro-129-inch-6th-gen-m2-wi-fi-2022"
"TABLET","Apple","apple","iPad Pro 12.9 inch 6th gen M2 Wi Fi 2022","ipad-pro-129-inch-6th-gen-m2-wi-fi-2022","256 GB","","54540","YES","YES","https://www.cashall.in/api/v1/catalog/image/ipad-pro-129-inch-6th-gen-m2-wi-fi-2022"
"TABLET","Apple","apple","iPad Pro 12.9 inch 6th gen M2 Wi Fi 2022","ipad-pro-129-inch-6th-gen-m2-wi-fi-2022","512 GB","","57570","YES","YES","https://www.cashall.in/api/v1/catalog/image/ipad-pro-129-inch-6th-gen-m2-wi-fi-2022"
"TABLET","Apple","apple","iPad Pro 12.9 Inch Cellular 2015","ipad-pro-129-inch-cellular-2015","128 GB","","10605","YES","YES","https://www.cashall.in/api/v1/catalog/image/ipad-pro-129-inch-cellular-2015"
"TABLET","Apple","apple","iPad Pro 12.9 Inch Cellular 2015","ipad-pro-129-inch-cellular-2015","256 GB","","11110","YES","YES","https://www.cashall.in/api/v1/catalog/image/ipad-pro-129-inch-cellular-2015"
"TABLET","Apple","apple","iPad Pro 12.9 Inch Cellular 2015","ipad-pro-129-inch-cellular-2015","32 GB","","10100","YES","YES","https://www.cashall.in/api/v1/catalog/image/ipad-pro-129-inch-cellular-2015"
"TABLET","Apple","apple","iPad Pro 12.9 Inch Wi Fi 2015","ipad-pro-129-inch-wi-fi-2015","128 GB","","9595","YES","YES","https://www.cashall.in/api/v1/catalog/image/ipad-pro-129-inch-wi-fi-2015"
"TABLET","Apple","apple","iPad Pro 12.9 Inch Wi Fi 2015","ipad-pro-129-inch-wi-fi-2015","256 GB","","10100","YES","YES","https://www.cashall.in/api/v1/catalog/image/ipad-pro-129-inch-wi-fi-2015"
"TABLET","Apple","apple","iPad Pro 12.9 Inch Wi Fi 2015","ipad-pro-129-inch-wi-fi-2015","32 GB","","9090","YES","YES","https://www.cashall.in/api/v1/catalog/image/ipad-pro-129-inch-wi-fi-2015"
"TABLET","Apple","apple","iPad Pro 12.9"" 1st Gen (Wi-Fi Only)","ipad-pro-129-1st-gen-wi-fi-only","128 GB","","10615","YES","YES","https://www.cashall.in/api/v1/catalog/image/ipad-pro-129-1st-gen-wi-fi-only"
"TABLET","Apple","apple","iPad Pro 12.9"" 1st Gen (Wi-Fi Only)","ipad-pro-129-1st-gen-wi-fi-only","256 GB","","11201","YES","YES","https://www.cashall.in/api/v1/catalog/image/ipad-pro-129-1st-gen-wi-fi-only"
"TABLET","Apple","apple","iPad Pro 12.9"" 1st Gen (Wi-Fi Only)","ipad-pro-129-1st-gen-wi-fi-only","32 GB","","9938","YES","YES","https://www.cashall.in/api/v1/catalog/image/ipad-pro-129-1st-gen-wi-fi-only"
"TABLET","Apple","apple","iPad Pro 12.9"" 1st Gen (Wi-Fi+Cellular)","ipad-pro-129-1st-gen-wi-ficellular","128 GB","","12181","YES","YES","https://www.cashall.in/api/v1/catalog/image/ipad-pro-129-1st-gen-wi-ficellular"
"TABLET","Apple","apple","iPad Pro 12.9"" 1st Gen (Wi-Fi+Cellular)","ipad-pro-129-1st-gen-wi-ficellular","256 GB","","13544","YES","YES","https://www.cashall.in/api/v1/catalog/image/ipad-pro-129-1st-gen-wi-ficellular"
"TABLET","Apple","apple","iPad Pro 12.9"" 1st Gen (Wi-Fi+Cellular)","ipad-pro-129-1st-gen-wi-ficellular","32 GB","","11494","YES","YES","https://www.cashall.in/api/v1/catalog/image/ipad-pro-129-1st-gen-wi-ficellular"
"TABLET","Apple","apple","iPad Pro 12.9"" 2nd Gen (Wi-Fi Only)","ipad-pro-129-2nd-gen-wi-fi-only","256 GB","","13786","YES","YES","https://www.cashall.in/api/v1/catalog/image/ipad-pro-129-2nd-gen-wi-fi-only"
"TABLET","Apple","apple","iPad Pro 12.9"" 2nd Gen (Wi-Fi Only)","ipad-pro-129-2nd-gen-wi-fi-only","512 GB","","16503","YES","YES","https://www.cashall.in/api/v1/catalog/image/ipad-pro-129-2nd-gen-wi-fi-only"
"TABLET","Apple","apple","iPad Pro 12.9"" 2nd Gen (Wi-Fi Only)","ipad-pro-129-2nd-gen-wi-fi-only","64 GB","","12514","YES","YES","https://www.cashall.in/api/v1/catalog/image/ipad-pro-129-2nd-gen-wi-fi-only"
"TABLET","Apple","apple","iPad Pro 12.9"" 2nd Gen (Wi-Fi+Cellular)","ipad-pro-129-2nd-gen-wi-ficellular","256 GB","","16412","YES","YES","https://www.cashall.in/api/v1/catalog/image/ipad-pro-129-2nd-gen-wi-ficellular"
"TABLET","Apple","apple","iPad Pro 12.9"" 2nd Gen (Wi-Fi+Cellular)","ipad-pro-129-2nd-gen-wi-ficellular","512 GB","","18160","YES","YES","https://www.cashall.in/api/v1/catalog/image/ipad-pro-129-2nd-gen-wi-ficellular"
"TABLET","Apple","apple","iPad Pro 12.9"" 2nd Gen (Wi-Fi+Cellular)","ipad-pro-129-2nd-gen-wi-ficellular","64 GB","","14463","YES","YES","https://www.cashall.in/api/v1/catalog/image/ipad-pro-129-2nd-gen-wi-ficellular"
"TABLET","Apple","apple","iPad Pro 12.9"" 3rd Gen (Wi-Fi Only)","ipad-pro-129-3rd-gen-wi-fi-only","1 TB","","25806","YES","YES","https://www.cashall.in/api/v1/catalog/image/ipad-pro-129-3rd-gen-wi-fi-only"
"TABLET","Apple","apple","iPad Pro 12.9"" 3rd Gen (Wi-Fi Only)","ipad-pro-129-3rd-gen-wi-fi-only","256 GB","","18796","YES","YES","https://www.cashall.in/api/v1/catalog/image/ipad-pro-129-3rd-gen-wi-fi-only"
"TABLET","Apple","apple","iPad Pro 12.9"" 3rd Gen (Wi-Fi Only)","ipad-pro-129-3rd-gen-wi-fi-only","512 GB","","22392","YES","YES","https://www.cashall.in/api/v1/catalog/image/ipad-pro-129-3rd-gen-wi-fi-only"
"TABLET","Apple","apple","iPad Pro 12.9"" 3rd Gen (Wi-Fi Only)","ipad-pro-129-3rd-gen-wi-fi-only","64 GB","","17210","YES","YES","https://www.cashall.in/api/v1/catalog/image/ipad-pro-129-3rd-gen-wi-fi-only"
"TABLET","Apple","apple","iPad Pro 12.9"" 3rd Gen (Wi-Fi+Cellular)","ipad-pro-129-3rd-gen-wi-ficellular","1 TB","","27462","YES","YES","https://www.cashall.in/api/v1/catalog/image/ipad-pro-129-3rd-gen-wi-ficellular"
"TABLET","Apple","apple","iPad Pro 12.9"" 3rd Gen (Wi-Fi+Cellular)","ipad-pro-129-3rd-gen-wi-ficellular","256 GB","","23624","YES","YES","https://www.cashall.in/api/v1/catalog/image/ipad-pro-129-3rd-gen-wi-ficellular"
"TABLET","Apple","apple","iPad Pro 12.9"" 3rd Gen (Wi-Fi+Cellular)","ipad-pro-129-3rd-gen-wi-ficellular","512 GB","","25119","YES","YES","https://www.cashall.in/api/v1/catalog/image/ipad-pro-129-3rd-gen-wi-ficellular"
"TABLET","Apple","apple","iPad Pro 12.9"" 3rd Gen (Wi-Fi+Cellular)","ipad-pro-129-3rd-gen-wi-ficellular","64 GB","","20463","YES","YES","https://www.cashall.in/api/v1/catalog/image/ipad-pro-129-3rd-gen-wi-ficellular"
"TABLET","Apple","apple","iPad Pro 12.9"" 4th Gen (Wi-Fi Only)","ipad-pro-129-4th-gen-wi-fi-only","1 TB","","31643","YES","YES","https://www.cashall.in/api/v1/catalog/image/ipad-pro-129-4th-gen-wi-fi-only"
"TABLET","Apple","apple","iPad Pro 12.9"" 4th Gen (Wi-Fi Only)","ipad-pro-129-4th-gen-wi-fi-only","128 GB","","24341","YES","YES","https://www.cashall.in/api/v1/catalog/image/ipad-pro-129-4th-gen-wi-fi-only"
"TABLET","Apple","apple","iPad Pro 12.9"" 4th Gen (Wi-Fi Only)","ipad-pro-129-4th-gen-wi-fi-only","256 GB","","24927","YES","YES","https://www.cashall.in/api/v1/catalog/image/ipad-pro-129-4th-gen-wi-fi-only"
"TABLET","Apple","apple","iPad Pro 12.9"" 4th Gen (Wi-Fi Only)","ipad-pro-129-4th-gen-wi-fi-only","512 GB","","29462","YES","YES","https://www.cashall.in/api/v1/catalog/image/ipad-pro-129-4th-gen-wi-fi-only"
"TABLET","Apple","apple","iPad Pro 12.9"" 4th Gen (Wi-Fi+Cellular)","ipad-pro-129-4th-gen-wi-ficellular","1 TB","","33492","YES","YES","https://www.cashall.in/api/v1/catalog/image/ipad-pro-129-4th-gen-wi-ficellular"
"TABLET","Apple","apple","iPad Pro 12.9"" 4th Gen (Wi-Fi+Cellular)","ipad-pro-129-4th-gen-wi-ficellular","128 GB","","26331","YES","YES","https://www.cashall.in/api/v1/catalog/image/ipad-pro-129-4th-gen-wi-ficellular"
"TABLET","Apple","apple","iPad Pro 12.9"" 4th Gen (Wi-Fi+Cellular)","ipad-pro-129-4th-gen-wi-ficellular","256 GB","","28179","YES","YES","https://www.cashall.in/api/v1/catalog/image/ipad-pro-129-4th-gen-wi-ficellular"
"TABLET","Apple","apple","iPad Pro 12.9"" 4th Gen (Wi-Fi+Cellular)","ipad-pro-129-4th-gen-wi-ficellular","512 GB","","29926","YES","YES","https://www.cashall.in/api/v1/catalog/image/ipad-pro-129-4th-gen-wi-ficellular"
"TABLET","Apple","apple","iPad Pro 12.9"" 5th Gen (Wi-Fi Only)","ipad-pro-129-5th-gen-wi-fi-only","1 TB","","44006","YES","YES","https://www.cashall.in/api/v1/catalog/image/ipad-pro-129-5th-gen-wi-fi-only"
"TABLET","Apple","apple","iPad Pro 12.9"" 5th Gen (Wi-Fi Only)","ipad-pro-129-5th-gen-wi-fi-only","128 GB","","34754","YES","YES","https://www.cashall.in/api/v1/catalog/image/ipad-pro-129-5th-gen-wi-fi-only"
"TABLET","Apple","apple","iPad Pro 12.9"" 5th Gen (Wi-Fi Only)","ipad-pro-129-5th-gen-wi-fi-only","2 TB","","47894","YES","YES","https://www.cashall.in/api/v1/catalog/image/ipad-pro-129-5th-gen-wi-fi-only"
"TABLET","Apple","apple","iPad Pro 12.9"" 5th Gen (Wi-Fi Only)","ipad-pro-129-5th-gen-wi-fi-only","256 GB","","36996","YES","YES","https://www.cashall.in/api/v1/catalog/image/ipad-pro-129-5th-gen-wi-fi-only"
"TABLET","Apple","apple","iPad Pro 12.9"" 5th Gen (Wi-Fi Only)","ipad-pro-129-5th-gen-wi-fi-only","512 GB","","41087","YES","YES","https://www.cashall.in/api/v1/catalog/image/ipad-pro-129-5th-gen-wi-fi-only"
"TABLET","Apple","apple","iPad Pro 12.9"" 5th Gen (Wi-Fi+Cellular)","ipad-pro-129-5th-gen-wi-ficellular","1 TB","","47894","YES","YES","https://www.cashall.in/api/v1/catalog/image/ipad-pro-129-5th-gen-wi-ficellular"
"TABLET","Apple","apple","iPad Pro 12.9"" 5th Gen (Wi-Fi+Cellular)","ipad-pro-129-5th-gen-wi-ficellular","128 GB","","37188","YES","YES","https://www.cashall.in/api/v1/catalog/image/ipad-pro-129-5th-gen-wi-ficellular"
"TABLET","Apple","apple","iPad Pro 12.9"" 5th Gen (Wi-Fi+Cellular)","ipad-pro-129-5th-gen-wi-ficellular","2 TB","","52278","YES","YES","https://www.cashall.in/api/v1/catalog/image/ipad-pro-129-5th-gen-wi-ficellular"
"TABLET","Apple","apple","iPad Pro 12.9"" 5th Gen (Wi-Fi+Cellular)","ipad-pro-129-5th-gen-wi-ficellular","256 GB","","40016","YES","YES","https://www.cashall.in/api/v1/catalog/image/ipad-pro-129-5th-gen-wi-ficellular"
"TABLET","Apple","apple","iPad Pro 12.9"" 5th Gen (Wi-Fi+Cellular)","ipad-pro-129-5th-gen-wi-ficellular","512 GB","","45460","YES","YES","https://www.cashall.in/api/v1/catalog/image/ipad-pro-129-5th-gen-wi-ficellular"
"TABLET","Apple","apple","iPad Pro 13 Inch M4 Cellular 2024","ipad-pro-13-inch-m4-cellular-2024","1 TB","","87365","YES","YES","https://www.cashall.in/api/v1/catalog/image/ipad-pro-13-inch-m4-cellular-2024"
"TABLET","Apple","apple","iPad Pro 13 Inch M4 Cellular 2024","ipad-pro-13-inch-m4-cellular-2024","2 TB","","90900","YES","YES","https://www.cashall.in/api/v1/catalog/image/ipad-pro-13-inch-m4-cellular-2024"
"TABLET","Apple","apple","iPad Pro 13 Inch M4 Cellular 2024","ipad-pro-13-inch-m4-cellular-2024","256 GB","","74740","YES","YES","https://www.cashall.in/api/v1/catalog/image/ipad-pro-13-inch-m4-cellular-2024"
"TABLET","Apple","apple","iPad Pro 13 Inch M4 Cellular 2024","ipad-pro-13-inch-m4-cellular-2024","512 GB","","83325","YES","YES","https://www.cashall.in/api/v1/catalog/image/ipad-pro-13-inch-m4-cellular-2024"
"TABLET","Apple","apple","iPad Pro 13 inch M4 Wi Fi 2024","ipad-pro-13-inch-m4-wi-fi-2024","1 TB","","78780","YES","YES","https://www.cashall.in/api/v1/catalog/image/ipad-pro-13-inch-m4-wi-fi-2024"
"TABLET","Apple","apple","iPad Pro 13 inch M4 Wi Fi 2024","ipad-pro-13-inch-m4-wi-fi-2024","2 TB","","83830","YES","YES","https://www.cashall.in/api/v1/catalog/image/ipad-pro-13-inch-m4-wi-fi-2024"
"TABLET","Apple","apple","iPad Pro 13 inch M4 Wi Fi 2024","ipad-pro-13-inch-m4-wi-fi-2024","256 GB","","68680","YES","YES","https://www.cashall.in/api/v1/catalog/image/ipad-pro-13-inch-m4-wi-fi-2024"
"TABLET","Apple","apple","iPad Pro 13 inch M4 Wi Fi 2024","ipad-pro-13-inch-m4-wi-fi-2024","512 GB","","74235","YES","YES","https://www.cashall.in/api/v1/catalog/image/ipad-pro-13-inch-m4-wi-fi-2024"
"TABLET","Apple","apple","iPad Pro 13 inch M5 Cellular","ipad-pro-13-inch-m5-cellular","1 TB","12 GB","119180","YES","YES","https://www.cashall.in/api/v1/catalog/image/ipad-pro-13-inch-m5-cellular"
"TABLET","Apple","apple","iPad Pro 13 inch M5 Cellular","ipad-pro-13-inch-m5-cellular","2 TB","12 GB","129280","YES","YES","https://www.cashall.in/api/v1/catalog/image/ipad-pro-13-inch-m5-cellular"
"TABLET","Apple","apple","iPad Pro 13 inch M5 Cellular","ipad-pro-13-inch-m5-cellular","256 GB","12 GB","101000","YES","YES","https://www.cashall.in/api/v1/catalog/image/ipad-pro-13-inch-m5-cellular"
"TABLET","Apple","apple","iPad Pro 13 inch M5 Cellular","ipad-pro-13-inch-m5-cellular","512 GB","12 GB","111100","YES","YES","https://www.cashall.in/api/v1/catalog/image/ipad-pro-13-inch-m5-cellular"
"TABLET","Apple","apple","iPad Pro 13 inch M5 WiFi","ipad-pro-13-inch-m5-wifi","1 TB","12 GB","108070","YES","YES","https://www.cashall.in/api/v1/catalog/image/ipad-pro-13-inch-m5-wifi"
"TABLET","Apple","apple","iPad Pro 13 inch M5 WiFi","ipad-pro-13-inch-m5-wifi","2 TB","12 GB","118675","YES","YES","https://www.cashall.in/api/v1/catalog/image/ipad-pro-13-inch-m5-wifi"
"TABLET","Apple","apple","iPad Pro 13 inch M5 WiFi","ipad-pro-13-inch-m5-wifi","256 GB","12 GB","86860","YES","YES","https://www.cashall.in/api/v1/catalog/image/ipad-pro-13-inch-m5-wifi"
"TABLET","Apple","apple","iPad Pro 13 inch M5 WiFi","ipad-pro-13-inch-m5-wifi","512 GB","12 GB","97970","YES","YES","https://www.cashall.in/api/v1/catalog/image/ipad-pro-13-inch-m5-wifi"
"TABLET","Apple","apple","iPad Pro 9.7 Inch Cellular 2016","ipad-pro-97-inch-cellular-2016","128 GB","","9090","YES","YES","https://www.cashall.in/api/v1/catalog/image/ipad-pro-97-inch-cellular-2016"
"TABLET","Apple","apple","iPad Pro 9.7 Inch Cellular 2016","ipad-pro-97-inch-cellular-2016","256 GB","","10100","YES","YES","https://www.cashall.in/api/v1/catalog/image/ipad-pro-97-inch-cellular-2016"
"TABLET","Apple","apple","iPad Pro 9.7 Inch Cellular 2016","ipad-pro-97-inch-cellular-2016","32 GB","","8080","YES","YES","https://www.cashall.in/api/v1/catalog/image/ipad-pro-97-inch-cellular-2016"
"TABLET","Apple","apple","iPad Pro 9.7 inch Wi Fi 2016","ipad-pro-97-inch-wi-fi-2016","128 GB","","8080","YES","YES","https://www.cashall.in/api/v1/catalog/image/ipad-pro-97-inch-wi-fi-2016"
"TABLET","Apple","apple","iPad Pro 9.7 inch Wi Fi 2016","ipad-pro-97-inch-wi-fi-2016","256 GB","","8585","YES","YES","https://www.cashall.in/api/v1/catalog/image/ipad-pro-97-inch-wi-fi-2016"
"TABLET","Apple","apple","iPad Pro 9.7 inch Wi Fi 2016","ipad-pro-97-inch-wi-fi-2016","32 GB","","7575","YES","YES","https://www.cashall.in/api/v1/catalog/image/ipad-pro-97-inch-wi-fi-2016"
"TABLET","Apple","apple","iPad Pro 9.7"" 1st Gen (Wi-Fi Only)","ipad-pro-97-1st-gen-wi-fi-only","128 GB","","10363","YES","YES","https://www.cashall.in/api/v1/catalog/image/ipad-pro-97-1st-gen-wi-fi-only"
"TABLET","Apple","apple","iPad Pro 9.7"" 1st Gen (Wi-Fi Only)","ipad-pro-97-1st-gen-wi-fi-only","256 GB","","11322","YES","YES","https://www.cashall.in/api/v1/catalog/image/ipad-pro-97-1st-gen-wi-fi-only"
"TABLET","Apple","apple","iPad Pro 9.7"" 1st Gen (Wi-Fi Only)","ipad-pro-97-1st-gen-wi-fi-only","32 GB","","10080","YES","YES","https://www.cashall.in/api/v1/catalog/image/ipad-pro-97-1st-gen-wi-fi-only"
"TABLET","Apple","apple","iPad Pro 9.7"" 1st Gen (Wi-Fi+Cellular)","ipad-pro-97-1st-gen-wi-ficellular","128 GB","","11615","YES","YES","https://www.cashall.in/api/v1/catalog/image/ipad-pro-97-1st-gen-wi-ficellular"
"TABLET","Apple","apple","iPad Pro 9.7"" 1st Gen (Wi-Fi+Cellular)","ipad-pro-97-1st-gen-wi-ficellular","256 GB","","12474","YES","YES","https://www.cashall.in/api/v1/catalog/image/ipad-pro-97-1st-gen-wi-ficellular"
"TABLET","Apple","apple","iPad Pro 9.7"" 1st Gen (Wi-Fi+Cellular)","ipad-pro-97-1st-gen-wi-ficellular","32 GB","","10272","YES","YES","https://www.cashall.in/api/v1/catalog/image/ipad-pro-97-1st-gen-wi-ficellular"
"TABLET","Apple","apple","iPad Pro M4 11"" (Wi-Fi + Cellular)","ipad-pro-m4-11-wi-fi-cellular","1 TB","","68508","YES","YES","https://www.cashall.in/api/v1/catalog/image/ipad-pro-m4-11-wi-fi-cellular"
"TABLET","Apple","apple","iPad Pro M4 11"" (Wi-Fi + Cellular)","ipad-pro-m4-11-wi-fi-cellular","2 TB","","72831","YES","YES","https://www.cashall.in/api/v1/catalog/image/ipad-pro-m4-11-wi-fi-cellular"
"TABLET","Apple","apple","iPad Pro M4 11"" (Wi-Fi + Cellular)","ipad-pro-m4-11-wi-fi-cellular","256 GB","","56227","YES","YES","https://www.cashall.in/api/v1/catalog/image/ipad-pro-m4-11-wi-fi-cellular"
"TABLET","Apple","apple","iPad Pro M4 11"" (Wi-Fi + Cellular)","ipad-pro-m4-11-wi-fi-cellular","512 GB","","63236","YES","YES","https://www.cashall.in/api/v1/catalog/image/ipad-pro-m4-11-wi-fi-cellular"
"TABLET","Apple","apple","iPad Pro M4 11"" (Wi-Fi Only)","ipad-pro-m4-11-wi-fi-only","1 TB","","61317","YES","YES","https://www.cashall.in/api/v1/catalog/image/ipad-pro-m4-11-wi-fi-only"
"TABLET","Apple","apple","iPad Pro M4 11"" (Wi-Fi Only)","ipad-pro-m4-11-wi-fi-only","2 TB","","66206","YES","YES","https://www.cashall.in/api/v1/catalog/image/ipad-pro-m4-11-wi-fi-only"
"TABLET","Apple","apple","iPad Pro M4 11"" (Wi-Fi Only)","ipad-pro-m4-11-wi-fi-only","256 GB","","50187","YES","YES","https://www.cashall.in/api/v1/catalog/image/ipad-pro-m4-11-wi-fi-only"
"TABLET","Apple","apple","iPad Pro M4 11"" (Wi-Fi Only)","ipad-pro-m4-11-wi-fi-only","512 GB","","56035","YES","YES","https://www.cashall.in/api/v1/catalog/image/ipad-pro-m4-11-wi-fi-only"
"TABLET","Apple","apple","iPad Pro M4 13"" (Wi-Fi + Cellular)","ipad-pro-m4-13-wi-fi-cellular","1 TB","","82709","YES","YES","https://www.cashall.in/api/v1/catalog/image/ipad-pro-m4-13-wi-fi-cellular"
"TABLET","Apple","apple","iPad Pro M4 13"" (Wi-Fi + Cellular)","ipad-pro-m4-13-wi-fi-cellular","2 TB","","86355","YES","YES","https://www.cashall.in/api/v1/catalog/image/ipad-pro-m4-13-wi-fi-cellular"
"TABLET","Apple","apple","iPad Pro M4 13"" (Wi-Fi + Cellular)","ipad-pro-m4-13-wi-fi-cellular","256 GB","","71104","YES","YES","https://www.cashall.in/api/v1/catalog/image/ipad-pro-m4-13-wi-fi-cellular"
"TABLET","Apple","apple","iPad Pro M4 13"" (Wi-Fi + Cellular)","ipad-pro-m4-13-wi-fi-cellular","512 GB","","78871","YES","YES","https://www.cashall.in/api/v1/catalog/image/ipad-pro-m4-13-wi-fi-cellular"
"TABLET","Apple","apple","iPad Pro M4 13"" (Wi-Fi Only)","ipad-pro-m4-13-wi-fi-only","1 TB","","74942","YES","YES","https://www.cashall.in/api/v1/catalog/image/ipad-pro-m4-13-wi-fi-only"
"TABLET","Apple","apple","iPad Pro M4 13"" (Wi-Fi Only)","ipad-pro-m4-13-wi-fi-only","2 TB","","79638","YES","YES","https://www.cashall.in/api/v1/catalog/image/ipad-pro-m4-13-wi-fi-only"
"TABLET","Apple","apple","iPad Pro M4 13"" (Wi-Fi Only)","ipad-pro-m4-13-wi-fi-only","256 GB","","64579","YES","YES","https://www.cashall.in/api/v1/catalog/image/ipad-pro-m4-13-wi-fi-only"
"TABLET","Apple","apple","iPad Pro M4 13"" (Wi-Fi Only)","ipad-pro-m4-13-wi-fi-only","512 GB","","70336","YES","YES","https://www.cashall.in/api/v1/catalog/image/ipad-pro-m4-13-wi-fi-only"
"TABLET","Honor","honor","Honor MediaPad T3 10 (2 GB/16 GB)","honor-mediapad-t3-10-2-gb16-gb","16 GB","2 GB","1687","NO","YES","https://www.cashall.in/api/v1/catalog/image/honor-mediapad-t3-10-2-gb16-gb"
"TABLET","Honor","honor","Honor MediaPad T3 10 (3 GB/32 GB)","honor-mediapad-t3-10-3-gb32-gb","32 GB","3 GB","1717","NO","YES","https://www.cashall.in/api/v1/catalog/image/honor-mediapad-t3-10-3-gb32-gb"
"TABLET","Honor","honor","Honor MediaPad T3 8.0 (2 GB/16 GB)","honor-mediapad-t3-80-2-gb16-gb","16 GB","2 GB","1252","NO","YES","https://www.cashall.in/api/v1/catalog/image/honor-mediapad-t3-80-2-gb16-gb"
"TABLET","Honor","honor","Honor MediaPad T3 8.0 (3 GB/32 GB)","honor-mediapad-t3-80-3-gb32-gb","32 GB","3 GB","1515","NO","YES","https://www.cashall.in/api/v1/catalog/image/honor-mediapad-t3-80-3-gb32-gb"
"TABLET","Honor","honor","Honor Pad 5 10.1 (3 GB/32 GB)","honor-pad-5-101-3-gb32-gb","32 GB","3 GB","3343","NO","YES","https://www.cashall.in/api/v1/catalog/image/honor-pad-5-101-3-gb32-gb"
"TABLET","Honor","honor","Honor Pad 5 10.1 (4 GB/64 GB)","honor-pad-5-101-4-gb64-gb","64 GB","4 GB","3626","NO","YES","https://www.cashall.in/api/v1/catalog/image/honor-pad-5-101-4-gb64-gb"
"TABLET","Honor","honor","Honor Pad 5 8 (3 GB/32 GB)","honor-pad-5-8-3-gb32-gb","32 GB","3 GB","2030","NO","YES","https://www.cashall.in/api/v1/catalog/image/honor-pad-5-8-3-gb32-gb"
"TABLET","Honor","honor","Honor Pad 5 8 (4 GB/64 GB)","honor-pad-5-8-4-gb64-gb","64 GB","4 GB","2505","NO","YES","https://www.cashall.in/api/v1/catalog/image/honor-pad-5-8-4-gb64-gb"
"TABLET","Honor","honor","Honor Pad 8 (4 GB/128 GB) WiFi Only","honor-pad-8-4-gb128-gb-wifi-only","128 GB","4 GB","5767","NO","YES","https://www.cashall.in/api/v1/catalog/image/honor-pad-8-4-gb128-gb-wifi-only"
"TABLET","Honor","honor","Honor Pad 8 (6 GB/128 GB) WiFi Only","honor-pad-8-6-gb128-gb-wifi-only","128 GB","6 GB","6191","NO","YES","https://www.cashall.in/api/v1/catalog/image/honor-pad-8-6-gb128-gb-wifi-only"
"TABLET","Honor","honor","Honor Pad 9 (8 GB/256 GB)","honor-pad-9-8-gb256-gb","256 GB","8 GB","9140","NO","YES","https://www.cashall.in/api/v1/catalog/image/honor-pad-9-8-gb256-gb"
"TABLET","Honor","honor","Honor Pad X8 (3 GB/32 GB)","honor-pad-x8-3-gb32-gb","32 GB","3 GB","3505","NO","YES","https://www.cashall.in/api/v1/catalog/image/honor-pad-x8-3-gb32-gb"
"TABLET","Honor","honor","Honor Pad X8 (4 GB/64 GB)","honor-pad-x8-4-gb64-gb","64 GB","4 GB","4161","NO","YES","https://www.cashall.in/api/v1/catalog/image/honor-pad-x8-4-gb64-gb"
"TABLET","Honor","honor","Honor Pad X8a (4 GB/128 GB) WiFi Only","honor-pad-x8a-4-gb128-gb-wifi-only","128 GB","4 GB","4020","NO","YES","https://www.cashall.in/api/v1/catalog/image/honor-pad-x8a-4-gb128-gb-wifi-only"
"TABLET","Honor","honor","Honor Pad X9 (4 GB/128 GB)","honor-pad-x9-4-gb128-gb","128 GB","4 GB","5767","NO","YES","https://www.cashall.in/api/v1/catalog/image/honor-pad-x9-4-gb128-gb"
"TABLET","Honor","honor","Honor Pad X9 (8 GB/128 GB)","honor-pad-x9-8-gb128-gb","128 GB","8 GB","6858","NO","YES","https://www.cashall.in/api/v1/catalog/image/honor-pad-x9-8-gb128-gb"
"TABLET","Honor","honor","Honor Tab 5 (3 GB/32 GB)","honor-tab-5-3-gb32-gb","32 GB","3 GB","1858","NO","YES","https://www.cashall.in/api/v1/catalog/image/honor-tab-5-3-gb32-gb"
"TABLET","Honor","honor","Honor Tab 5 (4 GB/64 GB)","honor-tab-5-4-gb64-gb","64 GB","4 GB","2656","NO","YES","https://www.cashall.in/api/v1/catalog/image/honor-tab-5-4-gb64-gb"
"TABLET","Huawei","huawei","Huawei MatePad T8 LTE (2 GB/32 GB)","huawei-matepad-t8-lte-2-gb32-gb","32 GB","2 GB","4727","NO","YES","https://www.cashall.in/api/v1/catalog/image/huawei-matepad-t8-lte-2-gb32-gb"
"TABLET","Huawei","huawei","Huawei MatePad T8 WiFi (2 GB/32 GB)","huawei-matepad-t8-wifi-2-gb32-gb","32 GB","2 GB","3798","NO","YES","https://www.cashall.in/api/v1/catalog/image/huawei-matepad-t8-wifi-2-gb32-gb"
"TABLET","Huawei","huawei","Huawei MediaPad M5 Lite (3 GB/32 GB)","huawei-mediapad-m5-lite-3-gb32-gb","32 GB","3 GB","3495","NO","YES","https://www.cashall.in/api/v1/catalog/image/huawei-mediapad-m5-lite-3-gb32-gb"
"TABLET","Huawei","huawei","Huawei MediaPad M5 Lite (4 GB/64 GB)","huawei-mediapad-m5-lite-4-gb64-gb","64 GB","4 GB","3757","NO","YES","https://www.cashall.in/api/v1/catalog/image/huawei-mediapad-m5-lite-4-gb64-gb"
"TABLET","Huawei","huawei","Huawei Mediapad T3 10","huawei-mediapad-t3-10","16 GB","2 GB","1697","NO","YES","https://www.cashall.in/api/v1/catalog/image/huawei-mediapad-t3-10"
"TABLET","Huawei","huawei","Huawei Mediapad T3 10","huawei-mediapad-t3-10","32 GB","3 GB","2232","NO","YES","https://www.cashall.in/api/v1/catalog/image/huawei-mediapad-t3-10"
"TABLET","Huawei","huawei","Huawei Mediapad T3 7.0","huawei-mediapad-t3-70","16 GB","2 GB","1798","NO","YES","https://www.cashall.in/api/v1/catalog/image/huawei-mediapad-t3-70"
"TABLET","Huawei","huawei","Huawei Mediapad T3 7.0","huawei-mediapad-t3-70","8 GB","1 GB","1515","NO","YES","https://www.cashall.in/api/v1/catalog/image/huawei-mediapad-t3-70"
"TABLET","Huawei","huawei","Huawei MediaPad T5 (2 GB/16 GB)","huawei-mediapad-t5-2-gb16-gb","16 GB","2 GB","2424","NO","YES","https://www.cashall.in/api/v1/catalog/image/huawei-mediapad-t5-2-gb16-gb"
"TABLET","Huawei","huawei","Huawei MediaPad T5 (3 GB/32 GB)","huawei-mediapad-t5-3-gb32-gb","32 GB","3 GB","2495","NO","YES","https://www.cashall.in/api/v1/catalog/image/huawei-mediapad-t5-3-gb32-gb"
"TABLET","Lenovo","lenovo","Lenovo A7-50 Tablet","lenovo-a7-50-tablet","16 GB","","2045","NO","YES","https://www.cashall.in/api/v1/catalog/image/lenovo-a7-50-tablet"
"TABLET","Lenovo","lenovo","Lenovo A8-50 Tablet 3G","lenovo-a8-50-tablet-3g","16 GB","","1687","NO","YES","https://www.cashall.in/api/v1/catalog/image/lenovo-a8-50-tablet-3g"
"TABLET","Lenovo","lenovo","Lenovo Idea Tab A3000 Tablet","lenovo-idea-tab-a3000-tablet","16 GB","","2045","NO","YES","https://www.cashall.in/api/v1/catalog/image/lenovo-idea-tab-a3000-tablet"
"TABLET","Lenovo","lenovo","Lenovo Idea Tab Pro Gen 2","lenovo-idea-tab-pro-gen-2","256 GB","12 GB","23735","NO","YES","https://www.cashall.in/api/v1/catalog/image/lenovo-idea-tab-pro-gen-2"
"TABLET","Lenovo","lenovo","Lenovo Idea Tab Pro Gen 2","lenovo-idea-tab-pro-gen-2","256 GB","8 GB","21210","NO","YES","https://www.cashall.in/api/v1/catalog/image/lenovo-idea-tab-pro-gen-2"
"TABLET","Lenovo","lenovo","Lenovo Smart Tab M10 HD Plus 10.3 LTE","lenovo-smart-tab-m10-hd-plus-103-lte","128 GB","","6060","NO","YES","https://www.cashall.in/api/v1/catalog/image/lenovo-smart-tab-m10-hd-plus-103-lte"
"TABLET","Lenovo","lenovo","Lenovo Tab 10 (1 GB/16 GB) 10.1 inch Wi-Fi","lenovo-tab-10-1-gb16-gb-101-inch-wi-fi","16 GB","1 GB","1091","NO","YES","https://www.cashall.in/api/v1/catalog/image/lenovo-tab-10-1-gb16-gb-101-inch-wi-fi"
"TABLET","Lenovo","lenovo","Lenovo Tab 10 10.1 Inch Wi Fi","lenovo-tab-10-101-inch-wi-fi","16 GB","2 GB","1515","NO","YES","https://www.cashall.in/api/v1/catalog/image/lenovo-tab-10-101-inch-wi-fi"
"TABLET","Lenovo","lenovo","Lenovo Tab 2 A850 (1 GB/16 GB) 8 inch Wi-Fi+4G","lenovo-tab-2-a850-1-gb16-gb-8-inch-wi-fi4g","16 GB","1 GB","1707","NO","YES","https://www.cashall.in/api/v1/catalog/image/lenovo-tab-2-a850-1-gb16-gb-8-inch-wi-fi4g"
"TABLET","Lenovo","lenovo","Lenovo Tab 4 10 4G","lenovo-tab-4-10-4g","16 GB","","2323","NO","YES","https://www.cashall.in/api/v1/catalog/image/lenovo-tab-4-10-4g"
"TABLET","Lenovo","lenovo","Lenovo Tab 4 10 Plus 4G","lenovo-tab-4-10-plus-4g","64 GB","","2727","NO","YES","https://www.cashall.in/api/v1/catalog/image/lenovo-tab-4-10-plus-4g"
"TABLET","Lenovo","lenovo","Lenovo Tab 4 10 Plus WiFi+4G (3 GB/16 GB)","lenovo-tab-4-10-plus-wifi4g-3-gb16-gb","16 GB","3 GB","2495","NO","YES","https://www.cashall.in/api/v1/catalog/image/lenovo-tab-4-10-plus-wifi4g-3-gb16-gb"
"TABLET","Lenovo","lenovo","Lenovo Tab 4 10 Plus WiFi+4G (4 GB/64 GB)","lenovo-tab-4-10-plus-wifi4g-4-gb64-gb","64 GB","4 GB","2636","NO","YES","https://www.cashall.in/api/v1/catalog/image/lenovo-tab-4-10-plus-wifi4g-4-gb64-gb"
"TABLET","Lenovo","lenovo","Lenovo Tab 4 10 Wi Fi","lenovo-tab-4-10-wi-fi","16 GB","","3030","NO","YES","https://www.cashall.in/api/v1/catalog/image/lenovo-tab-4-10-wi-fi"
"TABLET","Lenovo","lenovo","Lenovo Tab 4 10 WiFi Only (2 GB/16 GB)","lenovo-tab-4-10-wifi-only-2-gb16-gb","16 GB","2 GB","1788","NO","YES","https://www.cashall.in/api/v1/catalog/image/lenovo-tab-4-10-wifi-only-2-gb16-gb"
"TABLET","Lenovo","lenovo","Lenovo Tab 4 10 WiFi+4G (2 GB/16 GB)","lenovo-tab-4-10-wifi4g-2-gb16-gb","16 GB","2 GB","2303","NO","YES","https://www.cashall.in/api/v1/catalog/image/lenovo-tab-4-10-wifi4g-2-gb16-gb"
"TABLET","Lenovo","lenovo","Lenovo Tab 4 8 Plus WiFi+4G (3 GB/16 GB)","lenovo-tab-4-8-plus-wifi4g-3-gb16-gb","16 GB","3 GB","2020","NO","YES","https://www.cashall.in/api/v1/catalog/image/lenovo-tab-4-8-plus-wifi4g-3-gb16-gb"
"TABLET","Lenovo","lenovo","Lenovo Tab 4 8 Plus WiFi+4G (4 GB/64 GB)","lenovo-tab-4-8-plus-wifi4g-4-gb64-gb","64 GB","4 GB","2535","NO","YES","https://www.cashall.in/api/v1/catalog/image/lenovo-tab-4-8-plus-wifi4g-4-gb64-gb"
"TABLET","Lenovo","lenovo","Lenovo Tab 4 8 WiFi+4G (2 GB/16 GB)","lenovo-tab-4-8-wifi4g-2-gb16-gb","16 GB","2 GB","1313","NO","YES","https://www.cashall.in/api/v1/catalog/image/lenovo-tab-4-8-wifi4g-2-gb16-gb"
"TABLET","Lenovo","lenovo","Lenovo Tab 7 Essential 4G","lenovo-tab-7-essential-4g","16 GB","","1717","NO","YES","https://www.cashall.in/api/v1/catalog/image/lenovo-tab-7-essential-4g"
"TABLET","Lenovo","lenovo","Lenovo Tab 7 Essential Wi Fi","lenovo-tab-7-essential-wi-fi","8 GB","","1515","NO","YES","https://www.cashall.in/api/v1/catalog/image/lenovo-tab-7-essential-wi-fi"
"TABLET","Lenovo","lenovo","Lenovo Tab 7 Essential WiFi Only (1 GB/8 GB)","lenovo-tab-7-essential-wifi-only-1-gb8-gb","8 GB","1 GB","717","NO","YES","https://www.cashall.in/api/v1/catalog/image/lenovo-tab-7-essential-wifi-only-1-gb8-gb"
"TABLET","Lenovo","lenovo","Lenovo Tab 7 Essential WiFi+4G (1 GB/16 GB)","lenovo-tab-7-essential-wifi4g-1-gb16-gb","16 GB","1 GB","869","NO","YES","https://www.cashall.in/api/v1/catalog/image/lenovo-tab-7-essential-wifi4g-1-gb16-gb"
"TABLET","Lenovo","lenovo","Lenovo Tab 7 WiFi+4G (1 GB/16 GB)","lenovo-tab-7-wifi4g-1-gb16-gb","16 GB","1 GB","939","NO","YES","https://www.cashall.in/api/v1/catalog/image/lenovo-tab-7-wifi4g-1-gb16-gb"
"TABLET","Lenovo","lenovo","Lenovo Tab A10","lenovo-tab-a10","16 GB","","2045","NO","YES","https://www.cashall.in/api/v1/catalog/image/lenovo-tab-a10"
"TABLET","Lenovo","lenovo","Lenovo Tab E8 (1 GB/16 GB) 8 inch Wi-Fi","lenovo-tab-e8-1-gb16-gb-8-inch-wi-fi","16 GB","1 GB","869","NO","YES","https://www.cashall.in/api/v1/catalog/image/lenovo-tab-e8-1-gb16-gb-8-inch-wi-fi"
"TABLET","Lenovo","lenovo","Lenovo Tab E8 (2 GB/16 GB) 8 inch Wi-Fi","lenovo-tab-e8-2-gb16-gb-8-inch-wi-fi","16 GB","2 GB","1030","NO","YES","https://www.cashall.in/api/v1/catalog/image/lenovo-tab-e8-2-gb16-gb-8-inch-wi-fi"
"TABLET","Lenovo","lenovo","Lenovo Tab K10 FHD 10.3 LTE","lenovo-tab-k10-fhd-103-lte","64 GB","","4646","NO","YES","https://www.cashall.in/api/v1/catalog/image/lenovo-tab-k10-fhd-103-lte"
"TABLET","Lenovo","lenovo","Lenovo tab K11 Gen 2 4G","lenovo-tab-k11-gen-2-4g","256 GB","8 GB","11110","NO","YES","https://www.cashall.in/api/v1/catalog/image/lenovo-tab-k11-gen-2-4g"
"TABLET","Lenovo","lenovo","Lenovo Tab K11 LTE","lenovo-tab-k11-lte","128 GB","4 GB","7474","NO","YES","https://www.cashall.in/api/v1/catalog/image/lenovo-tab-k11-lte"
"TABLET","Lenovo","lenovo","Lenovo Tab K11 LTE","lenovo-tab-k11-lte","128 GB","8 GB","8282","NO","YES","https://www.cashall.in/api/v1/catalog/image/lenovo-tab-k11-lte"
"TABLET","Lenovo","lenovo","Lenovo Tab K11 Wi Fi","lenovo-tab-k11-wi-fi","128 GB","8 GB","8080","NO","YES","https://www.cashall.in/api/v1/catalog/image/lenovo-tab-k11-wi-fi"
"TABLET","Lenovo","lenovo","Lenovo Tab M10 (HD) 2nd Gen (4 GB/64 GB) 10.1 inch Wi-Fi+4G","lenovo-tab-m10-hd-2nd-gen-4-gb64-gb-101-inch-wi-fi4g","64 GB","4 GB","4090","NO","YES","https://www.cashall.in/api/v1/catalog/image/lenovo-tab-m10-hd-2nd-gen-4-gb64-gb-101-inch-wi-fi4g"
"TABLET","Lenovo","lenovo","Lenovo Tab M10 4G","lenovo-tab-m10-4g","32 GB","","3434","NO","YES","https://www.cashall.in/api/v1/catalog/image/lenovo-tab-m10-4g"
"TABLET","Lenovo","lenovo","Lenovo Tab M10 5G","lenovo-tab-m10-5g","128 GB","6 GB","7777","NO","YES","https://www.cashall.in/api/v1/catalog/image/lenovo-tab-m10-5g"
"TABLET","Lenovo","lenovo","Lenovo Tab M10 5G","lenovo-tab-m10-5g","128 GB","4 GB","7575","NO","YES","https://www.cashall.in/api/v1/catalog/image/lenovo-tab-m10-5g"
"TABLET","Lenovo","lenovo","Lenovo Tab M10 FHD Plus 10.3 LTE","lenovo-tab-m10-fhd-plus-103-lte","32 GB","","4444","NO","YES","https://www.cashall.in/api/v1/catalog/image/lenovo-tab-m10-fhd-plus-103-lte"
"TABLET","Lenovo","lenovo","Lenovo Tab M10 FHD Plus Wifi","lenovo-tab-m10-fhd-plus-wifi","32 GB","2 GB","4040","NO","YES","https://www.cashall.in/api/v1/catalog/image/lenovo-tab-m10-fhd-plus-wifi"
"TABLET","Lenovo","lenovo","Lenovo Tab M10 Gen 3 LTE","lenovo-tab-m10-gen-3-lte","64 GB","4 GB","5252","NO","YES","https://www.cashall.in/api/v1/catalog/image/lenovo-tab-m10-gen-3-lte"
"TABLET","Lenovo","lenovo","Lenovo Tab M10 Gen 3 Wifi","lenovo-tab-m10-gen-3-wifi","64 GB","4 GB","3535","NO","YES","https://www.cashall.in/api/v1/catalog/image/lenovo-tab-m10-gen-3-wifi"
"TABLET","Lenovo","lenovo","Lenovo Tab M10 HD 2nd Gen 10.1 inch 4G","lenovo-tab-m10-hd-2nd-gen-101-inch-4g","64 GB","","5050","NO","YES","https://www.cashall.in/api/v1/catalog/image/lenovo-tab-m10-hd-2nd-gen-101-inch-4g"
"TABLET","Lenovo","lenovo","Lenovo Tab M10 HD 2nd Gen 10.1 WiFi","lenovo-tab-m10-hd-2nd-gen-101-wifi","64 GB","","4545","NO","YES","https://www.cashall.in/api/v1/catalog/image/lenovo-tab-m10-hd-2nd-gen-101-wifi"
"TABLET","Lenovo","lenovo","Lenovo Tab M10 HD 4G","lenovo-tab-m10-hd-4g","32 GB","","3030","NO","YES","https://www.cashall.in/api/v1/catalog/image/lenovo-tab-m10-hd-4g"
"TABLET","Lenovo","lenovo","Lenovo Tab M10 HD Wi Fi","lenovo-tab-m10-hd-wi-fi","32 GB","","2828","NO","YES","https://www.cashall.in/api/v1/catalog/image/lenovo-tab-m10-hd-wi-fi"
"TABLET","Lenovo","lenovo","Lenovo Tab M10 HD WiFi Only (2 GB/32 GB)","lenovo-tab-m10-hd-wifi-only-2-gb32-gb","32 GB","2 GB","2727","NO","YES","https://www.cashall.in/api/v1/catalog/image/lenovo-tab-m10-hd-wifi-only-2-gb32-gb"
"TABLET","Lenovo","lenovo","Lenovo Tab M10 HD WiFi+4G (2 GB/16 GB)","lenovo-tab-m10-hd-wifi4g-2-gb16-gb","16 GB","2 GB","2818","NO","YES","https://www.cashall.in/api/v1/catalog/image/lenovo-tab-m10-hd-wifi4g-2-gb16-gb"
"TABLET","Lenovo","lenovo","Lenovo Tab M10 HD WiFi+4G (2 GB/32 GB)","lenovo-tab-m10-hd-wifi4g-2-gb32-gb","32 GB","2 GB","3202","NO","YES","https://www.cashall.in/api/v1/catalog/image/lenovo-tab-m10-hd-wifi4g-2-gb32-gb"
"TABLET","Lenovo","lenovo","Lenovo Tab M10 HD WiFi+4G (3 GB/32 GB)","lenovo-tab-m10-hd-wifi4g-3-gb32-gb","32 GB","3 GB","3525","NO","YES","https://www.cashall.in/api/v1/catalog/image/lenovo-tab-m10-hd-wifi4g-3-gb32-gb"
"TABLET","Lenovo","lenovo","Lenovo Tab M10 Plus 3rd Gen LTE","lenovo-tab-m10-plus-3rd-gen-lte","128 GB","6 GB","5757","NO","YES","https://www.cashall.in/api/v1/catalog/image/lenovo-tab-m10-plus-3rd-gen-lte"
"TABLET","Lenovo","lenovo","Lenovo Tab M10 Plus 3rd Gen Wifi","lenovo-tab-m10-plus-3rd-gen-wifi","128 GB","6 GB","5353","NO","YES","https://www.cashall.in/api/v1/catalog/image/lenovo-tab-m10-plus-3rd-gen-wifi"
"TABLET","Lenovo","lenovo","Lenovo Tab M10 Plus 4G","lenovo-tab-m10-plus-4g","128 GB","4 GB","5454","NO","YES","https://www.cashall.in/api/v1/catalog/image/lenovo-tab-m10-plus-4g"
"TABLET","Lenovo","lenovo","Lenovo Tab M10 Plus Wi-Fi+4G (3 GB/32 GB)","lenovo-tab-m10-plus-wi-fi4g-3-gb32-gb","32 GB","3 GB","3666","NO","YES","https://www.cashall.in/api/v1/catalog/image/lenovo-tab-m10-plus-wi-fi4g-3-gb32-gb"
"TABLET","Lenovo","lenovo","Lenovo Tab M10 Plus Wi-Fi+4G (4 GB/128 GB)","lenovo-tab-m10-plus-wi-fi4g-4-gb128-gb","128 GB","4 GB","4464","NO","YES","https://www.cashall.in/api/v1/catalog/image/lenovo-tab-m10-plus-wi-fi4g-4-gb128-gb"
"TABLET","Lenovo","lenovo","Lenovo Tab M10 Wi Fi","lenovo-tab-m10-wi-fi","32 GB","","3535","NO","YES","https://www.cashall.in/api/v1/catalog/image/lenovo-tab-m10-wi-fi"
"TABLET","Lenovo","lenovo","Lenovo Tab M10 WiFi Only (2 GB/16 GB)","lenovo-tab-m10-wifi-only-2-gb16-gb","16 GB","2 GB","2353","NO","YES","https://www.cashall.in/api/v1/catalog/image/lenovo-tab-m10-wifi-only-2-gb16-gb"
"TABLET","Lenovo","lenovo","Lenovo Tab M10 WiFi Only (3 GB/32 GB)","lenovo-tab-m10-wifi-only-3-gb32-gb","32 GB","3 GB","3101","NO","YES","https://www.cashall.in/api/v1/catalog/image/lenovo-tab-m10-wifi-only-3-gb32-gb"
"TABLET","Lenovo","lenovo","Lenovo Tab M10 WiFi+4G (2 GB/16 GB)","lenovo-tab-m10-wifi4g-2-gb16-gb","16 GB","2 GB","2535","NO","YES","https://www.cashall.in/api/v1/catalog/image/lenovo-tab-m10-wifi4g-2-gb16-gb"
"TABLET","Lenovo","lenovo","Lenovo Tab M10 WiFi+4G (2 GB/32 GB)","lenovo-tab-m10-wifi4g-2-gb32-gb","32 GB","2 GB","3384","NO","YES","https://www.cashall.in/api/v1/catalog/image/lenovo-tab-m10-wifi4g-2-gb32-gb"
"TABLET","Lenovo","lenovo","Lenovo Tab M10 WiFi+4G (3 GB/32 GB)","lenovo-tab-m10-wifi4g-3-gb32-gb","32 GB","3 GB","3384","NO","YES","https://www.cashall.in/api/v1/catalog/image/lenovo-tab-m10-wifi4g-3-gb32-gb"
"TABLET","Lenovo","lenovo","Lenovo Tab M11 LTE","lenovo-tab-m11-lte","128 GB","8 GB","6969","NO","YES","https://www.cashall.in/api/v1/catalog/image/lenovo-tab-m11-lte"
"TABLET","Lenovo","lenovo","Lenovo Tab M11 LTE","lenovo-tab-m11-lte","128 GB","4 GB","6565","NO","YES","https://www.cashall.in/api/v1/catalog/image/lenovo-tab-m11-lte"
"TABLET","Lenovo","lenovo","Lenovo Tab M11 Wifi","lenovo-tab-m11-wifi","128 GB","8 GB","5454","NO","YES","https://www.cashall.in/api/v1/catalog/image/lenovo-tab-m11-wifi"
"TABLET","Lenovo","lenovo","Lenovo Tab M7 2nd Gen LTE","lenovo-tab-m7-2nd-gen-lte","16 GB","","2222","NO","YES","https://www.cashall.in/api/v1/catalog/image/lenovo-tab-m7-2nd-gen-lte"
"TABLET","Lenovo","lenovo","Lenovo Tab M7 2nd Gen Wi Fi","lenovo-tab-m7-2nd-gen-wi-fi","16 GB","","1818","NO","YES","https://www.cashall.in/api/v1/catalog/image/lenovo-tab-m7-2nd-gen-wi-fi"
"TABLET","Lenovo","lenovo","Lenovo Tab M7 2nd Gen WiFi Only (1 GB/16 GB)","lenovo-tab-m7-2nd-gen-wifi-only-1-gb16-gb","16 GB","1 GB","1535","NO","YES","https://www.cashall.in/api/v1/catalog/image/lenovo-tab-m7-2nd-gen-wifi-only-1-gb16-gb"
"TABLET","Lenovo","lenovo","Lenovo Tab M7 2nd Gen WiFi Only (1 GB/8 GB)","lenovo-tab-m7-2nd-gen-wifi-only-1-gb8-gb","8 GB","1 GB","1414","NO","YES","https://www.cashall.in/api/v1/catalog/image/lenovo-tab-m7-2nd-gen-wifi-only-1-gb8-gb"
"TABLET","Lenovo","lenovo","Lenovo Tab M7 2nd Gen WiFi Only (2 GB/32 GB)","lenovo-tab-m7-2nd-gen-wifi-only-2-gb32-gb","32 GB","2 GB","1879","NO","YES","https://www.cashall.in/api/v1/catalog/image/lenovo-tab-m7-2nd-gen-wifi-only-2-gb32-gb"
"TABLET","Lenovo","lenovo","Lenovo Tab M7 2nd Gen WiFi+LTE (1 GB/16 GB)","lenovo-tab-m7-2nd-gen-wifilte-1-gb16-gb","16 GB","1 GB","1596","NO","YES","https://www.cashall.in/api/v1/catalog/image/lenovo-tab-m7-2nd-gen-wifilte-1-gb16-gb"
"TABLET","Lenovo","lenovo","Lenovo Tab M7 2nd Gen WiFi+LTE (2 GB/32 GB)","lenovo-tab-m7-2nd-gen-wifilte-2-gb32-gb","32 GB","2 GB","1939","NO","YES","https://www.cashall.in/api/v1/catalog/image/lenovo-tab-m7-2nd-gen-wifilte-2-gb32-gb"
"TABLET","Lenovo","lenovo","Lenovo Tab M8 2nd Gen 4G","lenovo-tab-m8-2nd-gen-4g","32 GB","","3535","NO","YES","https://www.cashall.in/api/v1/catalog/image/lenovo-tab-m8-2nd-gen-4g"
"TABLET","Lenovo","lenovo","Lenovo Tab M8 2nd Gen Wi Fi","lenovo-tab-m8-2nd-gen-wi-fi","64 GB","3 GB","3535","NO","YES","https://www.cashall.in/api/v1/catalog/image/lenovo-tab-m8-2nd-gen-wi-fi"
"TABLET","Lenovo","lenovo","Lenovo Tab M8 2nd Gen Wifi","lenovo-tab-m8-2nd-gen-wifi","32 GB","2 GB","3030","NO","YES","https://www.cashall.in/api/v1/catalog/image/lenovo-tab-m8-2nd-gen-wifi"
"TABLET","Lenovo","lenovo","Lenovo Tab M8 2nd Gen Wifi","lenovo-tab-m8-2nd-gen-wifi","64 GB","4 GB","3535","NO","YES","https://www.cashall.in/api/v1/catalog/image/lenovo-tab-m8-2nd-gen-wifi"
"TABLET","Lenovo","lenovo","Lenovo Tab M8 2nd Gen WiFi Only (2 GB/32 GB)","lenovo-tab-m8-2nd-gen-wifi-only-2-gb32-gb","32 GB","2 GB","2444","NO","YES","https://www.cashall.in/api/v1/catalog/image/lenovo-tab-m8-2nd-gen-wifi-only-2-gb32-gb"
"TABLET","Lenovo","lenovo","Lenovo Tab M8 2nd Gen WiFi Only 64GB","lenovo-tab-m8-2nd-gen-wifi-only-64gb","64 GB","","3020","NO","YES","https://www.cashall.in/api/v1/catalog/image/lenovo-tab-m8-2nd-gen-wifi-only-64gb"
"TABLET","Lenovo","lenovo","Lenovo Tab M8 2nd Gen WiFi+4G (2 GB/32 GB)","lenovo-tab-m8-2nd-gen-wifi4g-2-gb32-gb","32 GB","2 GB","2636","NO","YES","https://www.cashall.in/api/v1/catalog/image/lenovo-tab-m8-2nd-gen-wifi4g-2-gb32-gb"
"TABLET","Lenovo","lenovo","Lenovo Tab M9 LTE","lenovo-tab-m9-lte","128 GB","4 GB","5252","NO","YES","https://www.cashall.in/api/v1/catalog/image/lenovo-tab-m9-lte"
"TABLET","Lenovo","lenovo","Lenovo Tab P10 4G","lenovo-tab-p10-4g","64 GB","","4747","NO","YES","https://www.cashall.in/api/v1/catalog/image/lenovo-tab-p10-4g"
"TABLET","Lenovo","lenovo","Lenovo Tab P10 WiFi+4G (3 GB/32 GB)","lenovo-tab-p10-wifi4g-3-gb32-gb","32 GB","3 GB","2818","NO","YES","https://www.cashall.in/api/v1/catalog/image/lenovo-tab-p10-wifi4g-3-gb32-gb"
"TABLET","Lenovo","lenovo","Lenovo Tab P10 WiFi+4G (4 GB/64 GB)","lenovo-tab-p10-wifi4g-4-gb64-gb","64 GB","4 GB","3343","NO","YES","https://www.cashall.in/api/v1/catalog/image/lenovo-tab-p10-wifi4g-4-gb64-gb"
"TABLET","Lenovo","lenovo","Lenovo Tab P11 2nd gen","lenovo-tab-p11-2nd-gen","128 GB","6 GB","7575","NO","YES","https://www.cashall.in/api/v1/catalog/image/lenovo-tab-p11-2nd-gen"
"TABLET","Lenovo","lenovo","Lenovo Tab P11 Pro LTE","lenovo-tab-p11-pro-lte","128 GB","","7272","NO","YES","https://www.cashall.in/api/v1/catalog/image/lenovo-tab-p11-pro-lte"
"TABLET","Lenovo","lenovo","Lenovo Tab P11 Pro Wi-Fi+LTE (6 GB/128 GB)","lenovo-tab-p11-pro-wi-filte-6-gb128-gb","128 GB","6 GB","6868","NO","YES","https://www.cashall.in/api/v1/catalog/image/lenovo-tab-p11-pro-wi-filte-6-gb128-gb"
"TABLET","Lenovo","lenovo","Lenovo Tab P12 Wi Fi","lenovo-tab-p12-wi-fi","128 GB","8 GB","9191","NO","YES","https://www.cashall.in/api/v1/catalog/image/lenovo-tab-p12-wi-fi"
"TABLET","Lenovo","lenovo","Lenovo Tab P12 Wi Fi","lenovo-tab-p12-wi-fi","256 GB","8 GB","9696","NO","YES","https://www.cashall.in/api/v1/catalog/image/lenovo-tab-p12-wi-fi"
"TABLET","Lenovo","lenovo","Lenovo Tab Plus Wifi","lenovo-tab-plus-wifi","128 GB","8 GB","6868","NO","YES","https://www.cashall.in/api/v1/catalog/image/lenovo-tab-plus-wifi"
"TABLET","Lenovo","lenovo","Lenovo Tab Plus Wifi","lenovo-tab-plus-wifi","256 GB","8 GB","7777","NO","YES","https://www.cashall.in/api/v1/catalog/image/lenovo-tab-plus-wifi"
"TABLET","Lenovo","lenovo","Lenovo Tab V7 4G","lenovo-tab-v7-4g","64 GB","","3030","NO","YES","https://www.cashall.in/api/v1/catalog/image/lenovo-tab-v7-4g"
"TABLET","Lenovo","lenovo","Lenovo Tab V7 Wi Fi","lenovo-tab-v7-wi-fi","16 GB","","2525","NO","YES","https://www.cashall.in/api/v1/catalog/image/lenovo-tab-v7-wi-fi"
"TABLET","Lenovo","lenovo","Lenovo Tab V7 WiFi Only (2 GB/16 GB)","lenovo-tab-v7-wifi-only-2-gb16-gb","16 GB","2 GB","1697","NO","YES","https://www.cashall.in/api/v1/catalog/image/lenovo-tab-v7-wifi-only-2-gb16-gb"
"TABLET","Lenovo","lenovo","Lenovo Tab V7 WiFi+4G (3 GB/32 GB)","lenovo-tab-v7-wifi4g-3-gb32-gb","32 GB","3 GB","2313","NO","YES","https://www.cashall.in/api/v1/catalog/image/lenovo-tab-v7-wifi4g-3-gb32-gb"
"TABLET","Lenovo","lenovo","Lenovo Tab V7 WiFi+4G (4 GB/64 GB)","lenovo-tab-v7-wifi4g-4-gb64-gb","64 GB","4 GB","2666","NO","YES","https://www.cashall.in/api/v1/catalog/image/lenovo-tab-v7-wifi4g-4-gb64-gb"
"TABLET","Lenovo","lenovo","Lenovo Tab3 8 Plus (3 GB/16 GB) 8 inch Wi-Fi+4G","lenovo-tab3-8-plus-3-gb16-gb-8-inch-wi-fi4g","16 GB","3 GB","2020","NO","YES","https://www.cashall.in/api/v1/catalog/image/lenovo-tab3-8-plus-3-gb16-gb-8-inch-wi-fi4g"
"TABLET","Lenovo","lenovo","Lenovo Tab3 8 Plus 4G","lenovo-tab3-8-plus-4g","16 GB","","2121","NO","YES","https://www.cashall.in/api/v1/catalog/image/lenovo-tab3-8-plus-4g"
"TABLET","Lenovo","lenovo","Lenovo Tab4 8 4G","lenovo-tab4-8-4g","16 GB","","2020","NO","YES","https://www.cashall.in/api/v1/catalog/image/lenovo-tab4-8-4g"
"TABLET","Lenovo","lenovo","Lenovo Tab4 8 Plus 4G","lenovo-tab4-8-plus-4g","16 GB","","2222","NO","YES","https://www.cashall.in/api/v1/catalog/image/lenovo-tab4-8-plus-4g"
"TABLET","Lenovo","lenovo","Lenovo Tablet M9 4G","lenovo-tablet-m9-4g","32 GB","3 GB","5555","NO","YES","https://www.cashall.in/api/v1/catalog/image/lenovo-tablet-m9-4g"
"TABLET","Lenovo","lenovo","Lenovo Tablet M9 Wi Fi","lenovo-tablet-m9-wi-fi","64 GB","4 GB","7070","NO","YES","https://www.cashall.in/api/v1/catalog/image/lenovo-tablet-m9-wi-fi"
"TABLET","Lenovo","lenovo","Lenovo Yoga 10 Tablet 10 (16GB 3g+Wifi)","lenovo-yoga-10-tablet-10-16gb-3gwifi","16 GB","","1131","NO","YES","https://www.cashall.in/api/v1/catalog/image/lenovo-yoga-10-tablet-10-16gb-3gwifi"
"TABLET","Lenovo","lenovo","Lenovo Yoga Smart Tab 4G","lenovo-yoga-smart-tab-4g","64 GB","2 GB","3838","NO","YES","https://www.cashall.in/api/v1/catalog/image/lenovo-yoga-smart-tab-4g"
"TABLET","Lenovo","lenovo","Lenovo Yoga Smart Tab WiFi+4G (4 GB/64 GB)","lenovo-yoga-smart-tab-wifi4g-4-gb64-gb","64 GB","4 GB","3717","NO","YES","https://www.cashall.in/api/v1/catalog/image/lenovo-yoga-smart-tab-wifi4g-4-gb64-gb"
"TABLET","Lenovo","lenovo","Lenovo Yoga Tab 11 4G","lenovo-yoga-tab-11-4g","128 GB","","6060","NO","YES","https://www.cashall.in/api/v1/catalog/image/lenovo-yoga-tab-11-4g"
"TABLET","Lenovo","lenovo","Lenovo Yoga Tab 11 WiFi+4G","lenovo-yoga-tab-11-wifi4g","128 GB","6 GB","6060","NO","YES","https://www.cashall.in/api/v1/catalog/image/lenovo-yoga-tab-11-wifi4g"
"TABLET","Lenovo","lenovo","Lenovo Yoga Tab 3 8 4G","lenovo-yoga-tab-3-8-4g","16 GB","","1364","NO","YES","https://www.cashall.in/api/v1/catalog/image/lenovo-yoga-tab-3-8-4g"
"TABLET","Lenovo","lenovo","Lenovo Yoga Tab 3 8 Inch Wi Fi","lenovo-yoga-tab-3-8-inch-wi-fi","16 GB","","1313","NO","YES","https://www.cashall.in/api/v1/catalog/image/lenovo-yoga-tab-3-8-inch-wi-fi"
"TABLET","Lenovo","lenovo","Lenovo Yoga Tab 3 8 WiFi Only (2 GB/16 GB)","lenovo-yoga-tab-3-8-wifi-only-2-gb16-gb","16 GB","2 GB","747","NO","YES","https://www.cashall.in/api/v1/catalog/image/lenovo-yoga-tab-3-8-wifi-only-2-gb16-gb"
"TABLET","Lenovo","lenovo","Lenovo Yoga Tab 3 8 WiFi+4G (1 GB/16 GB)","lenovo-yoga-tab-3-8-wifi4g-1-gb16-gb","16 GB","1 GB","828","NO","YES","https://www.cashall.in/api/v1/catalog/image/lenovo-yoga-tab-3-8-wifi4g-1-gb16-gb"
"TABLET","Lenovo","lenovo","Lenovo Yoga Tab 3 8 WiFi+4G (2 GB/16 GB)","lenovo-yoga-tab-3-8-wifi4g-2-gb16-gb","16 GB","2 GB","919","NO","YES","https://www.cashall.in/api/v1/catalog/image/lenovo-yoga-tab-3-8-wifi4g-2-gb16-gb"
"TABLET","Lenovo","lenovo","Lenovo Yoga Tab 3 Pro 4G","lenovo-yoga-tab-3-pro-4g","32 GB","","2727","NO","YES","https://www.cashall.in/api/v1/catalog/image/lenovo-yoga-tab-3-pro-4g"
"TABLET","Lenovo","lenovo","Lenovo Yoga Tab 3 Pro 4G","lenovo-yoga-tab-3-pro-4g","64 GB","4 GB","3030","NO","YES","https://www.cashall.in/api/v1/catalog/image/lenovo-yoga-tab-3-pro-4g"
"TABLET","Lenovo","lenovo","Lenovo Yoga Tab 3 Pro WiFi+4G (2 GB/32 GB)","lenovo-yoga-tab-3-pro-wifi4g-2-gb32-gb","32 GB","2 GB","2727","NO","YES","https://www.cashall.in/api/v1/catalog/image/lenovo-yoga-tab-3-pro-wifi4g-2-gb32-gb"
"TABLET","Lenovo","lenovo","Lenovo Yoga Tab 3 Pro WiFi+4G (4 GB/64 GB)","lenovo-yoga-tab-3-pro-wifi4g-4-gb64-gb","64 GB","4 GB","2868","NO","YES","https://www.cashall.in/api/v1/catalog/image/lenovo-yoga-tab-3-pro-wifi4g-4-gb64-gb"
"TABLET","Motorola","motorola","Motorola Moto Pad 60 Neo Wi-Fi Only (8 GB/128 GB)","motorola-moto-pad-60-neo-wi-fi-only-8-gb128-gb","128 GB","8 GB","9454","NO","YES","https://www.cashall.in/api/v1/catalog/image/motorola-moto-pad-60-neo-wi-fi-only-8-gb128-gb"
"TABLET","Motorola","motorola","Motorola Moto Pad 60 Neo Wi-Fi+5G (8 GB/128 GB)","motorola-moto-pad-60-neo-wi-fi5g-8-gb128-gb","128 GB","8 GB","9928","NO","YES","https://www.cashall.in/api/v1/catalog/image/motorola-moto-pad-60-neo-wi-fi5g-8-gb128-gb"
"TABLET","Motorola","motorola","Motorola Moto Pad 60 Pro Wi-Fi Only","motorola-moto-pad-60-pro-wi-fi-only","128 GB","8 GB","13776","NO","YES","https://www.cashall.in/api/v1/catalog/image/motorola-moto-pad-60-pro-wi-fi-only"
"TABLET","Motorola","motorola","Motorola Moto Pad 60 Pro Wi-Fi Only","motorola-moto-pad-60-pro-wi-fi-only","256 GB","12 GB","14625","NO","YES","https://www.cashall.in/api/v1/catalog/image/motorola-moto-pad-60-pro-wi-fi-only"
"TABLET","Motorola","motorola","Motorola Moto Tab G20 Wi-Fi Only (3 GB/32 GB)","motorola-moto-tab-g20-wi-fi-only-3-gb32-gb","32 GB","3 GB","4474","NO","YES","https://www.cashall.in/api/v1/catalog/image/motorola-moto-tab-g20-wi-fi-only-3-gb32-gb"
"TABLET","Motorola","motorola","Motorola Moto Tab G62 (4 GB/128 GB) Wi-Fi-Only","motorola-moto-tab-g62-4-gb128-gb-wi-fi-only","128 GB","4 GB","6161","NO","YES","https://www.cashall.in/api/v1/catalog/image/motorola-moto-tab-g62-4-gb128-gb-wi-fi-only"
"TABLET","Motorola","motorola","Motorola Moto Tab G62 (4 GB/128 GB) Wi-Fi+4G","motorola-moto-tab-g62-4-gb128-gb-wi-fi4g","128 GB","4 GB","6545","NO","YES","https://www.cashall.in/api/v1/catalog/image/motorola-moto-tab-g62-4-gb128-gb-wi-fi4g"
"TABLET","Motorola","motorola","Motorola Moto Tab G62 (4 GB/64 GB) WiFi Only","motorola-moto-tab-g62-4-gb64-gb-wifi-only","64 GB","4 GB","5696","NO","YES","https://www.cashall.in/api/v1/catalog/image/motorola-moto-tab-g62-4-gb64-gb-wifi-only"
"TABLET","Motorola","motorola","Motorola Moto Tab G62 (4 GB/64 GB) WiFi+4G","motorola-moto-tab-g62-4-gb64-gb-wifi4g","64 GB","4 GB","6161","NO","YES","https://www.cashall.in/api/v1/catalog/image/motorola-moto-tab-g62-4-gb64-gb-wifi4g"
"TABLET","Motorola","motorola","Motorola Moto Tab G70 LTE (4 GB/64 GB)","motorola-moto-tab-g70-lte-4-gb64-gb","64 GB","4 GB","7767","NO","YES","https://www.cashall.in/api/v1/catalog/image/motorola-moto-tab-g70-lte-4-gb64-gb"
"TABLET","Motorola","motorola","Motorola Moto Tab G70 LTE (6 GB/128 GB)","motorola-moto-tab-g70-lte-6-gb128-gb","128 GB","6 GB","8141","NO","YES","https://www.cashall.in/api/v1/catalog/image/motorola-moto-tab-g70-lte-6-gb128-gb"
"TABLET","Nokia","nokia","Nokia Tab T10 (3 GB/32 GB) Wi-Fi Only","nokia-tab-t10-3-gb32-gb-wi-fi-only","32 GB","3 GB","4090","NO","YES","https://www.cashall.in/api/v1/catalog/image/nokia-tab-t10-3-gb32-gb-wi-fi-only"
"TABLET","Nokia","nokia","Nokia Tab T10 (3 GB/32 GB) Wi-Fi+4G","nokia-tab-t10-3-gb32-gb-wi-fi4g","32 GB","3 GB","4282","NO","YES","https://www.cashall.in/api/v1/catalog/image/nokia-tab-t10-3-gb32-gb-wi-fi4g"
"TABLET","Nokia","nokia","Nokia Tab T10 (4 GB/64 GB) Wi-Fi Only","nokia-tab-t10-4-gb64-gb-wi-fi-only","64 GB","4 GB","4424","NO","YES","https://www.cashall.in/api/v1/catalog/image/nokia-tab-t10-4-gb64-gb-wi-fi-only"
"TABLET","Nokia","nokia","Nokia Tab T10 (4 GB/64 GB) Wi-Fi+4G","nokia-tab-t10-4-gb64-gb-wi-fi4g","64 GB","4 GB","4798","NO","YES","https://www.cashall.in/api/v1/catalog/image/nokia-tab-t10-4-gb64-gb-wi-fi4g"
"TABLET","Nokia","nokia","Nokia Tab T20 Wi-Fi Only (3 GB/32 GB)","nokia-tab-t20-wi-fi-only-3-gb32-gb","32 GB","3 GB","4888","NO","YES","https://www.cashall.in/api/v1/catalog/image/nokia-tab-t20-wi-fi-only-3-gb32-gb"
"TABLET","Nokia","nokia","Nokia Tab T20 Wi-Fi Only (4 GB/64 GB)","nokia-tab-t20-wi-fi-only-4-gb64-gb","64 GB","4 GB","5222","NO","YES","https://www.cashall.in/api/v1/catalog/image/nokia-tab-t20-wi-fi-only-4-gb64-gb"
"TABLET","Nokia","nokia","Nokia Tab T20 Wi-Fi+4G (4 GB/64 GB)","nokia-tab-t20-wi-fi4g-4-gb64-gb","64 GB","4 GB","5363","NO","YES","https://www.cashall.in/api/v1/catalog/image/nokia-tab-t20-wi-fi4g-4-gb64-gb"
"TABLET","Nokia","nokia","Nokia Tab T21 (4 GB/64 GB) Wi-Fi Only","nokia-tab-t21-4-gb64-gb-wi-fi-only","64 GB","4 GB","5646","NO","YES","https://www.cashall.in/api/v1/catalog/image/nokia-tab-t21-4-gb64-gb-wi-fi-only"
"TABLET","Nokia","nokia","Nokia Tab T21 (4 GB/64 GB) Wi-Fi+4G","nokia-tab-t21-4-gb64-gb-wi-fi4g","64 GB","4 GB","6161","NO","YES","https://www.cashall.in/api/v1/catalog/image/nokia-tab-t21-4-gb64-gb-wi-fi4g"
"TABLET","OnePlus","oneplus","OnePlus Pad (12 GB/256 GB) Wi-Fi Only","oneplus-pad-12-gb256-gb-wi-fi-only","256 GB","12 GB","12554","NO","YES","https://www.cashall.in/api/v1/catalog/image/oneplus-pad-12-gb256-gb-wi-fi-only"
"TABLET","OnePlus","oneplus","OnePlus Pad (8 GB/128 GB) Wi-Fi Only","oneplus-pad-8-gb128-gb-wi-fi-only","128 GB","8 GB","11433","NO","YES","https://www.cashall.in/api/v1/catalog/image/oneplus-pad-8-gb128-gb-wi-fi-only"
"TABLET","OnePlus","oneplus","OnePlus Pad 2 Wi-Fi Only","oneplus-pad-2-wi-fi-only","128 GB","8 GB","15756","NO","YES","https://www.cashall.in/api/v1/catalog/image/oneplus-pad-2-wi-fi-only"
"TABLET","OnePlus","oneplus","OnePlus Pad 2 Wi-Fi Only","oneplus-pad-2-wi-fi-only","256 GB","12 GB","16978","NO","YES","https://www.cashall.in/api/v1/catalog/image/oneplus-pad-2-wi-fi-only"
"TABLET","OnePlus","oneplus","OnePlus Pad 3 Wi-Fi Only","oneplus-pad-3-wi-fi-only","256 GB","12 GB","26149","NO","YES","https://www.cashall.in/api/v1/catalog/image/oneplus-pad-3-wi-fi-only"
"TABLET","OnePlus","oneplus","OnePlus Pad 3 Wi-Fi Only","oneplus-pad-3-wi-fi-only","512 GB","12 GB","29027","NO","YES","https://www.cashall.in/api/v1/catalog/image/oneplus-pad-3-wi-fi-only"
"TABLET","OnePlus","oneplus","OnePlus Pad 4 Wi-Fi Only","oneplus-pad-4-wi-fi-only","256 GB","8 GB","31664","NO","YES","https://www.cashall.in/api/v1/catalog/image/oneplus-pad-4-wi-fi-only"
"TABLET","OnePlus","oneplus","OnePlus Pad 4 Wi-Fi Only","oneplus-pad-4-wi-fi-only","512 GB","12 GB","34542","NO","YES","https://www.cashall.in/api/v1/catalog/image/oneplus-pad-4-wi-fi-only"
"TABLET","OnePlus","oneplus","OnePlus Pad Go (8 GB/128 GB) LTE","oneplus-pad-go-8-gb128-gb-lte","128 GB","8 GB","8989","NO","YES","https://www.cashall.in/api/v1/catalog/image/oneplus-pad-go-8-gb128-gb-lte"
"TABLET","OnePlus","oneplus","OnePlus Pad Go (8 GB/128 GB) Wi-Fi Only","oneplus-pad-go-8-gb128-gb-wi-fi-only","128 GB","8 GB","8090","NO","YES","https://www.cashall.in/api/v1/catalog/image/oneplus-pad-go-8-gb128-gb-wi-fi-only"
"TABLET","OnePlus","oneplus","OnePlus Pad Go (8 GB/256 GB) LTE","oneplus-pad-go-8-gb256-gb-lte","256 GB","8 GB","9413","NO","YES","https://www.cashall.in/api/v1/catalog/image/oneplus-pad-go-8-gb256-gb-lte"
"TABLET","OnePlus","oneplus","OnePlus Pad Go 2 5G (8 GB/256 GB)","oneplus-pad-go-2-5g-8-gb256-gb","256 GB","8 GB","19240","NO","YES","https://www.cashall.in/api/v1/catalog/image/oneplus-pad-go-2-5g-8-gb256-gb"
"TABLET","OnePlus","oneplus","OnePlus Pad Go 2 Wi-Fi Only","oneplus-pad-go-2-wi-fi-only","128 GB","8 GB","15786","NO","YES","https://www.cashall.in/api/v1/catalog/image/oneplus-pad-go-2-wi-fi-only"
"TABLET","OnePlus","oneplus","OnePlus Pad Go 2 Wi-Fi Only","oneplus-pad-go-2-wi-fi-only","256 GB","8 GB","17513","NO","YES","https://www.cashall.in/api/v1/catalog/image/oneplus-pad-go-2-wi-fi-only"
"TABLET","OnePlus","oneplus","OnePlus Pad Lite LTE (8 GB/128 GB)","oneplus-pad-lite-lte-8-gb128-gb","128 GB","8 GB","10504","NO","YES","https://www.cashall.in/api/v1/catalog/image/oneplus-pad-lite-lte-8-gb128-gb"
"TABLET","OnePlus","oneplus","OnePlus Pad Lite Wi-Fi Only (6 GB/128 GB)","oneplus-pad-lite-wi-fi-only-6-gb128-gb","128 GB","6 GB","9353","NO","YES","https://www.cashall.in/api/v1/catalog/image/oneplus-pad-lite-wi-fi-only-6-gb128-gb"
"TABLET","OPPO","oppo","OPPO Pad 5 5G (8 GB/256 GB)","oppo-pad-5-5g-8-gb256-gb","256 GB","8 GB","19190","NO","YES","https://www.cashall.in/api/v1/catalog/image/oppo-pad-5-5g-8-gb256-gb"
"TABLET","OPPO","oppo","OPPO Pad 5 Wi-Fi Only (8 GB/128 GB)","oppo-pad-5-wi-fi-only-8-gb128-gb","128 GB","8 GB","15736","NO","YES","https://www.cashall.in/api/v1/catalog/image/oppo-pad-5-wi-fi-only-8-gb128-gb"
"TABLET","OPPO","oppo","OPPO Pad Air (4 GB/128 GB) Wi-Fi Only","oppo-pad-air-4-gb128-gb-wi-fi-only","128 GB","4 GB","5838","NO","YES","https://www.cashall.in/api/v1/catalog/image/oppo-pad-air-4-gb128-gb-wi-fi-only"
"TABLET","OPPO","oppo","OPPO Pad Air (4 GB/64 GB) Wi-Fi Only","oppo-pad-air-4-gb64-gb-wi-fi-only","64 GB","4 GB","5272","NO","YES","https://www.cashall.in/api/v1/catalog/image/oppo-pad-air-4-gb64-gb-wi-fi-only"
"TABLET","OPPO","oppo","OPPO Pad SE (4 GB/128 GB) Wi-Fi","oppo-pad-se-4-gb128-gb-wi-fi","128 GB","4 GB","6777","NO","YES","https://www.cashall.in/api/v1/catalog/image/oppo-pad-se-4-gb128-gb-wi-fi"
"TABLET","OPPO","oppo","OPPO Pad SE LTE","oppo-pad-se-lte","128 GB","6 GB","7898","NO","YES","https://www.cashall.in/api/v1/catalog/image/oppo-pad-se-lte"
"TABLET","OPPO","oppo","OPPO Pad SE LTE","oppo-pad-se-lte","128 GB","8 GB","8373","NO","YES","https://www.cashall.in/api/v1/catalog/image/oppo-pad-se-lte"
"TABLET","POCO","poco","POCO Pad 5G","poco-pad-5g","128 GB","8 GB","10676","NO","YES","https://www.cashall.in/api/v1/catalog/image/poco-pad-5g"
"TABLET","POCO","poco","POCO Pad 5G","poco-pad-5g","256 GB","8 GB","11807","NO","YES","https://www.cashall.in/api/v1/catalog/image/poco-pad-5g"
"TABLET","Realme","realme","Realme Pad 2 Lite (4 GB/128 GB)","realme-pad-2-lite-4-gb128-gb","128 GB","4 GB","6020","NO","YES","https://www.cashall.in/api/v1/catalog/image/realme-pad-2-lite-4-gb128-gb"
"TABLET","Realme","realme","Realme Pad 2 Lite (8 GB/128 GB)","realme-pad-2-lite-8-gb128-gb","128 GB","8 GB","6353","NO","YES","https://www.cashall.in/api/v1/catalog/image/realme-pad-2-lite-8-gb128-gb"
"TABLET","Realme","realme","Realme Pad 2 LTE (6 GB/128 GB)","realme-pad-2-lte-6-gb128-gb","128 GB","6 GB","7009","NO","YES","https://www.cashall.in/api/v1/catalog/image/realme-pad-2-lte-6-gb128-gb"
"TABLET","Realme","realme","Realme Pad 2 LTE (8 GB/256 GB)","realme-pad-2-lte-8-gb256-gb","256 GB","8 GB","7757","NO","YES","https://www.cashall.in/api/v1/catalog/image/realme-pad-2-lte-8-gb256-gb"
"TABLET","Realme","realme","Realme Pad 2 Wi-Fi Only (6 GB/128 GB)","realme-pad-2-wi-fi-only-6-gb128-gb","128 GB","6 GB","5737","NO","YES","https://www.cashall.in/api/v1/catalog/image/realme-pad-2-wi-fi-only-6-gb128-gb"
"TABLET","Realme","realme","Realme Pad 3 5G","realme-pad-3-5g","128 GB","8 GB","17322","NO","YES","https://www.cashall.in/api/v1/catalog/image/realme-pad-3-5g"
"TABLET","Realme","realme","Realme Pad 3 5G","realme-pad-3-5g","256 GB","8 GB","18473","NO","YES","https://www.cashall.in/api/v1/catalog/image/realme-pad-3-5g"
"TABLET","Realme","realme","Realme Pad 3 Wi-Fi Only (8 GB/128 GB)","realme-pad-3-wi-fi-only-8-gb128-gb","128 GB","8 GB","15594","NO","YES","https://www.cashall.in/api/v1/catalog/image/realme-pad-3-wi-fi-only-8-gb128-gb"
"TABLET","Realme","realme","Realme Pad LTE (3 GB/32 GB)","realme-pad-lte-3-gb32-gb","32 GB","3 GB","5171","NO","YES","https://www.cashall.in/api/v1/catalog/image/realme-pad-lte-3-gb32-gb"
"TABLET","Realme","realme","Realme Pad LTE (4 GB/64 GB)","realme-pad-lte-4-gb64-gb","64 GB","4 GB","6767","NO","YES","https://www.cashall.in/api/v1/catalog/image/realme-pad-lte-4-gb64-gb"
"TABLET","Realme","realme","Realme Pad LTE (6 GB/128 GB)","realme-pad-lte-6-gb128-gb","128 GB","6 GB","6959","NO","YES","https://www.cashall.in/api/v1/catalog/image/realme-pad-lte-6-gb128-gb"
"TABLET","Realme","realme","Realme Pad Mini LTE (3 GB/32 GB)","realme-pad-mini-lte-3-gb32-gb","32 GB","3 GB","4424","NO","YES","https://www.cashall.in/api/v1/catalog/image/realme-pad-mini-lte-3-gb32-gb"
"TABLET","Realme","realme","Realme Pad Mini LTE (4 GB/64 GB)","realme-pad-mini-lte-4-gb64-gb","64 GB","4 GB","5030","NO","YES","https://www.cashall.in/api/v1/catalog/image/realme-pad-mini-lte-4-gb64-gb"
"TABLET","Realme","realme","Realme Pad Mini Wi-Fi Only (3 GB/32 GB)","realme-pad-mini-wi-fi-only-3-gb32-gb","32 GB","3 GB","3666","NO","YES","https://www.cashall.in/api/v1/catalog/image/realme-pad-mini-wi-fi-only-3-gb32-gb"
"TABLET","Realme","realme","Realme Pad Mini Wi-Fi Only (4 GB/64 GB)","realme-pad-mini-wi-fi-only-4-gb64-gb","64 GB","4 GB","4848","NO","YES","https://www.cashall.in/api/v1/catalog/image/realme-pad-mini-wi-fi-only-4-gb64-gb"
"TABLET","Realme","realme","Realme Pad WiFi Only (3 GB/32 GB)","realme-pad-wifi-only-3-gb32-gb","32 GB","3 GB","4888","NO","YES","https://www.cashall.in/api/v1/catalog/image/realme-pad-wifi-only-3-gb32-gb"
"TABLET","Realme","realme","Realme Pad X (4 GB/64 GB) 5G","realme-pad-x-4-gb64-gb-5g","64 GB","4 GB","7292","NO","YES","https://www.cashall.in/api/v1/catalog/image/realme-pad-x-4-gb64-gb-5g"
"TABLET","Realme","realme","Realme Pad X (4 GB/64 GB) WiFi Only","realme-pad-x-4-gb64-gb-wifi-only","64 GB","4 GB","6020","NO","YES","https://www.cashall.in/api/v1/catalog/image/realme-pad-x-4-gb64-gb-wifi-only"
"TABLET","Realme","realme","Realme Pad X (6 GB/128 GB) 5G","realme-pad-x-6-gb128-gb-5g","128 GB","6 GB","8555","NO","YES","https://www.cashall.in/api/v1/catalog/image/realme-pad-x-6-gb128-gb-5g"
"TABLET","Samsung","samsung","Samsung galaxy J Max (1.5 GB/16 GB)","samsung-galaxy-j-max-15-gb16-gb","16 GB","5 GB","1374","NO","YES","https://www.cashall.in/api/v1/catalog/image/samsung-galaxy-j-max-15-gb16-gb"
"TABLET","Samsung","samsung","Samsung galaxy J Max (1.5 GB/8 GB)","samsung-galaxy-j-max-15-gb8-gb","8 GB","5 GB","1182","NO","YES","https://www.cashall.in/api/v1/catalog/image/samsung-galaxy-j-max-15-gb8-gb"
"TABLET","Samsung","samsung","Samsung Galaxy S8 Ultra 5G","samsung-galaxy-s8-ultra-5g","128 GB","","38178","NO","YES","https://www.cashall.in/api/v1/catalog/image/samsung-galaxy-s8-ultra-5g"
"TABLET","Samsung","samsung","Samsung Galaxy S9 Ultra 5G","samsung-galaxy-s9-ultra-5g","256 GB","","52520","NO","YES","https://www.cashall.in/api/v1/catalog/image/samsung-galaxy-s9-ultra-5g"
"TABLET","Samsung","samsung","Samsung Galaxy Tab A 10.1 (2019) LTE (2 GB/32 GB)","samsung-galaxy-tab-a-101-2019-lte-2-gb32-gb","32 GB","2 GB","2949","NO","YES","https://www.cashall.in/api/v1/catalog/image/samsung-galaxy-tab-a-101-2019-lte-2-gb32-gb"
"TABLET","Samsung","samsung","Samsung Galaxy Tab A 10.1 (2019) WiFi (2 GB/32 GB)","samsung-galaxy-tab-a-101-2019-wifi-2-gb32-gb","32 GB","2 GB","2616","NO","YES","https://www.cashall.in/api/v1/catalog/image/samsung-galaxy-tab-a-101-2019-wifi-2-gb32-gb"
"TABLET","Samsung","samsung","Samsung Galaxy Tab A 10.5 LTE (3 GB/32 GB)","samsung-galaxy-tab-a-105-lte-3-gb32-gb","32 GB","3 GB","5100","NO","YES","https://www.cashall.in/api/v1/catalog/image/samsung-galaxy-tab-a-105-lte-3-gb32-gb"
"TABLET","Samsung","samsung","Samsung Galaxy Tab A 7.0 (2016) WiFi (1.5 GB/8 GB)","samsung-galaxy-tab-a-70-2016-wifi-15-gb8-gb","8 GB","5 GB","1172","NO","YES","https://www.cashall.in/api/v1/catalog/image/samsung-galaxy-tab-a-70-2016-wifi-15-gb8-gb"
"TABLET","Samsung","samsung","Samsung Galaxy Tab A 7.0 (2018) LTE (1.5 GB/8 GB)","samsung-galaxy-tab-a-70-2018-lte-15-gb8-gb","8 GB","5 GB","1889","NO","YES","https://www.cashall.in/api/v1/catalog/image/samsung-galaxy-tab-a-70-2018-lte-15-gb8-gb"
"TABLET","Samsung","samsung","Samsung Galaxy Tab A 8.0 (2015) Wi-Fi (1.5 GB/16 GB)","samsung-galaxy-tab-a-80-2015-wi-fi-15-gb16-gb","16 GB","5 GB","2121","NO","YES","https://www.cashall.in/api/v1/catalog/image/samsung-galaxy-tab-a-80-2015-wi-fi-15-gb16-gb"
"TABLET","Samsung","samsung","Samsung Galaxy Tab A 8.0 (2017) LTE (2 GB/16 GB)","samsung-galaxy-tab-a-80-2017-lte-2-gb16-gb","16 GB","2 GB","2788","NO","YES","https://www.cashall.in/api/v1/catalog/image/samsung-galaxy-tab-a-80-2017-lte-2-gb16-gb"
"TABLET","Samsung","samsung","Samsung Galaxy Tab A 8.0 (2019) LTE (2 GB/32 GB)","samsung-galaxy-tab-a-80-2019-lte-2-gb32-gb","32 GB","2 GB","2828","NO","YES","https://www.cashall.in/api/v1/catalog/image/samsung-galaxy-tab-a-80-2019-lte-2-gb32-gb"
"TABLET","Samsung","samsung","Samsung Galaxy Tab A 8.0 (2019) WiFi (2 GB/32 GB)","samsung-galaxy-tab-a-80-2019-wifi-2-gb32-gb","32 GB","2 GB","2838","NO","YES","https://www.cashall.in/api/v1/catalog/image/samsung-galaxy-tab-a-80-2019-wifi-2-gb32-gb"
"TABLET","Samsung","samsung","Samsung Galaxy Tab A 9.7 WiFi (1.5 GB/16 GB)","samsung-galaxy-tab-a-97-wifi-15-gb16-gb","16 GB","5 GB","2353","NO","YES","https://www.cashall.in/api/v1/catalog/image/samsung-galaxy-tab-a-97-wifi-15-gb16-gb"
"TABLET","Samsung","samsung","Samsung Galaxy Tab A11 Plus 5G","samsung-galaxy-tab-a11-plus-5g","128 GB","6 GB","15756","NO","YES","https://www.cashall.in/api/v1/catalog/image/samsung-galaxy-tab-a11-plus-5g"
"TABLET","Samsung","samsung","Samsung Galaxy Tab A11 Plus 5G","samsung-galaxy-tab-a11-plus-5g","128 GB","8 GB","16362","NO","YES","https://www.cashall.in/api/v1/catalog/image/samsung-galaxy-tab-a11-plus-5g"
"TABLET","Samsung","samsung","Samsung Galaxy Tab A11 Plus WiFi","samsung-galaxy-tab-a11-plus-wifi","128 GB","6 GB","13332","NO","YES","https://www.cashall.in/api/v1/catalog/image/samsung-galaxy-tab-a11-plus-wifi"
"TABLET","Samsung","samsung","Samsung Galaxy Tab A11 Plus WiFi","samsung-galaxy-tab-a11-plus-wifi","128 GB","8 GB","15352","NO","YES","https://www.cashall.in/api/v1/catalog/image/samsung-galaxy-tab-a11-plus-wifi"
"TABLET","Samsung","samsung","Samsung Galaxy Tab A11 WiFi","samsung-galaxy-tab-a11-wifi","128 GB","8 GB","9797","NO","YES","https://www.cashall.in/api/v1/catalog/image/samsung-galaxy-tab-a11-wifi"
"TABLET","Samsung","samsung","Samsung Galaxy Tab A11 WiFi","samsung-galaxy-tab-a11-wifi","64 GB","4 GB","8484","NO","YES","https://www.cashall.in/api/v1/catalog/image/samsung-galaxy-tab-a11-wifi"
"TABLET","Samsung","samsung","Samsung Galaxy Tab A11 WiFi 4G","samsung-galaxy-tab-a11-wifi-4g","128 GB","8 GB","12120","NO","YES","https://www.cashall.in/api/v1/catalog/image/samsung-galaxy-tab-a11-wifi-4g"
"TABLET","Samsung","samsung","Samsung Galaxy Tab A11 WiFi 4G","samsung-galaxy-tab-a11-wifi-4g","64 GB","4 GB","11615","NO","YES","https://www.cashall.in/api/v1/catalog/image/samsung-galaxy-tab-a11-wifi-4g"
"TABLET","Samsung","samsung","Samsung Galaxy Tab A7 10.4 (2020) LTE (3 GB/32 GB)","samsung-galaxy-tab-a7-104-2020-lte-3-gb32-gb","32 GB","3 GB","4575","NO","YES","https://www.cashall.in/api/v1/catalog/image/samsung-galaxy-tab-a7-104-2020-lte-3-gb32-gb"
"TABLET","Samsung","samsung","Samsung Galaxy Tab A7 10.4 (2020) WiFi (3 GB/32 GB)","samsung-galaxy-tab-a7-104-2020-wifi-3-gb32-gb","32 GB","3 GB","3878","NO","YES","https://www.cashall.in/api/v1/catalog/image/samsung-galaxy-tab-a7-104-2020-wifi-3-gb32-gb"
"TABLET","Samsung","samsung","Samsung Galaxy Tab A7 10.4 (2020) WiFi (3 GB/64 GB)","samsung-galaxy-tab-a7-104-2020-wifi-3-gb64-gb","64 GB","3 GB","4343","NO","YES","https://www.cashall.in/api/v1/catalog/image/samsung-galaxy-tab-a7-104-2020-wifi-3-gb64-gb"
"TABLET","Samsung","samsung","Samsung Galaxy Tab A7 Lite LTE","samsung-galaxy-tab-a7-lite-lte","32 GB","3 GB","5353","NO","YES","https://www.cashall.in/api/v1/catalog/image/samsung-galaxy-tab-a7-lite-lte"
"TABLET","Samsung","samsung","Samsung Galaxy Tab A7 Lite LTE (3 GB/32 GB)","samsung-galaxy-tab-a7-lite-lte-3-gb32-gb","32 GB","3 GB","4818","NO","YES","https://www.cashall.in/api/v1/catalog/image/samsung-galaxy-tab-a7-lite-lte-3-gb32-gb"
"TABLET","Samsung","samsung","Samsung Galaxy Tab A7 Lite Wifi","samsung-galaxy-tab-a7-lite-wifi","32 GB","3 GB","5353","NO","YES","https://www.cashall.in/api/v1/catalog/image/samsung-galaxy-tab-a7-lite-wifi"
"TABLET","Samsung","samsung","Samsung Galaxy Tab A7 Lite WiFi (3 GB/32 GB)","samsung-galaxy-tab-a7-lite-wifi-3-gb32-gb","32 GB","3 GB","4060","NO","YES","https://www.cashall.in/api/v1/catalog/image/samsung-galaxy-tab-a7-lite-wifi-3-gb32-gb"
"TABLET","Samsung","samsung","Samsung Galaxy Tab A8 10.5 (2021) (3 GB/32 GB) LTE","samsung-galaxy-tab-a8-105-2021-3-gb32-gb-lte","32 GB","3 GB","6616","NO","YES","https://www.cashall.in/api/v1/catalog/image/samsung-galaxy-tab-a8-105-2021-3-gb32-gb-lte"
"TABLET","Samsung","samsung","Samsung Galaxy Tab A8 10.5 (2021) (3 GB/32 GB) WiFi Only","samsung-galaxy-tab-a8-105-2021-3-gb32-gb-wifi-only","32 GB","3 GB","5292","NO","YES","https://www.cashall.in/api/v1/catalog/image/samsung-galaxy-tab-a8-105-2021-3-gb32-gb-wifi-only"
"TABLET","Samsung","samsung","Samsung Galaxy Tab A8 10.5 (2021) (4 GB/64 GB) LTE","samsung-galaxy-tab-a8-105-2021-4-gb64-gb-lte","64 GB","4 GB","6989","NO","YES","https://www.cashall.in/api/v1/catalog/image/samsung-galaxy-tab-a8-105-2021-4-gb64-gb-lte"
"TABLET","Samsung","samsung","Samsung Galaxy Tab A8 10.5 (2021) (4 GB/64 GB) WiFi Only","samsung-galaxy-tab-a8-105-2021-4-gb64-gb-wifi-only","64 GB","4 GB","5767","NO","YES","https://www.cashall.in/api/v1/catalog/image/samsung-galaxy-tab-a8-105-2021-4-gb64-gb-wifi-only"
"TABLET","Samsung","samsung","Samsung Galaxy Tab A8 LTE","samsung-galaxy-tab-a8-lte","32 GB","3 GB","7575","NO","YES","https://www.cashall.in/api/v1/catalog/image/samsung-galaxy-tab-a8-lte"
"TABLET","Samsung","samsung","Samsung Galaxy Tab A8 LTE","samsung-galaxy-tab-a8-lte","64 GB","4 GB","7878","NO","YES","https://www.cashall.in/api/v1/catalog/image/samsung-galaxy-tab-a8-lte"
"TABLET","Samsung","samsung","Samsung Galaxy Tab A8 Wi Fi","samsung-galaxy-tab-a8-wi-fi","32 GB","","5959","NO","YES","https://www.cashall.in/api/v1/catalog/image/samsung-galaxy-tab-a8-wi-fi"
"TABLET","Samsung","samsung","Samsung Galaxy Tab A8 Wi Fi","samsung-galaxy-tab-a8-wi-fi","64 GB","","6868","NO","YES","https://www.cashall.in/api/v1/catalog/image/samsung-galaxy-tab-a8-wi-fi"
"TABLET","Samsung","samsung","Samsung Galaxy Tab A9 LTE","samsung-galaxy-tab-a9-lte","64 GB","4 GB","7676","NO","YES","https://www.cashall.in/api/v1/catalog/image/samsung-galaxy-tab-a9-lte"
"TABLET","Samsung","samsung","Samsung Galaxy Tab A9 Plus 5G","samsung-galaxy-tab-a9-plus-5g","128 GB","6 GB","9090","NO","YES","https://www.cashall.in/api/v1/catalog/image/samsung-galaxy-tab-a9-plus-5g"
"TABLET","Samsung","samsung","Samsung Galaxy Tab A9 Plus 5G","samsung-galaxy-tab-a9-plus-5g","128 GB","8 GB","8181","NO","YES","https://www.cashall.in/api/v1/catalog/image/samsung-galaxy-tab-a9-plus-5g"
"TABLET","Samsung","samsung","Samsung Galaxy Tab A9 Plus 5G","samsung-galaxy-tab-a9-plus-5g","64 GB","4 GB","7373","NO","YES","https://www.cashall.in/api/v1/catalog/image/samsung-galaxy-tab-a9-plus-5g"
"TABLET","Samsung","samsung","Samsung Galaxy Tab A9 Plus Wi Fi","samsung-galaxy-tab-a9-plus-wi-fi","128 GB","","7777","NO","YES","https://www.cashall.in/api/v1/catalog/image/samsung-galaxy-tab-a9-plus-wi-fi"
"TABLET","Samsung","samsung","Samsung Galaxy Tab A9 Plus Wi Fi","samsung-galaxy-tab-a9-plus-wi-fi","64 GB","","6363","NO","YES","https://www.cashall.in/api/v1/catalog/image/samsung-galaxy-tab-a9-plus-wi-fi"
"TABLET","Samsung","samsung","Samsung Galaxy Tab A9 Wifi","samsung-galaxy-tab-a9-wifi","64 GB","4 GB","6565","NO","YES","https://www.cashall.in/api/v1/catalog/image/samsung-galaxy-tab-a9-wifi"
"TABLET","Samsung","samsung","Samsung Galaxy Tab S 10.5 LTE (3 GB/16 GB)","samsung-galaxy-tab-s-105-lte-3-gb16-gb","16 GB","3 GB","3202","NO","YES","https://www.cashall.in/api/v1/catalog/image/samsung-galaxy-tab-s-105-lte-3-gb16-gb"
"TABLET","Samsung","samsung","Samsung Galaxy Tab S 8.4 LTE (3 GB/16 GB)","samsung-galaxy-tab-s-84-lte-3-gb16-gb","16 GB","3 GB","2212","NO","YES","https://www.cashall.in/api/v1/catalog/image/samsung-galaxy-tab-s-84-lte-3-gb16-gb"
"TABLET","Samsung","samsung","Samsung Galaxy Tab S 8.4 WiFi (3 GB/16 GB)","samsung-galaxy-tab-s-84-wifi-3-gb16-gb","16 GB","3 GB","2020","NO","YES","https://www.cashall.in/api/v1/catalog/image/samsung-galaxy-tab-s-84-wifi-3-gb16-gb"
"TABLET","Samsung","samsung","Samsung Galaxy Tab S10 FE 5G","samsung-galaxy-tab-s10-fe-5g","128 GB","8 GB","28785","NO","YES","https://www.cashall.in/api/v1/catalog/image/samsung-galaxy-tab-s10-fe-5g"
"TABLET","Samsung","samsung","Samsung Galaxy Tab S10 FE 5G","samsung-galaxy-tab-s10-fe-5g","256 GB","12 GB","32724","NO","YES","https://www.cashall.in/api/v1/catalog/image/samsung-galaxy-tab-s10-fe-5g"
"TABLET","Samsung","samsung","Samsung Galaxy Tab S10 FE Plus 5G","samsung-galaxy-tab-s10-fe-plus-5g","128 GB","8 GB","34845","NO","YES","https://www.cashall.in/api/v1/catalog/image/samsung-galaxy-tab-s10-fe-plus-5g"
"TABLET","Samsung","samsung","Samsung Galaxy Tab S10 FE Plus 5G","samsung-galaxy-tab-s10-fe-plus-5g","256 GB","12 GB","39895","NO","YES","https://www.cashall.in/api/v1/catalog/image/samsung-galaxy-tab-s10-fe-plus-5g"
"TABLET","Samsung","samsung","Samsung Galaxy Tab S10 FE Plus Wifi","samsung-galaxy-tab-s10-fe-plus-wifi","128 GB","8 GB","25250","NO","YES","https://www.cashall.in/api/v1/catalog/image/samsung-galaxy-tab-s10-fe-plus-wifi"
"TABLET","Samsung","samsung","Samsung Galaxy Tab S10 FE Plus Wifi","samsung-galaxy-tab-s10-fe-plus-wifi","256 GB","12 GB","27270","NO","YES","https://www.cashall.in/api/v1/catalog/image/samsung-galaxy-tab-s10-fe-plus-wifi"
"TABLET","Samsung","samsung","Samsung Galaxy Tab S10 FE Wifi","samsung-galaxy-tab-s10-fe-wifi","128 GB","8 GB","26866","NO","YES","https://www.cashall.in/api/v1/catalog/image/samsung-galaxy-tab-s10-fe-wifi"
"TABLET","Samsung","samsung","Samsung Galaxy Tab S10 FE Wifi","samsung-galaxy-tab-s10-fe-wifi","256 GB","12 GB","31310","NO","YES","https://www.cashall.in/api/v1/catalog/image/samsung-galaxy-tab-s10-fe-wifi"
"TABLET","Samsung","samsung","Samsung Galaxy Tab S10 Ultra 5G","samsung-galaxy-tab-s10-ultra-5g","256 GB","12 GB","50500","NO","YES","https://www.cashall.in/api/v1/catalog/image/samsung-galaxy-tab-s10-ultra-5g"
"TABLET","Samsung","samsung","Samsung Galaxy Tab S10 Ultra 5G","samsung-galaxy-tab-s10-ultra-5g","512 GB","12 GB","54035","NO","YES","https://www.cashall.in/api/v1/catalog/image/samsung-galaxy-tab-s10-ultra-5g"
"TABLET","Samsung","samsung","Samsung Galaxy Tab S10 Ultra WiFi","samsung-galaxy-tab-s10-ultra-wifi","256 GB","12 GB","49490","NO","YES","https://www.cashall.in/api/v1/catalog/image/samsung-galaxy-tab-s10-ultra-wifi"
"TABLET","Samsung","samsung","Samsung Galaxy Tab S10 Ultra WiFi","samsung-galaxy-tab-s10-ultra-wifi","512 GB","12 GB","53833","NO","YES","https://www.cashall.in/api/v1/catalog/image/samsung-galaxy-tab-s10-ultra-wifi"
"TABLET","Samsung","samsung","Samsung Galaxy Tab S11 5G","samsung-galaxy-tab-s11-5g","128 GB","12 GB","55550","NO","YES","https://www.cashall.in/api/v1/catalog/image/samsung-galaxy-tab-s11-5g"
"TABLET","Samsung","samsung","Samsung Galaxy Tab S11 5G","samsung-galaxy-tab-s11-5g","256 GB","12 GB","58580","NO","YES","https://www.cashall.in/api/v1/catalog/image/samsung-galaxy-tab-s11-5g"
"TABLET","Samsung","samsung","Samsung Galaxy Tab S11 5G","samsung-galaxy-tab-s11-5g","512 GB","12 GB","60600","NO","YES","https://www.cashall.in/api/v1/catalog/image/samsung-galaxy-tab-s11-5g"
"TABLET","Samsung","samsung","Samsung Galaxy Tab S11 Ultra 5G","samsung-galaxy-tab-s11-ultra-5g","256 GB","12 GB","63630","NO","YES","https://www.cashall.in/api/v1/catalog/image/samsung-galaxy-tab-s11-ultra-5g"
"TABLET","Samsung","samsung","Samsung Galaxy Tab S11 Ultra 5G","samsung-galaxy-tab-s11-ultra-5g","512 GB","12 GB","65650","NO","YES","https://www.cashall.in/api/v1/catalog/image/samsung-galaxy-tab-s11-ultra-5g"
"TABLET","Samsung","samsung","Samsung Galaxy Tab S11 WiFi","samsung-galaxy-tab-s11-wifi","128 GB","12 GB","49793","NO","YES","https://www.cashall.in/api/v1/catalog/image/samsung-galaxy-tab-s11-wifi"
"TABLET","Samsung","samsung","Samsung Galaxy Tab S11 WiFi","samsung-galaxy-tab-s11-wifi","256 GB","12 GB","51510","NO","YES","https://www.cashall.in/api/v1/catalog/image/samsung-galaxy-tab-s11-wifi"
"TABLET","Samsung","samsung","Samsung Galaxy Tab S11 WiFi","samsung-galaxy-tab-s11-wifi","512 GB","12 GB","55550","NO","YES","https://www.cashall.in/api/v1/catalog/image/samsung-galaxy-tab-s11-wifi"
"TABLET","Samsung","samsung","Samsung Galaxy Tab S2 9.7 LTE (3 GB/32 GB)","samsung-galaxy-tab-s2-97-lte-3-gb32-gb","32 GB","3 GB","2818","NO","YES","https://www.cashall.in/api/v1/catalog/image/samsung-galaxy-tab-s2-97-lte-3-gb32-gb"
"TABLET","Samsung","samsung","Samsung Galaxy Tab S3 LTE (4 GB/32 GB)","samsung-galaxy-tab-s3-lte-4-gb32-gb","32 GB","4 GB","3717","NO","YES","https://www.cashall.in/api/v1/catalog/image/samsung-galaxy-tab-s3-lte-4-gb32-gb"
"TABLET","Samsung","samsung","Samsung Galaxy Tab S4 10.5 LTE","samsung-galaxy-tab-s4-105-lte","64 GB","","8383","NO","YES","https://www.cashall.in/api/v1/catalog/image/samsung-galaxy-tab-s4-105-lte"
"TABLET","Samsung","samsung","Samsung Galaxy Tab S4 10.5 LTE (4 GB/64 GB)","samsung-galaxy-tab-s4-105-lte-4-gb64-gb","64 GB","4 GB","5737","NO","YES","https://www.cashall.in/api/v1/catalog/image/samsung-galaxy-tab-s4-105-lte-4-gb64-gb"
"TABLET","Samsung","samsung","Samsung Galaxy Tab S4 10.5 Wi Fi","samsung-galaxy-tab-s4-105-wi-fi","256 GB","","7070","NO","YES","https://www.cashall.in/api/v1/catalog/image/samsung-galaxy-tab-s4-105-wi-fi"
"TABLET","Samsung","samsung","Samsung Galaxy Tab S4 10.5 WiFi (4 GB/256 GB)","samsung-galaxy-tab-s4-105-wifi-4-gb256-gb","256 GB","4 GB","5404","NO","YES","https://www.cashall.in/api/v1/catalog/image/samsung-galaxy-tab-s4-105-wifi-4-gb256-gb"
"TABLET","Samsung","samsung","Samsung Galaxy Tab S4 10.5 WiFi (4 GB/64 GB)","samsung-galaxy-tab-s4-105-wifi-4-gb64-gb","64 GB","4 GB","5121","NO","YES","https://www.cashall.in/api/v1/catalog/image/samsung-galaxy-tab-s4-105-wifi-4-gb64-gb"
"TABLET","Samsung","samsung","Samsung Galaxy Tab S5e LTE","samsung-galaxy-tab-s5e-lte","64 GB","3 GB","7272","NO","YES","https://www.cashall.in/api/v1/catalog/image/samsung-galaxy-tab-s5e-lte"
"TABLET","Samsung","samsung","Samsung Galaxy Tab S5e LTE (4 GB/64 GB)","samsung-galaxy-tab-s5e-lte-4-gb64-gb","64 GB","4 GB","6212","NO","YES","https://www.cashall.in/api/v1/catalog/image/samsung-galaxy-tab-s5e-lte-4-gb64-gb"
"TABLET","Samsung","samsung","Samsung Galaxy Tab S5e Wi Fi","samsung-galaxy-tab-s5e-wi-fi","64 GB","3 GB","6565","NO","YES","https://www.cashall.in/api/v1/catalog/image/samsung-galaxy-tab-s5e-wi-fi"
"TABLET","Samsung","samsung","Samsung Galaxy Tab S5e WiFi (4 GB/64 GB)","samsung-galaxy-tab-s5e-wifi-4-gb64-gb","64 GB","4 GB","5737","NO","YES","https://www.cashall.in/api/v1/catalog/image/samsung-galaxy-tab-s5e-wifi-4-gb64-gb"
"TABLET","Samsung","samsung","Samsung Galaxy Tab S6 Lite LTE","samsung-galaxy-tab-s6-lite-lte","128 GB","4 GB","9696","NO","YES","https://www.cashall.in/api/v1/catalog/image/samsung-galaxy-tab-s6-lite-lte"
"TABLET","Samsung","samsung","Samsung Galaxy Tab S6 Lite LTE","samsung-galaxy-tab-s6-lite-lte","64 GB","4 GB","8686","NO","YES","https://www.cashall.in/api/v1/catalog/image/samsung-galaxy-tab-s6-lite-lte"
"TABLET","Samsung","samsung","Samsung Galaxy Tab S6 Lite LTE (4 GB/64 GB)","samsung-galaxy-tab-s6-lite-lte-4-gb64-gb","64 GB","4 GB","7656","NO","YES","https://www.cashall.in/api/v1/catalog/image/samsung-galaxy-tab-s6-lite-lte-4-gb64-gb"
"TABLET","Samsung","samsung","Samsung Galaxy Tab S6 Lite Wi Fi","samsung-galaxy-tab-s6-lite-wi-fi","128 GB","4 GB","8585","NO","YES","https://www.cashall.in/api/v1/catalog/image/samsung-galaxy-tab-s6-lite-wi-fi"
"TABLET","Samsung","samsung","Samsung Galaxy Tab S6 Lite Wi Fi","samsung-galaxy-tab-s6-lite-wi-fi","64 GB","4 GB","7676","NO","YES","https://www.cashall.in/api/v1/catalog/image/samsung-galaxy-tab-s6-lite-wi-fi"
"TABLET","Samsung","samsung","Samsung Galaxy Tab S6 Lite WiFi (4 GB/64 GB)","samsung-galaxy-tab-s6-lite-wifi-4-gb64-gb","64 GB","4 GB","6848","NO","YES","https://www.cashall.in/api/v1/catalog/image/samsung-galaxy-tab-s6-lite-wifi-4-gb64-gb"
"TABLET","Samsung","samsung","Samsung Galaxy Tab S6 LTE","samsung-galaxy-tab-s6-lte","128 GB","","10100","NO","YES","https://www.cashall.in/api/v1/catalog/image/samsung-galaxy-tab-s6-lte"
"TABLET","Samsung","samsung","Samsung Galaxy Tab S6 LTE (6 GB/128 GB)","samsung-galaxy-tab-s6-lte-6-gb128-gb","128 GB","6 GB","8838","NO","YES","https://www.cashall.in/api/v1/catalog/image/samsung-galaxy-tab-s6-lte-6-gb128-gb"
"TABLET","Samsung","samsung","Samsung Galaxy Tab S6 Wi Fi","samsung-galaxy-tab-s6-wi-fi","128 GB","","9595","NO","YES","https://www.cashall.in/api/v1/catalog/image/samsung-galaxy-tab-s6-wi-fi"
"TABLET","Samsung","samsung","Samsung Galaxy Tab S6 WiFi (6 GB/128 GB)","samsung-galaxy-tab-s6-wifi-6-gb128-gb","128 GB","6 GB","8555","NO","YES","https://www.cashall.in/api/v1/catalog/image/samsung-galaxy-tab-s6-wifi-6-gb128-gb"
"TABLET","Samsung","samsung","Samsung Galaxy Tab S7 FE LTE","samsung-galaxy-tab-s7-fe-lte","128 GB","6 GB","16665","NO","YES","https://www.cashall.in/api/v1/catalog/image/samsung-galaxy-tab-s7-fe-lte"
"TABLET","Samsung","samsung","Samsung Galaxy Tab S7 FE LTE","samsung-galaxy-tab-s7-fe-lte","64 GB","","13635","NO","YES","https://www.cashall.in/api/v1/catalog/image/samsung-galaxy-tab-s7-fe-lte"
"TABLET","Samsung","samsung","Samsung Galaxy Tab S7 FE LTE (4 GB/64 GB)","samsung-galaxy-tab-s7-fe-lte-4-gb64-gb","64 GB","4 GB","12413","NO","YES","https://www.cashall.in/api/v1/catalog/image/samsung-galaxy-tab-s7-fe-lte-4-gb64-gb"
"TABLET","Samsung","samsung","Samsung Galaxy Tab S7 FE LTE (6 GB/128 GB)","samsung-galaxy-tab-s7-fe-lte-6-gb128-gb","128 GB","6 GB","14665","NO","YES","https://www.cashall.in/api/v1/catalog/image/samsung-galaxy-tab-s7-fe-lte-6-gb128-gb"
"TABLET","Samsung","samsung","Samsung Galaxy Tab S7 FE Wi Fi","samsung-galaxy-tab-s7-fe-wi-fi","128 GB","6 GB","14140","NO","YES","https://www.cashall.in/api/v1/catalog/image/samsung-galaxy-tab-s7-fe-wi-fi"
"TABLET","Samsung","samsung","Samsung Galaxy Tab S7 FE Wi Fi","samsung-galaxy-tab-s7-fe-wi-fi","64 GB","","12120","NO","YES","https://www.cashall.in/api/v1/catalog/image/samsung-galaxy-tab-s7-fe-wi-fi"
"TABLET","Samsung","samsung","Samsung Galaxy Tab S7 FE WiFi (4 GB/64 GB)","samsung-galaxy-tab-s7-fe-wifi-4-gb64-gb","64 GB","4 GB","10252","NO","YES","https://www.cashall.in/api/v1/catalog/image/samsung-galaxy-tab-s7-fe-wifi-4-gb64-gb"
"TABLET","Samsung","samsung","Samsung Galaxy Tab S7 LTE","samsung-galaxy-tab-s7-lte","128 GB","","17170","NO","YES","https://www.cashall.in/api/v1/catalog/image/samsung-galaxy-tab-s7-lte"
"TABLET","Samsung","samsung","Samsung Galaxy Tab S7 LTE (6 GB/128 GB)","samsung-galaxy-tab-s7-lte-6-gb128-gb","128 GB","6 GB","15049","NO","YES","https://www.cashall.in/api/v1/catalog/image/samsung-galaxy-tab-s7-lte-6-gb128-gb"
"TABLET","Samsung","samsung","Samsung Galaxy Tab S7 PLUS LTE","samsung-galaxy-tab-s7-plus-lte","128 GB","","19190","NO","YES","https://www.cashall.in/api/v1/catalog/image/samsung-galaxy-tab-s7-plus-lte"
"TABLET","Samsung","samsung","Samsung Galaxy Tab S7 Plus LTE (6 GB/128 GB)","samsung-galaxy-tab-s7-plus-lte-6-gb128-gb","128 GB","6 GB","17018","NO","YES","https://www.cashall.in/api/v1/catalog/image/samsung-galaxy-tab-s7-plus-lte-6-gb128-gb"
"TABLET","Samsung","samsung","Samsung Galaxy Tab S7 PLUS Wi Fi","samsung-galaxy-tab-s7-plus-wi-fi","128 GB","4 GB","17675","NO","YES","https://www.cashall.in/api/v1/catalog/image/samsung-galaxy-tab-s7-plus-wi-fi"
"TABLET","Samsung","samsung","Samsung Galaxy Tab S7 Plus WiFi (6 GB/128 GB)","samsung-galaxy-tab-s7-plus-wifi-6-gb128-gb","128 GB","6 GB","15887","NO","YES","https://www.cashall.in/api/v1/catalog/image/samsung-galaxy-tab-s7-plus-wifi-6-gb128-gb"
"TABLET","Samsung","samsung","Samsung Galaxy Tab S7 Wi Fi","samsung-galaxy-tab-s7-wi-fi","128 GB","","14140","NO","YES","https://www.cashall.in/api/v1/catalog/image/samsung-galaxy-tab-s7-wi-fi"
"TABLET","Samsung","samsung","Samsung Galaxy Tab S7 WiFi (6 GB/128 GB)","samsung-galaxy-tab-s7-wifi-6-gb128-gb","128 GB","6 GB","12413","NO","YES","https://www.cashall.in/api/v1/catalog/image/samsung-galaxy-tab-s7-wifi-6-gb128-gb"
"TABLET","Samsung","samsung","Samsung Galaxy Tab S8 5G","samsung-galaxy-tab-s8-5g","128 GB","","22826","NO","YES","https://www.cashall.in/api/v1/catalog/image/samsung-galaxy-tab-s8-5g"
"TABLET","Samsung","samsung","Samsung Galaxy Tab S8 5G (8 GB/128 GB)","samsung-galaxy-tab-s8-5g-8-gb128-gb","128 GB","8 GB","20261","NO","YES","https://www.cashall.in/api/v1/catalog/image/samsung-galaxy-tab-s8-5g-8-gb128-gb"
"TABLET","Samsung","samsung","Samsung Galaxy Tab S8 Plus 5G","samsung-galaxy-tab-s8-plus-5g","128 GB","","28987","NO","YES","https://www.cashall.in/api/v1/catalog/image/samsung-galaxy-tab-s8-plus-5g"
"TABLET","Samsung","samsung","Samsung Galaxy Tab S8 Plus 5G (8 GB/128 GB)","samsung-galaxy-tab-s8-plus-5g-8-gb128-gb","128 GB","8 GB","25997","NO","YES","https://www.cashall.in/api/v1/catalog/image/samsung-galaxy-tab-s8-plus-5g-8-gb128-gb"
"TABLET","Samsung","samsung","Samsung Galaxy Tab S8 Plus WiFi","samsung-galaxy-tab-s8-plus-wifi","128 GB","","25149","NO","YES","https://www.cashall.in/api/v1/catalog/image/samsung-galaxy-tab-s8-plus-wifi"
"TABLET","Samsung","samsung","Samsung Galaxy Tab S8 Plus WiFi Only (8 GB/128 GB)","samsung-galaxy-tab-s8-plus-wifi-only-8-gb128-gb","128 GB","8 GB","22705","NO","YES","https://www.cashall.in/api/v1/catalog/image/samsung-galaxy-tab-s8-plus-wifi-only-8-gb128-gb"
"TABLET","Samsung","samsung","Samsung Galaxy Tab S8 Ultra 5G","samsung-galaxy-tab-s8-ultra-5g","256 GB","12 GB","38582","NO","YES","https://www.cashall.in/api/v1/catalog/image/samsung-galaxy-tab-s8-ultra-5g"
"TABLET","Samsung","samsung","Samsung Galaxy Tab S8 Ultra 5G (12 GB/256 GB)","samsung-galaxy-tab-s8-ultra-5g-12-gb256-gb","256 GB","12 GB","34835","NO","YES","https://www.cashall.in/api/v1/catalog/image/samsung-galaxy-tab-s8-ultra-5g-12-gb256-gb"
"TABLET","Samsung","samsung","Samsung Galaxy Tab S8 Ultra Wi Fi","samsung-galaxy-tab-s8-ultra-wi-fi","128 GB","","33330","NO","YES","https://www.cashall.in/api/v1/catalog/image/samsung-galaxy-tab-s8-ultra-wi-fi"
"TABLET","Samsung","samsung","Samsung Galaxy Tab S8 Ultra Wifi","samsung-galaxy-tab-s8-ultra-wifi","256 GB","12 GB","35754","NO","YES","https://www.cashall.in/api/v1/catalog/image/samsung-galaxy-tab-s8-ultra-wifi"
"TABLET","Samsung","samsung","Samsung Galaxy Tab S8 Ultra WiFi (12 GB/256 GB)","samsung-galaxy-tab-s8-ultra-wifi-12-gb256-gb","256 GB","12 GB","32108","NO","YES","https://www.cashall.in/api/v1/catalog/image/samsung-galaxy-tab-s8-ultra-wifi-12-gb256-gb"
"TABLET","Samsung","samsung","Samsung Galaxy Tab S8 WiFi","samsung-galaxy-tab-s8-wifi","128 GB","8 GB","19695","NO","YES","https://www.cashall.in/api/v1/catalog/image/samsung-galaxy-tab-s8-wifi"
"TABLET","Samsung","samsung","Samsung Galaxy Tab S8 WiFi Only (8 GB/128 GB)","samsung-galaxy-tab-s8-wifi-only-8-gb128-gb","128 GB","8 GB","17624","NO","YES","https://www.cashall.in/api/v1/catalog/image/samsung-galaxy-tab-s8-wifi-only-8-gb128-gb"
"TABLET","Samsung","samsung","Samsung Galaxy Tab S9 5G","samsung-galaxy-tab-s9-5g","128 GB","","31815","YES","YES","https://www.cashall.in/api/v1/catalog/image/samsung-galaxy-tab-s9-5g"
"TABLET","Samsung","samsung","Samsung Galaxy Tab S9 5G","samsung-galaxy-tab-s9-5g","256 GB","","38380","YES","YES","https://www.cashall.in/api/v1/catalog/image/samsung-galaxy-tab-s9-5g"
"TABLET","Samsung","samsung","Samsung Galaxy Tab S9 FE 5G","samsung-galaxy-tab-s9-fe-5g","128 GB","6 GB","15655","YES","YES","https://www.cashall.in/api/v1/catalog/image/samsung-galaxy-tab-s9-fe-5g"
"TABLET","Samsung","samsung","Samsung Galaxy Tab S9 FE 5G","samsung-galaxy-tab-s9-fe-5g","256 GB","8 GB","21210","YES","YES","https://www.cashall.in/api/v1/catalog/image/samsung-galaxy-tab-s9-fe-5g"
"TABLET","Samsung","samsung","Samsung Galaxy Tab S9 FE Plus 5G","samsung-galaxy-tab-s9-fe-plus-5g","128 GB","8 GB","16665","YES","YES","https://www.cashall.in/api/v1/catalog/image/samsung-galaxy-tab-s9-fe-plus-5g"
"TABLET","Samsung","samsung","Samsung Galaxy Tab S9 FE Plus 5G","samsung-galaxy-tab-s9-fe-plus-5g","256 GB","12 GB","24240","YES","YES","https://www.cashall.in/api/v1/catalog/image/samsung-galaxy-tab-s9-fe-plus-5g"
"TABLET","Samsung","samsung","Samsung Galaxy Tab S9 FE Plus Wifi","samsung-galaxy-tab-s9-fe-plus-wifi","128 GB","8 GB","14645","YES","YES","https://www.cashall.in/api/v1/catalog/image/samsung-galaxy-tab-s9-fe-plus-wifi"
"TABLET","Samsung","samsung","Samsung Galaxy Tab S9 FE Plus Wifi","samsung-galaxy-tab-s9-fe-plus-wifi","256 GB","12 GB","20200","YES","YES","https://www.cashall.in/api/v1/catalog/image/samsung-galaxy-tab-s9-fe-plus-wifi"
"TABLET","Samsung","samsung","Samsung Galaxy Tab S9 FE WiFi Only","samsung-galaxy-tab-s9-fe-wifi-only","128 GB","6 GB","14241","YES","YES","https://www.cashall.in/api/v1/catalog/image/samsung-galaxy-tab-s9-fe-wifi-only"
"TABLET","Samsung","samsung","Samsung Galaxy Tab S9 FE WiFi Only","samsung-galaxy-tab-s9-fe-wifi-only","256 GB","8 GB","18180","YES","YES","https://www.cashall.in/api/v1/catalog/image/samsung-galaxy-tab-s9-fe-wifi-only"
"TABLET","Samsung","samsung","Samsung Galaxy Tab S9 Plus 5G","samsung-galaxy-tab-s9-plus-5g","256 GB","12 GB","38885","YES","YES","https://www.cashall.in/api/v1/catalog/image/samsung-galaxy-tab-s9-plus-5g"
"TABLET","Samsung","samsung","Samsung Galaxy Tab S9 Plus Wifi","samsung-galaxy-tab-s9-plus-wifi","256 GB","12 GB","28280","YES","YES","https://www.cashall.in/api/v1/catalog/image/samsung-galaxy-tab-s9-plus-wifi"
"TABLET","Samsung","samsung","Samsung Galaxy Tab S9 Ultra 5G","samsung-galaxy-tab-s9-ultra-5g","512 GB","","56055","YES","YES","https://www.cashall.in/api/v1/catalog/image/samsung-galaxy-tab-s9-ultra-5g"
"TABLET","Samsung","samsung","Samsung Galaxy Tab S9 Ultra Wifi","samsung-galaxy-tab-s9-ultra-wifi","256 GB","12 GB","48985","YES","YES","https://www.cashall.in/api/v1/catalog/image/samsung-galaxy-tab-s9-ultra-wifi"
"TABLET","Samsung","samsung","Samsung Galaxy Tab S9 Ultra Wifi","samsung-galaxy-tab-s9-ultra-wifi","512 GB","12 GB","50197","YES","YES","https://www.cashall.in/api/v1/catalog/image/samsung-galaxy-tab-s9-ultra-wifi"
"TABLET","Samsung","samsung","Samsung Galaxy Tab S9 WiFi","samsung-galaxy-tab-s9-wifi","128 GB","8 GB","20806","YES","YES","https://www.cashall.in/api/v1/catalog/image/samsung-galaxy-tab-s9-wifi"
"TABLET","Samsung","samsung","Samsung Galaxy Tab S9 WiFi","samsung-galaxy-tab-s9-wifi","256 GB","12 GB","27977","YES","YES","https://www.cashall.in/api/v1/catalog/image/samsung-galaxy-tab-s9-wifi"
"TABLET","Xiaomi","xiaomi","Xiaomi Pad 5 Wifi Only","xiaomi-pad-5-wifi-only","128 GB","6 GB","7524","NO","YES","https://www.cashall.in/api/v1/catalog/image/xiaomi-pad-5-wifi-only"
"TABLET","Xiaomi","xiaomi","Xiaomi Pad 5 Wifi Only","xiaomi-pad-5-wifi-only","256 GB","6 GB","8282","NO","YES","https://www.cashall.in/api/v1/catalog/image/xiaomi-pad-5-wifi-only"
"TABLET","Xiaomi","xiaomi","Xiaomi Pad 6 (6 GB/128 GB)","xiaomi-pad-6-6-gb128-gb","128 GB","6 GB","9221","NO","YES","https://www.cashall.in/api/v1/catalog/image/xiaomi-pad-6-6-gb128-gb"
"TABLET","Xiaomi","xiaomi","Xiaomi Pad 6 (8 GB/256 GB)","xiaomi-pad-6-8-gb256-gb","256 GB","8 GB","10060","NO","YES","https://www.cashall.in/api/v1/catalog/image/xiaomi-pad-6-8-gb256-gb"
"TABLET","Xiaomi","xiaomi","Xiaomi Pad 7","xiaomi-pad-7","128 GB","8 GB","13544","NO","YES","https://www.cashall.in/api/v1/catalog/image/xiaomi-pad-7"
"TABLET","Xiaomi","xiaomi","Xiaomi Pad 7","xiaomi-pad-7","256 GB","12 GB","14766","NO","YES","https://www.cashall.in/api/v1/catalog/image/xiaomi-pad-7"
"TABLET","Xiaomi","xiaomi","Xiaomi Redmi Pad (3 GB/64 GB)","xiaomi-redmi-pad-3-gb64-gb","64 GB","3 GB","5171","NO","YES","https://www.cashall.in/api/v1/catalog/image/xiaomi-redmi-pad-3-gb64-gb"
"TABLET","Xiaomi","xiaomi","Xiaomi Redmi Pad (4 GB/128 GB)","xiaomi-redmi-pad-4-gb128-gb","128 GB","4 GB","5929","NO","YES","https://www.cashall.in/api/v1/catalog/image/xiaomi-redmi-pad-4-gb128-gb"
"TABLET","Xiaomi","xiaomi","Xiaomi Redmi Pad (6 GB/128 GB)","xiaomi-redmi-pad-6-gb128-gb","128 GB","6 GB","6494","NO","YES","https://www.cashall.in/api/v1/catalog/image/xiaomi-redmi-pad-6-gb128-gb"
"TABLET","Xiaomi","xiaomi","Xiaomi Redmi Pad 2 Pro 5G","xiaomi-redmi-pad-2-pro-5g","128 GB","8 GB","16312","NO","YES","https://www.cashall.in/api/v1/catalog/image/xiaomi-redmi-pad-2-pro-5g"
"TABLET","Xiaomi","xiaomi","Xiaomi Redmi Pad 2 Pro 5G","xiaomi-redmi-pad-2-pro-5g","256 GB","8 GB","17463","NO","YES","https://www.cashall.in/api/v1/catalog/image/xiaomi-redmi-pad-2-pro-5g"
"TABLET","Xiaomi","xiaomi","Xiaomi Redmi Pad 2 Pro Wi-Fi Only (8 GB/128 GB)","xiaomi-redmi-pad-2-pro-wi-fi-only-8-gb128-gb","128 GB","8 GB","14584","NO","YES","https://www.cashall.in/api/v1/catalog/image/xiaomi-redmi-pad-2-pro-wi-fi-only-8-gb128-gb"
"TABLET","Xiaomi","xiaomi","Xiaomi Redmi Pad 2 WiFi + Cellular","xiaomi-redmi-pad-2-wifi-cellular","128 GB","6 GB","9979","NO","YES","https://www.cashall.in/api/v1/catalog/image/xiaomi-redmi-pad-2-wifi-cellular"
"TABLET","Xiaomi","xiaomi","Xiaomi Redmi Pad 2 WiFi + Cellular","xiaomi-redmi-pad-2-wifi-cellular","256 GB","8 GB","11130","NO","YES","https://www.cashall.in/api/v1/catalog/image/xiaomi-redmi-pad-2-wifi-cellular"
"TABLET","Xiaomi","xiaomi","Xiaomi Redmi Pad 2 WiFi Only (4 GB/128 GB)","xiaomi-redmi-pad-2-wifi-only-4-gb128-gb","128 GB","4 GB","8827","NO","YES","https://www.cashall.in/api/v1/catalog/image/xiaomi-redmi-pad-2-wifi-only-4-gb128-gb"
"TABLET","Xiaomi","xiaomi","Xiaomi Redmi Pad Pro 5G (8 GB/128 GB)","xiaomi-redmi-pad-pro-5g-8-gb128-gb","128 GB","8 GB","9403","NO","YES","https://www.cashall.in/api/v1/catalog/image/xiaomi-redmi-pad-pro-5g-8-gb128-gb"
"TABLET","Xiaomi","xiaomi","Xiaomi Redmi Pad Pro 5G (8 GB/256 GB)","xiaomi-redmi-pad-pro-5g-8-gb256-gb","256 GB","8 GB","10070","NO","YES","https://www.cashall.in/api/v1/catalog/image/xiaomi-redmi-pad-pro-5g-8-gb256-gb"
"TABLET","Xiaomi","xiaomi","Xiaomi Redmi Pad Pro WIFi Only (6 GB/128 GB)","xiaomi-redmi-pad-pro-wifi-only-6-gb128-gb","128 GB","6 GB","7343","NO","YES","https://www.cashall.in/api/v1/catalog/image/xiaomi-redmi-pad-pro-wifi-only-6-gb128-gb"
"TABLET","Xiaomi","xiaomi","Xiaomi Redmi Pad SE 4G","xiaomi-redmi-pad-se-4g","128 GB","4 GB","5363","NO","YES","https://www.cashall.in/api/v1/catalog/image/xiaomi-redmi-pad-se-4g"
"TABLET","Xiaomi","xiaomi","Xiaomi Redmi Pad SE 4G","xiaomi-redmi-pad-se-4g","64 GB","4 GB","4798","NO","YES","https://www.cashall.in/api/v1/catalog/image/xiaomi-redmi-pad-se-4g"
"TABLET","Xiaomi","xiaomi","Xiaomi Redmi Pad SE WiFi Only","xiaomi-redmi-pad-se-wifi-only","128 GB","4 GB","5272","NO","YES","https://www.cashall.in/api/v1/catalog/image/xiaomi-redmi-pad-se-wifi-only"
"TABLET","Xiaomi","xiaomi","Xiaomi Redmi Pad SE WiFi Only","xiaomi-redmi-pad-se-wifi-only","128 GB","6 GB","5737","NO","YES","https://www.cashall.in/api/v1/catalog/image/xiaomi-redmi-pad-se-wifi-only"
"TABLET","Xiaomi","xiaomi","Xiaomi Redmi Pad SE WiFi Only","xiaomi-redmi-pad-se-wifi-only","128 GB","8 GB","6020","NO","YES","https://www.cashall.in/api/v1/catalog/image/xiaomi-redmi-pad-se-wifi-only"